010201202120102012021
010201210120102012101
010210121020102101210
010212021020102120210
012010201210120102012
012021201020120212010
012021201210120212012
012101201020121012010
012101202120121012021
012102010210121020102
012102120210121021202
020102101210201021012
020102120210201021202
020120212010201202120
020121012010201210120
021012102010210121020
021012102120210121021
021020102120210201021
021201020120212010201
021201210120212012101
021202101210212021012
021202102010212021020
101201020121012010201
101202120121012021201
101210201021012102010
101210212021012102120
102010210121020102101
102010212021020102120
102012021201020120212
102012101201020121012
102101210201021012102
102120210121021202101
102120210201021202102
120102012021201020120
120102012101201020121
120121012021201210120
120210121021202101210
120210201021202102010
120212010201202120102
120212012101202120121
121012010201210120102
121012021201210120212
121020102101210201021
121021202101210212021
201020120212010201202
201020121012010201210
201021012102010210121
201021202102010212021
201202120102012021201
201210120102012101201
201210120212012101202
202101210212021012102
202102010212021020102
202120102012021201020
202120121012021201210
210120102012101201020
210120212012101202120
210121020102101210201
210121021202101210212
210201021012102010210
210201021202102010212
210212021012102120210
212010201202120102012
212012101202120121012
212021012102120210121
212021020102120210201
010201202101210201021201020120210121020102
010201202120102012101201020120212010201210
010201202120121012021201020120212012101202
010201210120102012021201020121012010201202
010201210120210121021201020121012021012102
010201210120210201021201020121012021020102
010201210120212012101201020121012021201210
010201210201021012021201020121020102101202
010201210201021202101201020121020102120210
010201210212021012021201020121021202101202
010210120102120121021201021012010212012102
010210120210201202101201021012021020120210
010210120212010201210201021012021201020121
010210121020102120210201021012102010212021
010210121020121012021201021012102012101202
010210121021202101210201021012102120210121
010212010201202101210201021201020120210121
010212010201210120210201021201020121012021
010212012101202101210201021201210120210121
010212012102120102101201021201210212010210
010212021012010201210201021202101201020121
010212021012021201210201021202101202120121
010212021012102012021201021202101210201202
010212021012102012101201021202101210201210
010212021012102120210201021202101210212021
010212021020102101210201021202102010210121
010212021020121012021201021202102012101202
012010201202120102012101201020120212010201
012010201210120212012101201020121012021201
012010201210201021202101201020121020102120
012010210120210201202101201021012021020120
012010212012102120102101201021201210212010
012010212021012102012101201021202101210201
012021012010210120210201202101201021012021
012021012102010212010201202101210201021201
012021012102010212012101202101210201021201
012021012102120102012101202101210212010201
012021020102120102012101202102010212010201
012021020120210120102101202102012021012010
012021020121021201210201202102012102120121
012021201020120212012101202120102012021201
012021201020121012010201202120102012101201
012021201020121020102101202120102012102010
012021201020121021202101202120102012102120
012021201021012102012101202120102101210201
012021201021202101210201202120102120210121
012021201021202102012101202120102120210201
012021201210120102012101202120121012010201
012021201210120212010201202120121012021201
012021201210201021202101202120121020102120
012101201020120212010201210120102012021201
012101201020121012021201210120102012101202
012101201021202101210201210120102120210121
012101202101210201021201210120210121020102
012101202101210212010201210120210121021201
012101202102010212010201210120210201021201
012101202120102012021201210120212010201202
012101202120102101210201210120212010210121
012101202120102120210201210120212010212021
012101202120121012010201210120212012101201
012102010210120212010201210201021012021201
012102010210121021202101210201021012102120
012102010212010201202101210201021201020120
012102010212012101202101210201021201210120
012102010212021012010201210201021202101201
012102010212021012021201210201021202101202
012102010212021020102101210201021202102010
012102012021020121021201210201202102012102
012102012021201021202101210201202120102120
012102012101201021202101210201210120102120
012102012101202120102101210201210120212010
012102120102012101202101210212010201210120
012102120102101201021201210212010210120102
012102120121020120210201210212012102012021
012102120210120212010201210212021012021201
012102120210121020102101210212021012102010
012102120210201021202101210212021020102120
020102101202120102012102010210120212010201
020102101210201021202102010210121020102120
020102101210212021012102010210121021202101
020102120102012021012102010212010201202101
020102120102012101202102010212010201210120
020102120121012021012102010212012101202101
020102120210120102012102010212021012010201
020102120210120212012102010212021012021201
020102120210121021202102010212021012102120
020102120210201021012102010212021020102101
020120210120102101202102012021012010210120
020120210121020102120102012021012102010212
020120210201210212012102012021020121021201
020120212010201210120102012021201020121012
020120212010212021012102012021201021202101
020120212012101202120102012021201210120212
020121012010201202120102012101201020120212
020121012010212021012102012101201021202101
020121012021012102120102012101202101210212
020121012021020102120102012101202102010212
020121012021201021012102012101202120102101
020121012021201021202102012101202120102120
020121012021201210120102012101202120121012
020121020102101202120102012102010210120212
020121020102120210120102012102010212021012
020121021201210201202102012102120121020120
020121021202101202120102012102120210120212
021012010201210201021202101201020121020102
021012010210120210201202101201021012021020
021012010212012102120102101201021201210212
021012021020120210120102101202102012021012
021012021201020121020102101202120102012102
021012021201020121021202101202120102012102
021012021201210201021202101202120121020102
021012102010210121021202101210201021012102
021012102010212010201202101210201021201020
021012102010212012101202101210201021201210
021012102010212021020102101210201021202102
021012102012021201021202101210201202120102
021012102012101201021202101210201210120102
021012102012101202120102101210201210120212
021012102120102012101202101210212010201210
021012102120210121020102101210212021012102
021012102120210201021202101210212021020102
021020102101210201021202102010210121020102
021020102120102012101202102010212010201210
021020102120210121021202102010212021012102
021020120210120102101202102012021012010210
021020121012021201021202102012101202120102
021020121021201210201202102012102120121020
021201020120210121020102120102012021012102
021201020120212012101202120102012021201210
021201020121012010201202120102012101201020
021201020121012021012102120102012101202101
021201020121012021020102120102012101202102
021201020121020102101202120102012102010210
021201020121021202101202120102012102120210
021201021012010212012102120102101201021201
021201021012102012101202120102101210201210
021201021202101210201202120102120210121020
021201021202102012101202120102120210201210
021201210120102012101202120121012010201210
021201210120210121020102120121012021012102
021201210120212010201202120121012021201020
021201210201021202101202120121020102120210
021201210201202102012102120121020120210201
021201210212010210120102120121021201021012
021202101201020121020102120210120102012102
021202101202120102012102120210120212010201
021202101202120121020102120210120212012102
021202101210201021012102120210121020102101
021202101210201202120102120210121020120212
021202101210201210120102120210121020121012
021202101210212021020102120210121021202102
021202102010210121020102120210201021012102
021202102010212021012102120210201021202101
021202102012101202120102120210201210120212
101201020120212010201210120102012021201020
101201020121012021201210120102012101202120
101201020121020102120210120102012102010212
101201021012021020120210120102101202102012
101201021201210212010210120102120121021201
101201021202101210201210120102120210121020
101202101210201021201210120210121020102120
101202101210212010201210120210121021201020
101202102010212010201210120210201021201020
101202102012021012010210120210201202101201
101202120102012021201210120212010201202120
101202120102012102010210120212010201210201
101202120102012102120210120212010201210212
101202120102101210201210120212010210121020
101202120102120210201210120212010212021020
101202120121012010201210120212012101201020
101202120121020102120210120212012102010212
101210201021012102120210121020102101210212
101210201021201020120210121020102120102012
101210201021201210120210121020102120121012
101210201021202102010210121020102120210201
101210201202120102120210121020120212010212
101210201210120102120210121020121012010212
101210201210120212010210121020121012021201
101210212010201210120210121021201020121012
101210212021012102010210121021202101210201
101210212021020102120210121021202102010212
102010210120212010201210201021012021201020
102010210121020102120210201021012102010212
102010210121021202101210201021012102120210
102010212010201202101210201021201020120210
102010212010201210120210201021201020121012
102010212012101202101210201021201210120210
102010212021012010201210201021202101201020
102010212021012021201210201021202101202120
102010212021012102120210201021202101210212
102010212021020102101210201021202102010210
102012021012010210120210201202101201021012
102012021012102010212010201202101210201021
102012021020121021201210201202102012102120
102012021201020121012010201202120102012101
102012021201021202101210201202120102120210
102012021201210120212010201202120121012021
102012101201020120212010201210120102012021
102012101201021202101210201210120102120210
102012101202101210212010201210120210121021
102012101202102010212010201210120210201021
102012101202120102101210201210120212010210
102012101202120102120210201210120212010212
102012101202120121012010201210120212012101
102012102010210120212010201210201021012021
102012102010212021012010201210201021202101
102012102120121020120210201210212012102012
102012102120210120212010201210212021012021
102101201021201210212010210120102120121021
102101202102012021012010210120210201202101
102101202120102012102010210120212010201210
102101210201021202102010210121020102120210
102101210201210120212010210121020121012021
102101210212021012102010210121021202101210
102120102012021012102010212010201202101210
102120102012101202101210212010201210120210
102120102012101202102010212010201210120210
102120102101201021201210212010210120102120
102120121012021012102010212012101202101210
102120121020120210201210212012102012021020
102120121021201021012010212012102120102101
102120210120102012102010212021012010201210
102120210120212010201210212021012021201020
102120210120212012102010212021012021201210
102120210121020102101210212021012102010210
102120210121020120212010212021012102012021
102120210121020121012010212021012102012101
102120210121021202102010212021012102120210
102120210201021012102010212021020102101210
102120210201021202101210212021020102120210
102120210201210120212010212021020121012021
120102012021012102010212010201202101210201
120102012021201020121012010201202120102012
120102012021201210120212010201202120121012
120102012101201020120212010201210120102012
120102012101202101210212010201210120210121
120102012101202102010212010201210120210201
120102012101202120121012010201210120212012
120102012102010210120212010201210201021012
120102012102010212021012010201210201021202
120102012102120210120212010201210212021012
120102101201021201210212010210120102120121
120102101202102012021012010210120210201202
120102101210201210120212010210121020121012
120102120121021201021012010212012102120102
120102120210121020120212010212021012102012
120102120210121020121012010212021012102012
120102120210201210120212010212021020121012
120121012010201210120212012101201020121012
120121012021012102010212012101202101210201
120121012021201020120212012101202120102012
120121020102120210120212012102010212021012
120121020120210201210212012102012021020121
120121021201021012010212012102120102101201
120210120102012102010212021012010201210201
120210120102101202102012021012010210120210
120210120212010201210212021012021201020121
120210120212012102010212021012021201210201
120210121020102101210212021012102010210121
120210121020102120102012021012102010212010
120210121020102120121012021012102010212012
120210121020120212010212021012102012021201
120210121020121012010212021012102012101201
120210121021201020121012021012102120102012
120210121021202102010212021012102120210201
120210201021012102010212021020102101210201
120210201021201020121012021020102120102012
120210201021202101210212021020102120210121
120210201202101201021012021020120210120102
120210201210120212010212021020121012021201
120210201210212012102012021020121021201210
120212010201202120121012021201020120212012
120212010201210120102012021201020121012010
120212010201210201021012021201020121020102
120212010201210212021012021201020121021202
120212010210121020121012021201021012102012
120212010212021012102012021201021202101210
120212010212021020121012021201021202102012
120212012101201020121012021201210120102012
120212012101202120102012021201210120212010
120212012102010212021012021201210201021202
121012010201202120102012101201020120212010
121012010201210120212012101201020121012021
121012010212021012102012101201021202101210
121012021012102010212012101202101210201021
121012021012102120102012101202101210212010
121012021020102120102012101202102010212010
121012021201020120212012101202120102012021
121012021201021012102012101202120102101210
121012021201021202102012101202120102120210
121012021201210120102012101202120121012010
121020102101202120102012102010210120212010
121020102101210212021012102010210121021202
121020102120102012021012102010212010201202
121020102120121012021012102010212012101202
121020102120210120102012102010212021012010
121020102120210120212012102010212021012021
121020102120210201021012102010212021020102
121020120210201210212012102012021020121021
121020120212010212021012102012021201021202
121020121012010212021012102012101201021202
121020121012021201021012102012101202120102
121021201020121012021012102120102012101202
121021201021012010212012102120102101201021
121021201210201202102012102120121020120210
121021202101202120102012102120210120212010
121021202101210201021012102120210121020102
121021202102010212021012102120210201021202
201020120210121020102120102012021012102010
201020120212010201210120102012021201020121
201020120212012101202120102012021201210120
201020121012010201202120102012101201020120
201020121012021012102120102012101202101210
201020121012021020102120102012101202102010
201020121012021201210120102012101202120121
201020121020102101202120102012102010210120
201020121020102120210120102012102010212021
201020121021202101202120102012102120210120
201021012010212012102120102101201021201210
201021012021020120210120102101202102012021
201021012021201020121020102101202120102012
201021012102010212021020102101210201021202
201021012102012101202120102101210201210120
201021012102120210121020102101210212021012
201021201020120210121020102120102012021012
201021201020121012021020102120102012101202
201021201210120210121020102120121012021012
201021201210212010210120102120121021201021
201021202101201020121020102120210120102012
201021202101202120121020102120210120212012
201021202101210201202120102120210121020120
201021202101210201210120102120210121020121
201021202101210212021020102120210121021202
201021202102010210121020102120210201021012
201021202102012101202120102120210201210120
201202101201021012021020120210120102101202
201202101210201021201020120210121020102120
201202102012102120121020120210201210212012
201202120102012101201020120212010201210120
201202120102120210121020120212010212021012
201202120121012021201020120212012101202120
201210120102012021201020121012010201202120
201210120102012101202120121012010201210120
201210120102120210121020121012010212021012
201210120210121020102120121012021012102010
201210120210121021201020121012021012102120
201210120210201021201020121012021020102120
201210120212010201202120121012021201020120
201210120212010210121020121012021201021012
201210120212010212021020121012021201021202
201210120212012101201020121012021201210120
201210201021012021201020121020102101202120
201210201021202101201020121020102120210120
201210201021202101202120121020102120210120
201210201202102012102120121020120210201210
201210212010210120102120121021201021012010
201210212012102012021020121021201210201202
201210212021012021201020121021202101202120
202101201020121020102120210120102012102010
202101201021012021020120210120102101202102
202101202120102012102120210120212010201210
202101202120121020102120210120212012102010
202101210201021012102120210121020102101210
202101210201021201020120210121020102120102
202101210201021201210120210121020102120121
202101210201202120102120210121020120212010
202101210201210120102120210121020121012010
202101210212010201210120210121021201020121
202101210212021020102120210121021202102010
202102010210121020102120210201021012102010
202102010212010201210120210201021201020121
202102010212021012102120210201021202101210
202102012021012010210120210201202101201021
202102012101202120102120210201210120212010
202102012102120121020120210201210212012102
202120102012021201210120212010201202120121
202120102012101201020120212010201210120102
202120102012102010210120212010201210201021
202120102012102120210120212010201210212021
202120102101210201210120212010210121020121
202120102120210121020120212010212021012102
202120102120210201210120212010212021020121
202120121012010201210120212012101201020121
202120121012021201020120212012101202120102
202120121020102120210120212012102010212021
210120102012021201020121012010201202120102
210120102012101202120121012010201210120212
210120102012102010212021012010201210201021
210120102101202102012021012010210120210201
210120102120121021201021012010212012102120
210120102120210121020121012010212021012102
210120210121020102120121012021012102010212
210120210121021201020121012021012102120102
210120210201021201020121012021020102120102
210120210201202101201021012021020120210120
210120212010201202120121012021201020120212
210120212010201210201021012021201020121020
210120212010201210212021012021201020121021
210120212010210121020121012021201021012102
210120212010212021020121012021201021202102
210120212012101201020121012021201210120102
210120212012102010212021012021201210201021
210121020102101210212021012102010210121021
210121020102120102012021012102010212010201
210121020102120121012021012102010212012101
210121020102120210201021012102010212021020
210121020120212010212021012102012021201021
210121020121012010212021012102012101201021
210121020121012021201021012102012101202120
210121021201020121012021012102120102012101
210121021202101210201021012102120210121020
210121021202102010212021012102120210201021
210201021012021201020121020102101202120102
210201021012102010212021020102101210201021
210201021012102120210121020102101210212021
210201021201020120210121020102120102012021
210201021201020121012021020102120102012101
210201021201210120210121020102120121012021
210201021202101201020121020102120210120102
210201021202101202120121020102120210120212
210201021202101210212021020102120210121021
210201021202102010210121020102120210201021
210201202101201021012021020120210120102101
210201202102012102120121020120210201210212
210201202120102120210121020120212010212021
210201210120102120210121020121012010212021
210201210120212010210121020121012021201021
210201210120212010212021020121012021201021
210201210212012102012021020121021201210201
210212010201210120210121021201020121012021
210212010210120102120121021201021012010212
210212012102012021020121021201210201202102
210212021012021201020121021202101202120102
210212021012102010210121021202101210201021
210212021020102120210121021202102010212021
212010201202101210201021201020120210121020
212010201202120121012021201020120212012101
212010201210120102012021201020121012010201
212010201210120210121021201020121012021012
212010201210120210201021201020121012021020
212010201210201021012021201020121020102101
212010201210212021012021201020121021202101
212010210120102120121021201021012010212012
212010210121020121012021201021012102012101
212010212021012102012021201021202101210201
212010212021020121012021201021202102012101
212012101201020121012021201210120102012101
212012101202101210201021201210120210121020
212012101202120102012021201210120212010201
212012102010212021012021201210201021202101
212012102012021020121021201210201202102012
212012102120102101201021201210212010210120
212021012010201210201021202101201020121020
212021012021201020121021202101202120102012
212021012021201210201021202101202120121020
212021012102010210121021202101210201021012
212021012102012021201021202101210201202120
212021012102012101201021202101210201210120
212021012102120210201021202101210212021020
212021020102101210201021202102010210121020
212021020102120210121021202102010212021012
212021020121012021201021202102012101202120
010201202101201021012021020120212010201202101201021012021020120
010201202101201021012021020121012010201202101201021012021020121
010201202101201021012021201210212010201202101201021012021201210
010201202101201021012102120121012010201202101201021012102120121
010201202101201021201210201021012010201202101201021201210201021
010201202101210201021201020121012010201202101210201021201020121
010201202101210201021201210120212010201202101210201021201210120
010201202101210201021202101210212010201202101210201021202101210
010201202101210212010201210120212010201202101210212010201210120
010201202102010210120102120121012010201202102010210120102120121
010201202102010210120210201210212010201202102010210120210201210
010201202102010210121021201021012010201202102010210121021201021
010201202102010212010201210120212010201202102010212010201210120
010201202102010212012102012021012010201202102010212012102012021
010201202102010212021012102010212010201202102010212021012102010
010201202102012101201021201210212010201202102012101201021201210
010201202102012102120121020120212010201202102012102120121020120
010201202102012102120210201021012010201202102012102120210201021
010201202120102012101202120121012010201202120102012101202120121
010201202120102012102010212021012010201202120102012102010212021
010201202120102101201021201210212010201202120102101201021201210
010201202120102101202102012021012010201202120102101202102012021
010201202120102120210121020121012010201202120102120210121020121
010201202120121012010201210120212010201202120121012010201210120
010201202120121012021012102010212010201202120121012021012102010
010201202120121012021201020121012010201202120121012021201020121
010201202120121020102120210120212010201202120121020102120210120
010201202120121020120210201021012010201202120121020120210201021
010201202120121020120210201210212010201202120121020120210201210
010201202120121021202102012021012010201202120121021202102012021
010201210120102012021012102010212010201210120102012021012102010
010201210120102012021201210120212010201210120102012021201210120
010201210120102101202102012021012010201210120102101202102012021
010201210120102101210201210120212010201210120102101210201210120
010201210120102120121021201021012010201210120102120121021201021
010201210120102120210121020120212010201210120102120210121020120
010201210120102120210201210120212010201210120102120210201210120
010201210120210121020102101210212010201210120210121020102101210
010201210120210121020102120121012010201210120210121020102120121
010201210120210121021201210120212010201210120210121021201210120
010201210120210121021202102010212010201210120210121021202102010
010201210120210201021012102010212010201210120210201021012102010
010201210120210201021201210120212010201210120210201021201210120
010201210120210201021202101210212010201210120210201021202101210
010201210120212010201202101210212010201210120212010201202101210
010201210120212010201202102010212010201210120212010201202102010
010201210120212010201202120121012010201210120212010201202120121
010201210120212010201210201021012010201210120212010201210201021
010201210120212010201210212021012010201210120212010201210212021
010201210120212010210121020120212010201210120212010210121020120
010201210120212010212021020120212010201210120212010212021020120
010201210120212012101201020120212010201210120212012101201020120
010201210120212012102010210120212010201210120212012102010210120
010201210120212012102010212021012010201210120212012102010212021
010201210120212012102120210120212010201210120212012102120210120
010201210201021012010201210120212010201210201021012010201210120
010201210201021012102120210120212010201210201021012102120210120
010201210201021202101201020120212010201210201021202101201020120
010201210201021202101202120121012010201210201021202101202120121
010201210201021202101210201021012010201210201021202101210201021
010201210201021202102010210120212010201210201021202102010210120
010201210212010210120102120121012010201210212010210120102120121
010201210212010210120210201021012010201210212010210120210201021
010201210212012101202102012021012010201210212012101202102012021
010201210212012102012021020121012010201210212012102012021020121
010201210212012102012021201021012010201210212012102012021201021
010201210212021012010201210120212010201210212021012010201210120
010201210212021012102010210120212010201210212021012102010210120
010201210212021012102010212021012010201210212021012102010212021
010201210212021020102120210120212010201210212021020102120210120
010210120102012021012010212012102010210120102012021012010212012
010210120102012021020102101210212010210120102012021020102101210
010210120102012021020121021202102010210120102012021020121021202
010210120102012021201210201202102010210120102012021201210201202
010210120102012101201021201210212010210120102012101201021201210
010210120102012101202120102012102010210120102012101202120102012
010210120102012102010212021012102010210120102012102010212021012
010210120102012102120102101202102010210120102012102120102101202
010210120102012102120121020120212010210120102012102120121020120
010210120102120121012010201202102010210120102120121012010201202
010210120102120121012010201210212010210120102120121012010201210
010210120102120121012021020120212010210120102120121012021020120
010210120102120121012021201210212010210120102120121012021201210
010210120102120121020102101210212010210120102120121020102101210
010210120102120121021201020120212010210120102120121021201020120
010210120102120121021201021012102010210120102120121021201021012
010210120102120121021202101210212010210120102120121021202101210
010210120102120210201021201210212010210120102120210201021201210
010210120102120210201202101210212010210120102120210201202101210
010210120102120210201210212012102010210120102120210201210212012
010210120210201021012010201210212010210120210201021012010201210
010210120210201021012102012021012010210120210201021012102012021
010210120210201021012102120121012010210120210201021012102120121
010210120210201021201210212021012010210120210201021201210212021
010210120210201021202102012021012010210120210201021202102012021
010210120210201202101201020120212010210120210201202101201020120
010210120210201202101201020121012010210120210201202101201020121
010210120210201202101201021012102010210120210201202101201021012
010210120210201202101201021202102010210120210201202101201021202
010210120210201202101210212012102010210120210201202101210212012
010210120210201202101210212021012010210120210201202101210212021
010210120210201202120102012021012010210120210201202120102012021
010210120210201202120121021202102010210120210201202120121021202
010210120210201210120102012021012010210120210201210120102012021
010210120210201210120102101210212010210120210201210120102101210
010210120210201210212010201202102010210120210201210212010201202
010210120210201210212021020120212010210120210201210212021020120
010210120212010201210120212012102010210120212010201210120212012
010210120212010201210201021202102010210120212010201210201021202
010210120212010201210212021012102010210120212010201210212021012
010210120212012101201021201210212010210120212012101201021201210
010210120212012101202102012021012010210120212012101202102012021
010210120212012102010212021012102010210120212012102010212021012
010210120212012102012021020121012010210120212012102012021020121
010210120212012102120102012021012010210120212012102120102012021
010210120212012102120210201210212010210120212012102120210201210
010210121020102101201021201210212010210121020102101201021201210
010210121020102101202102012021012010210121020102101202102012021
010210121020102120102012101202102010210121020102120102012101202
010210121020102120210121020120212010210121020102120210121020120
010210121020102120210121020121012010210121020102120210121020121
010210121020102120210121021202102010210121020102120210121021202
010210121020102120210201210120212010210121020102120210201210120
010210121020120210120102101202102010210121020120210120102101202
010210121020120210120102120121012010210121020120210120102120121
010210121020120210201021201210212010210121020120210201021201210
010210121020120210201210212012102010210121020120210201210212012
010210121020120210201210212021012010210121020120210201210212021
010210121020120212010201210120212010210121020120212010201210120
010210121020121012021201020121012010210121020121012021201020121
010210121020121012021201021202102010210121020121012021201021202
010210121021201020121012021012102010210121021201020121012021012
010210121021201021012010201202102010210121021201021012010201202
010210121021201021012010212012102010210121021201021012010212012
010210121021201021012021020121012010210121021201021012021020121
010210121021201210120102012021012010210121021201210120102012021
010210121021201210120102101202102010210121021201210120102101202
010210121021201210120210201210212010210121021201210120210201210
010210121021201210201202120121012010210121021201210201202120121
010210121021202101201021201210212010210121021202101201021201210
010210121021202101202120102012102010210121021202101202120102012
010210121021202101210201021202102010210121021202101210201021202
010210121021202101210201210120212010210121021202101210201210120
010210121021202102010212021012102010210121021202102010212021012
010210121021202102012021201210212010210121021202102012021201210
010210121021202102012102120121012010210121021202102012102120121
010212010201202102010212021012102010212010201202102010212021012
010212010201202120121012021012102010212010201202120121012021012
010212010201210120102012021012102010212010201210120102012021012
010212010201210120210121021202102010212010201210120210121021202
010212010201210120210201021012102010212010201210120210201021012
010212010201210120212010201202102010212010201210120212010201202
010212012101201020120210201021012010212012101201020120210201021
010212012101201020121012021012102010212012101201020121012021012
010212012101201020121021201021012010212012101201020121021201021
010212012101201021012102012021012010212012101201021012102012021
010212012101202102010212021012102010212012101202102010212021012
010212012101202102012021201021012010212012101202102012021201021
010212012101202120102012021012102010212012101202120102012021012
010212012101202120102012101202102010212012101202120102012101202
010212012101202120121021201021012010212012101202120121021201021
010212012102010210120102012021012010212012102010210120102012021
010212012102010210121021201021012010212012102010210121021201021
010212012102012021012010201202102010212012102012021012010201202
010212012102012021012102120121012010212012102012021012102120121
010212012102012021020121021202102010212012102012021020121021202
010212012102012021201210212021012010212012102012021201210212021
010212012102120102012021020121012010212012102120102012021020121
010212012102120102012021201021012010212012102120102012021201021
010212012102120102101201020121012010212012102120102101201020121
010212012102120102101201021202102010212012102120102101201021202
010212012102120102101202120121012010212012102120102101202120121
010212012102120102101210201021012010212012102120102101210201021
010212012102120102101210201202102010212012102120102101210201202
010212012102120102101210212021012010212012102120102101210212021
010212012102120210120102101202102010212012102120210120102101202
010212012102120210121021201021012010212012102120210121021201021
010212012102120210201202120121012010212012102120210201202120121
010212021012010201202120102012102010212021012010201202120102012
010212021012010201210120212012102010212021012010201210120212012
010212021012010201210212021012102010212021012010201210212021012
010212021012021201020120212012102010212021012021201020120212012
010212021012021201020121021202102010212021012021201020121021202
010212021012021201210120102012102010212021012021201210120102012
010212021012021201210212021012102010212021012021201210212021012
010212021012102010210120102012102010212021012102010210120102012
010212021012102010210120212012102010212021012102010210120212012
010212021012102010210121021202102010212021012102010210121021202
010212021012102010212010201202102010212021012102010212010201202
010212021012102010212012101202102010212021012102010212012101202
010212021012102010212021020120212010212021012102010212021020120
010212021012102010212021020121012010212021012102010212021020121
010212021012102012021201020121012010212021012102012021201020121
010212021012102012021201021012102010212021012102012021201021012
010212021012102012021201210120212010212021012102012021201210120
010212021012102012101201020120212010212021012102012101201020120
010212021012102012101201021012102010212021012102012101201021012
010212021012102012101202120121012010212021012102012101202120121
010212021012102120102012021012102010212021012102120102012021012
010212021012102120102012101202102010212021012102120102012101202
010212021012102120121012021012102010212021012102120121012021012
010212021012102120210201021012102010212021012102120210201021012
010212021012102120210201210120212010212021012102120210201210120
010212021020102101202102012021012010212021020102101202102012021
010212021020102101202120102012102010212021020102101202120102012
010212021020102101210201210120212010212021020102101210201210120
010212021020102101210212021012102010212021020102101210212021012
010212021020102120121021201021012010212021020102120121021201021
010212021020120210120102101202102010212021020120210120102101202
010212021020120210121021201021012010212021020120210121021201021
010212021020120212010201210120212010212021020120212010201210120
010212021020120212010212021012102010212021020120212010212021012
010212021020120212012102012021012010212021020120212012102012021
010212021020121012010212021012102010212021020121012010212021012
010212021020121012021201020121012010212021020121012021201020121
010212021020121012021201021012102010212021020121012021201021012
010212021020121021201210201021012010212021020121021201210201021
010212021020121021201210201202102010212021020121021201210201202
012010201202101201021012021020121012010201202101201021012021020
012010201202101201021012102120121012010201202101201021012102120
012010201202101201021201210201021012010201202101201021201210201
012010201202101210201021201020121012010201202101210201021201020
012010201202102010210120102120121012010201202102010210120102120
012010201202102010210121021201021012010201202102010210121021201
012010201202102010212012102012021012010201202102010212012102012
012010201202102012102120210201021012010201202102012102120210201
012010201202120102012101202120121012010201202120102012101202120
012010201202120102012102010212021012010201202120102012102010212
012010201202120102101202102012021012010201202120102101202102012
012010201202120102120210121020121012010201202120102120210121020
012010201202120121012021201020121012010201202120121012021201020
012010201202120121020120210201021012010201202120121020120210201
012010201202120121021202102012021012010201202120121021202102012
012010201210120102101202102012021012010201210120102101202102012
012010201210120102120121021201021012010201210120102120121021201
012010201210120210121020102120121012010201210120210121020102120
012010201210120212010201202120121012010201210120212010201202120
012010201210120212010201210201021012010201210120212010201210201
012010201210120212010201210212021012010201210120212010201210212
012010201210120212012102010212021012010201210120212012102010212
012010201210201021202101202120121012010201210201021202101202120
012010201210201021202101210201021012010201210201021202101210201
012010201210212010210120102120121012010201210212010210120102120
012010201210212010210120210201021012010201210212010210120210201
012010201210212012101202102012021012010201210212012101202102012
012010201210212012102012021020121012010201210212012102012021020
012010201210212012102012021201021012010201210212012102012021201
012010201210212021012102010212021012010201210212021012102010212
012010210120210201021012102012021012010210120210201021012102012
012010210120210201021012102120121012010210120210201021012102120
012010210120210201021201210212021012010210120210201021201210212
012010210120210201021202102012021012010210120210201021202102012
012010210120210201202101201020121012010210120210201202101201020
012010210120210201202101210212021012010210120210201202101210212
012010210120210201202120102012021012010210120210201202120102012
012010210120210201210120102012021012010210120210201210120102012
012010210120212012101202102012021012010210120212012101202102012
012010210120212012102012021020121012010210120212012102012021020
012010210120212012102120102012021012010210120212012102120102012
012010210121020102101202102012021012010210121020102101202102012
012010210121020102120210121020121012010210121020102120210121020
012010210121020120210120102120121012010210121020120210120102120
012010210121020120210201210212021012010210121020120210201210212
012010210121020121012021201020121012010210121020121012021201020
012010210121021201021012021020121012010210121021201021012021020
012010210121021201210120102012021012010210121021201210120102012
012010210121021201210201202120121012010210121021201210201202120
012010210121021202102012102120121012010210121021202102012102120
012010212012101201020120210201021012010212012101201020120210201
012010212012101201020121021201021012010212012101201020121021201
012010212012101201021012102012021012010212012101201021012102012
012010212012101202102012021201021012010212012101202102012021201
012010212012101202120121021201021012010212012101202120121021201
012010212012102010210120102012021012010212012102010210120102012
012010212012102010210121021201021012010212012102010210121021201
012010212012102012021012102120121012010212012102012021012102120
012010212012102012021201210212021012010212012102012021201210212
012010212012102120102012021020121012010212012102120102012021020
012010212012102120102012021201021012010212012102120102012021201
012010212012102120102101201020121012010212012102120102101201020
012010212012102120102101202120121012010212012102120102101202120
012010212012102120102101210201021012010212012102120102101210201
012010212012102120102101210212021012010212012102120102101210212
012010212012102120210121021201021012010212012102120210121021201
012010212012102120210201202120121012010212012102120210201202120
012010212021012102010212021020121012010212021012102010212021020
012010212021012102012021201020121012010212021012102012021201020
012010212021012102012101202120121012010212021012102012101202120
012010212021020102101202102012021012010212021020102101202102012
012010212021020102120121021201021012010212021020102120121021201
012010212021020120210121021201021012010212021020120210121021201
012010212021020120212012102012021012010212021020120212012102012
012010212021020121012021201020121012010212021020121012021201020
012010212021020121021201210201021012010212021020121021201210201
012021012010201202102010212012102012021012010201202102010212012
012021012010201202120102101202102012021012010201202120102101202
012021012010201202120121021202102012021012010201202120121021202
012021012010201210120102101202102012021012010201210120102101202
012021012010201210212012101202102012021012010201210212012101202
012021012010210120210201021012102012021012010210120210201021012
012021012010210120210201021202102012021012010210120210201021202
012021012010210120210201202120102012021012010210120210201202120
012021012010210120210201210120102012021012010210120210201210120
012021012010210120212012101202102012021012010210120212012101202
012021012010210120212012102120102012021012010210120212012102120
012021012010210121020102101202102012021012010210121020102101202
012021012010210121021201210120102012021012010210121021201210120
012021012010212012101201021012102012021012010212012101201021012
012021012010212012102010210120102012021012010212012102010210120
012021012010212021020102101202102012021012010212021020102101202
012021012010212021020120212012102012021012010212021020120212012
012021012102010210121021201020121012021012102010210121021201020
012021012102010212010201202120121012021012102010212010201202120
012021012102010212010201210120102012021012102010212010201210120
012021012102010212012101201020121012021012102010212012101201020
012021012102010212012101202120102012021012102010212012101202120
012021012102010212021012102120102012021012102010212021012102120
012021012102010212021012102120121012021012102010212021012102120
012021012102120102012101202120102012021012102120102012101202120
012021012102120102101201021202102012021012102120102101201021202
012021012102120121012010212012102012021012102120121012010212012
012021012102120121012021201020121012021012102120121012021201020
012021012102120121020102101202102012021012102120121020102101202
012021012102120210120102101202102012021012102120210120102101202
012021012102120210201021201020121012021012102120210201021201020
012021012102120210201210212012102012021012102120210201210212012
012021020102101201020120212012102012021020102101201020120212012
012021020102101201020121021201021012021020102101201020121021201
012021020102101201021201210120102012021020102101201021201210120
012021020102101202102012102120102012021020102101202102012102120
012021020102101210201021201020121012021020102101210201021201020
012021020102101210201202101201021012021020102101210201202101201
012021020102101210212010210120102012021020102101210212010210120
012021020102101210212012101201021012021020102101210212012101201
012021020102120102012101202120102012021020102120102012101202120
012021020102120121012021201020121012021020102120121012021201020
012021020102120121020120210120102012021020102120121020120210120
012021020102120121021201021012102012021020102120121021201021012
012021020102120121021202101201021012021020102120121021202101201
012021020102120210121020102120102012021020102120210121020102120
012021020102120210121020102120121012021020102120210121020102120
012021020102120210121021201020121012021020102120210121021201020
012021020102120210201202101201021012021020102120210201202101201
012021020102120210201210212012102012021020102120210201210212012
012021020120210120102012021201021012021020120210120102012021201
012021020120210120102012101201021012021020120210120102012101201
012021020120210120102012102120121012021020120210120102012102120
012021020120210120102101202120121012021020120210120102101202120
012021020120210120102101210201021012021020120210120102101210201
012021020120210120102120210201021012021020120210120102120210201
012021020120210121021201210201021012021020120210121021201210201
012021020120210121021202101201021012021020120210121021202101201
012021020120212010201202101201021012021020120212010201202101201
012021020120212010210120102120121012021020120212010210120102120
012021020120212012102120210201021012021020120212012102120210201
012021020121012010201202101201021012021020121012010201202101201
012021020121012010201210212012102012021020121012010201210212012
012021020121012010210120212012102012021020121012010210120212012
012021020121012010210121021201021012021020121012010210121021201
012021020121012010212012102120102012021020121012010212012102120
012021020121021201020120210201021012021020121021201020120210201
012021020121021201020120212012102012021020121021201020120212012
012021020121021201021012102120121012021020121021201021012102120
012021020121021201210120212012102012021020121021201210120212012
012021020121021201210201021012102012021020121021201210201021012
012021020121021201210201202120102012021020121021201210201202120
012021020121021201210201202120121012021020121021201210201202120
012021020121021202101201021012102012021020121021202101201021012
012021020121021202101210212012102012021020121021202101210212012
012021020121021202102010210120102012021020121021202102010210120
012021020121021202102010212012102012021020121021202102010212012
012021020121021202102012021201021012021020121021202102012021201
012021201020120210120102101202102012021201020120210120102101202
012021201020120210121020102120121012021201020120210121020102120
012021201020120210121021201020121012021201020120210121021201020
012021201020120210201021201020121012021201020120210201021201020
012021201020120210201210212012102012021201020120210201210212012
012021201020120212012101201020121012021201020120212012101201020
012021201020120212012102010212021012021201020120212012102010212
012021201020121012010201202120121012021201020121012010201202120
012021201020121012010210121020121012021201020121012010210121020
012021201020121012010212021012102012021201020121012010212021012
012021201020121012010212021020121012021201020121012010212021020
012021201020121012021012102120121012021201020121012021012102120
012021201020121012021020102120121012021201020121012021020102120
012021201020121012021201021012102012021201020121012021201021012
012021201020121012021201021202102012021201020121012021201021202
012021201020121012021201210120102012021201020121012021201210120
012021201020121012021201210201021012021201020121012021201210201
012021201020121012021201210212021012021201020121012021201210212
012021201020121020102101201020121012021201020121020102101201020
012021201020121020102101210212021012021201020121020102101210212
012021201020121020102120210120102012021201020121020102120210120
012021201020121020102120210201021012021201020121020102120210201
012021201020121021202101201020121012021201020121021202101201020
012021201020121021202101210201021012021201020121021202101210201
012021201020121021202102010212021012021201020121021202102010212
012021201021012010201210212012102012021201021012010201210212012
012021201021012010212012101202102012021201021012010212012101202
012021201021012010212012102120102012021201021012010212012102120
012021201021012021020120210120102012021201021012021020120210120
012021201021012021020121021202102012021201021012021020121021202
012021201021012102010212021012102012021201021012102010212021012
012021201021012102010212021020121012021201021012102010212021020
012021201021012102012021201020121012021201021012102012021201020
012021201021012102120210121020121012021201021012102120210121020
012021201021202101210201021202102012021201021202101210201021202
012021201021202101210201202120121012021201021202101210201202120
012021201021202101210201210120102012021201021202101210201210120
012021201021202101210212021020121012021201021202101210212021020
012021201021202102010210121020121012021201021202102010210121020
012021201021202102012021201020121012021201021202102012021201020
012021201210120102012021201020121012021201210120102012021201020
012021201210120102012101202120102012021201210120102012101202120
012021201210120102012102010212021012021201210120102012102010212
012021201210120102101210212012102012021201210120102101210212012
012021201210120102120121021201021012021201210120102120121021201
012021201210120102120121021202102012021201210120102120121021202
012021201210120102120210121020121012021201210120102120210121020
012021201210120210121020102120102012021201210120210121020102120
012021201210120210201202101201021012021201210120210201202101201
012021201210120210201210212012102012021201210120210201210212012
012021201210120212010201210120102012021201210120212010201210120
012021201210120212010212021012102012021201210120212010212021012
012021201210201021012021201020121012021201210201021012021201020
012021201210201021202101201020121012021201210201021202101201020
012021201210201021202101202120102012021201210201021202101202120
012021201210201021202101210201021012021201210201021202101210201
012021201210201202101201021202102012021201210201202101201021202
012021201210201202102010210120102012021201210201202102010210120
012021201210201202102012101201021012021201210201202102012101201
012021201210201202102012102120102012021201210201202102012102120
012021201210201202102012102120121012021201210201202102012102120
012021201210212010201202101201021012021201210212010201202101201
012021201210212010210120102120121012021201210212010210120102120
012021201210212010210121021202102012021201210212010210121021202
012021201210212021012010212012102012021201210212021012010212012
012021201210212021012021201020121012021201210212021012021201020
012021201210212021012102010212021012021201210212021012102010212
012021201210212021020102101202102012021201210212021020102101202
012021201210212021020120210120102012021201210212021020120210120
012021201210212021020121021201021012021201210212021020121021201
012101201020120210120102101202102012101201020120210120102101202
012101201020120210120102101210212012101201020120210120102101210
012101201020120210121020102120102012101201020120210121020102120
012101201020120210201021012010212012101201020120210201021012010
012101201020120212010201210120212012101201020120212010201210120
012101201020120212010212021012102012101201020120212010212021012
012101201020120212012101202120102012101201020120212012101202120
012101201020121012021012102010212012101201020121012021012102010
012101201020121012021201020120212012101201020121012021201020120
012101201020121020102120210120212012101201020121020102120210120
012101201020121021201021012010212012101201020121021201021012010
012101201020121021201210201202102012101201020121021201210201202
012101201021012021020102101210212012101201021012021020102101210
012101201021012021020120210120102012101201021012021020120210120
012101201021012021201210201202102012101201021012021201210201202
012101201021012102010212021012102012101201021012102010212021012
012101201021012102012021012010212012101201021012102012021012010
012101201021012102012101202120102012101201021012102012101202120
012101201021012102120102101202102012101201021012102120102101202
012101201021012102120121020120212012101201021012102120121020120
012101201021012102120210201210212012101201021012102120210201210
012101201021201210201202101210212012101201021201210201202101210
012101201021201210212010201202102012101201021201210212010201202
012101201021201210212010210120102012101201021201210212010210120
012101201021201210212010210120212012101201021201210212010210120
012101201021201210212021020120212012101201021201210212021020120
012101201021202101210201021202102012101201021202101210201021202
012101201021202101210201202120102012101201021202101210201202120
012101201021202101210201210120212012101201021202101210201210120
012101201021202102012101202120102012101201021202102012101202120
012101202101210201021012102120102012101202101210201021012102120
012101202101210201021201020120212012101202101210201021201020120
012101202101210201021201210120102012101202101210201021201210120
012101202101210201021202101210212012101202101210201021202101210
012101202101210212012101202120102012101202101210212012101202120
012101202101210212021020102120102012101202101210212021020102120
012101202102010210121020102120102012101202102010210121020102120
012101202102010212012101202120102012101202102010212012101202120
012101202102010212021012102010212012101202102010212021012102010
012101202102010212021012102120102012101202102010212021012102120
012101202102012021012010201210212012101202102012021012010201210
012101202102012021012010210120212012101202102012021012010210120
012101202102012021201021012010212012101202102012021201021012010
012101202102012102120102101210212012101202102012102120102101210
012101202102012102120121020120212012101202102012102120121020120
012101202120102012021012102010212012101202120102012021012102010
012101202120102012021012102120102012101202120102012021012102120
012101202120102012021020102120102012101202120102012021020102120
012101202120102012021201210120102012101202120102012021201210120
012101202120102012101201020120212012101202120102012101201020120
012101202120102012101201021012102012101202120102012101201021012
012101202120102012101201021202102012101202120102012101201021202
012101202120102012101202101210212012101202120102012101202101210
012101202120102012101202102010212012101202120102012101202102010
012101202120102012102010210120102012101202120102012102010210120
012101202120102012102120210120102012101202120102012102120210120
012101202120102101210201021202102012101202120102101210201021202
012101202120102101210201202120102012101202120102101210201202120
012101202120102101210212021012102012101202120102101210212021012
012101202120102120210121020120212012101202120102120210121020120
012101202120102120210121021202102012101202120102120210121021202
012101202120102120210201021012102012101202120102120210201021012
012101202120102120210201202120102012101202120102120210201202120
012101202120121012010201202120102012101202120121012010201202120
012101202120121012010212021012102012101202120121012010212021012
012101202120121020102101202120102012101202120121020102101202120
012101202120121020102120210120102012101202120121020102120210120
012101202120121020120210201210212012101202120121020120210201210
012101202120121021201021012010212012101202120121021201021012010
012101202120121021202101202120102012101202120121021202101202120
012102010210120102012021012010212012102010210120102012021012010
012102010210120102012101202120102012102010210120102012101202120
012102010210120102012102010212021012102010210120102012102010212
012102010210120102120121021201021012102010210120102120121021201
012102010210120102120210201210212012102010210120102120210201210
012102010210120210201202101201021012102010210120210201202101201
012102010210120210201202101210212012102010210120210201202101210
012102010210120212010201210120212012102010210120212010201210120
012102010210120212010201210212021012102010210120212010201210212
012102010210120212012102010212021012102010210120212012102010212
012102010210121020120210201210212012102010210121020120210201210
012102010210121021201020121012021012102010210121021201020121012
012102010210121021201021012010212012102010210121021201021012010
012102010210121021202101202120102012102010210121021202101202120
012102010210121021202102010212021012102010210121021202102010212
012102010212010201202102010212021012102010212010201202102010212
012102010212010201202120121012021012102010212010201202120121012
012102010212010201210120102012021012102010212010201210120102012
012102010212010201210120210201021012102010212010201210120210201
012102010212012101201020121012021012102010212012101201020121012
012102010212012101202102010212021012102010212012101202102010212
012102010212012101202120102012021012102010212012101202120102012
012102010212021012010201202120102012102010212021012010201202120
012102010212021012010201210120212012102010212021012010201210120
012102010212021012010201210212021012102010212021012010201210212
012102010212021012021201020120212012102010212021012021201020120
012102010212021012021201210120102012102010212021012021201210120
012102010212021012021201210212021012102010212021012021201210212
012102010212021012102010210120102012102010212021012102010210120
012102010212021012102010210120212012102010212021012102010210120
012102010212021012102012021201021012102010212021012102012021201
012102010212021012102012101201021012102010212021012102012101201
012102010212021012102120102012021012102010212021012102120102012
012102010212021012102120121012021012102010212021012102120121012
012102010212021012102120210201021012102010212021012102120210201
012102010212021020102101202120102012102010212021020102101202120
012102010212021020102101210212021012102010212021020102101210212
012102010212021020120212010212021012102010212021020120212010212
012102010212021020121012010212021012102010212021020121012010212
012102010212021020121012021201021012102010212021020121012021201
012102012021012010201202102010212012102012021012010201202102010
012102012021012010210120210201021012102012021012010210120210201
012102012021012010212012101201021012102012021012010212012101201
012102012021012010212021020120212012102012021012010212021020120
012102012021012102120121012010212012102012021012102120121012010
012102012021012102120210201210212012102012021012102120210201210
012102012021020102101201020120212012102012021020102101201020120
012102012021020102120121021201021012102012021020102120121021201
012102012021020102120210201210212012102012021020102120210201210
012102012021020121012010201210212012102012021020121012010201210
012102012021020121012010210120212012102012021020121012010210120
012102012021020121021201020120212012102012021020121021201020120
012102012021020121021201210120212012102012021020121021201210120
012102012021020121021201210201021012102012021020121021201210201
012102012021020121021202101201021012102012021020121021202101201
012102012021020121021202101210212012102012021020121021202101210
012102012021020121021202102010212012102012021020121021202102010
012102012021201020120210201210212012102012021201020120210201210
012102012021201020121012010212021012102012021201020121012010212
012102012021201020121012021201021012102012021201020121012021201
012102012021201021012010201210212012102012021201021012010201210
012102012021201021012102010212021012102012021201021012102010212
012102012021201210120102101210212012102012021201210120102101210
012102012021201210120210201210212012102012021201210120210201210
012102012021201210120212010212021012102012021201210120212010212
012102012021201210212021012010212012102012021201210212021012010
012102012101201020120212010212021012102012101201020120212010212
012102012101201021012102010212021012102012101201021012102010212
012102012101202120102012101201021012102012101202120102012101201
012102012101202120102101210212021012102012101202120102101210212
012102012101202120102120210201021012102012101202120102120210201
012102012101202120121012010212021012102012101202120121012010212
012102120102012021012010210120212012102120102012021012010210120
012102120102012021012102010212021012102120102012021012102010212
012102120102012021020102101202102012102120102012021020102101202
012102120102012021020121012010212012102120102012021020121012010
012102120102012021201021012010212012102120102012021201021012010
012102120102012021201210201202102012102120102012021201210201202
012102120102012101202101210201021012102120102012101202101210201
012102120102012101202102010212021012102120102012101202102010212
012102120102012101202120102012021012102120102012101202120102012
012102120102101201020120210201021012102120102101201020120210201
012102120102101201020121012010212012102120102101201020121012010
012102120102101201021201210120102012102120102101201021201210120
012102120102101201021201210120212012102120102101201021201210120
012102120102101201021201210201021012102120102101201021201210201
012102120102101201021201210212021012102120102101201021201210212
012102120102101201021202102010212012102120102101201021202102010
012102120102101201021202102012021012102120102101201021202102012
012102120102101202102010210120102012102120102101202102010210120
012102120102101202102012101201021012102120102101202102012101201
012102120102101202120121012010212012102120102101202120121012010
012102120102101202120121021202102012102120102101202120121021202
012102120102101210201021012010212012102120102101210201021012010
012102120102101210201202102010212012102120102101210201202102010
012102120102101210212012101202102012102120102101210212012101202
012102120102101210212021012010212012102120102101210212021012010
012102120102101210212021020120212012102120102101210212021020120
012102120121012010201202101201021012102120121012010201202101201
012102120121012010210120210201021012102120121012010210120210201
012102120121012010210121021202102012102120121012010210121021202
012102120121012010212012102012021012102120121012010212012102012
012102120121012021012102010212021012102120121012021012102010212
012102120121012021020120210120102012102120121012021020120210120
012102120121012021020121021201021012102120121012021020121021201
012102120121012021201020121012021012102120121012021201020121012
012102120121012021201210201202102012102120121012021201210201202
012102120121020102101201021202102012102120121020102101201021202
012102120121020102101202102012021012102120121020102101202102012
012102120121020102101210201202102012102120121020102101210201202
012102120121020120210121021202102012102120121020120210121021202
012102120121020120210201021202102012102120121020120210201021202
012102120121020120210201210120102012102120121020120210201210120
012102120121020120210201210212021012102120121020120210201210212
012102120121020120212010201202102012102120121020120212010201202
012102120121020120212010210120102012102120121020120212010210120
012102120121020120212012101201021012102120121020120212012101201
012102120121020120212012101202102012102120121020120212012101202
012102120210120102012101202120102012102120210120102012101202120
012102120210120102101202102010212012102120210120102101202102010
012102120210120102101202102012021012102120210120102101202102012
012102120210120102101210201202102012102120210120102101210201202
012102120210120102120121020120212012102120210120102120121020120
012102120210120102120121021201021012102120210120102120121021201
012102120210120212010201210120212012102120210120212010201210120
012102120210120212010201210201021012102120210120212010201210201
012102120210121020102101202120102012102120210121020102101202120
012102120210121020102120210120102012102120210121020102120210120
012102120210121020102120210120212012102120210121020102120210120
012102120210121020102120210201021012102120210121020102120210201
012102120210121020121012021201021012102120210121020121012021201
012102120210121021201021012010212012102120210121021201021012010
012102120210121021201210201202102012102120210121021201210201202
012102120210201021012010201202102012102120210201021012010201202
012102120210201021012021020120212012102120210201021012021020120
012102120210201021012102010212021012102120210201021012102010212
012102120210201021201020121012021012102120210201021201020121012
012102120210201021201210201202102012102120210201021201210201202
012102120210201021202101202120102012102120210201021202101202120
012102120210201021202101210201021012102120210201021202101210201
012102120210201202101201020120212012102120210201202101201020120
012102120210201202120102101202102012102120210201202120102101202
012102120210201202120121012010212012102120210201202120121012010
012102120210201202120121021201021012102120210201202120121021201
012102120210201210120212010212021012102120210201210120212010212
012102120210201210212010210120212012102120210201210212010210120
012102120210201210212012101201021012102120210201210212012101201
012102120210201210212012102012021012102120210201210212012102012
020102101201020120210120102120121020102101201020120210120102120
020102101201020120210201210212021020102101201020120210201210212
020102101201020120212012102012021020102101201020120212012102012
020102101201020121012021201020121020102101201020121012021201020
020102101201020121020102120210121020102101201020121020102120210
020102101201020121021201021012021020102101201020121021201021012
020102101201021201210120102012021020102101201021201210120102012
020102101201021201210212010210121020102101201021201210212010210
020102101201021202102012102120121020102101201021202102012102120
020102101202102012021012010210121020102101202102012021012010210
020102101202102012021012010212021020102101202102012021012010212
020102101202102012021012102120121020102101202102012021012102120
020102101202102012021201210212021020102101202102012021201210212
020102101202102012102120102012021020102101202102012102120102012
020102101202120102012101202120121020102101202120102012101202120
020102101202120102012102010212021020102101202120102012102010212
020102101202120102012102120210121020102101202120102012102120210
020102101202120121020102120210121020102101202120121020102120210
020102101210201021201020121012021020102101210201021201020121012
020102101210201021202101210212021020102101210201021202101210212
020102101210201202101201021012021020102101210201202101201021012
020102101210201202102012102120121020102101210201202102012102120
020102101210201210120212010212021020102101210201210120212010212
020102101210212010201210120210121020102101210212010201210120210
020102101210212010210120102012021020102101210212010210120102012
020102101210212010210120102120121020102101210212010210120102120
020102101210212012101201021012021020102101210212012101201021012
020102101210212021012021201020121020102101210212021012021201020
020102101210212021012102010212021020102101210212021012102010212
020102101210212021020102120210121020102101210212021020102120210
020102120102012021020102120210121020102120102012021020102120210
020102120102012021201210120210121020102120102012021201210120210
020102120102012101201020120210121020102120102012101201020120210
020102120102012101202101210212021020102120102012101202101210212
020102120102012101202102010210121020102120102012101202102010210
020102120102012101202120102012021020102120102012101202120102012
020102120121012010201210120210121020102120121012010201210120210
020102120121012021020102120210121020102120121012021020102120210
020102120121012021201020120210121020102120121012021201020120210
020102120121012021201020121012021020102120121012021201020121012
020102120121020120210120102012021020102120121020120210120102012
020102120121020120210201210212021020102120121020120210201210212
020102120121021201021012010212021020102120121021201021012010212
020102120121021201021012102012021020102120121021201021012102012
020102120121021202101201021012021020102120121021202101201021012
020102120210120102012021201020121020102120210120102012021201020
020102120210120102012101202120121020102120210120102012101202120
020102120210120102012102120210121020102120210120102012102120210
020102120210120212010201202120121020102120210120212010201202120
020102120210120212010201210212021020102120210120212010201210212
020102120210120212012101201020121020102120210120212012101201020
020102120210120212012102120210121020102120210120212012102120210
020102120210121020102101201020121020102120210121020102101201020
020102120210121020102101202120121020102120210121020102101202120
020102120210121020102101210212021020102120210121020102101210212
020102120210121020102120102012021020102120210121020102120102012
020102120210121020102120121012021020102120210121020102120121012
020102120210121020120212010210121020102120210121020120212010210
020102120210121020121012010210121020102120210121020121012010210
020102120210121021201020120210121020102120210121021201020120210
020102120210121021201020121012021020102120210121021201020121012
020102120210121021201210120210121020102120210121021201210120210
020102120210121021202102010210121020102120210121021202102010210
020102120210201021012021201020121020102120210201021012021201020
020102120210201021012102120210121020102120210201021012102120210
020102120210201202101201021012021020102120210201202101201021012
020102120210201202120102120210121020102120210201202120102120210
020102120210201210120102120210121020102120210201210120102120210
020102120210201210120212010210121020102120210201210120212010210
020102120210201210212012102012021020102120210201210212012102012
020120210120102012021020102120121020120210120102012021020102120
020120210120102012021201021012021020120210120102012021201021012
020120210120102012021201210212021020120210120102012021201210212
020120210120102012101201021012021020120210120102012101201021012
020120210120102012102120121012021020120210120102012102120121012
020120210120102101202102010210121020120210120102101202102010210
020120210120102101202102010212021020120210120102101202102010212
020120210120102101202102012021201020120210120102101202102012021
020120210120102101202102012101201020120210120102101202102012101
020120210120102101202120121012021020120210120102101202120121012
020120210120102101202120121021201020120210120102101202120121021
020120210120102101210201021012021020120210120102101210201021012
020120210120102101210212012101201020120210120102101210212012101
020120210120102120121012010210121020120210120102120121012010210
020120210120102120121020102101201020120210120102120121020102101
020120210120102120210201021012021020120210120102120210201021012
020120210120102120210201202120121020120210120102120210201202120
020120210121020102120102012101201020120210121020102120102012101
020120210121020102120121012021201020120210121020102120121012021
020120210121020102120210121021201020120210121020102120210121021
020120210121021201020121012021201020120210121021201020121012021
020120210121021201021012010212021020120210121021201021012010212
020120210121021201210120102120121020120210121021201210120102120
020120210121021201210201021012021020120210121021201210201021012
020120210121021202101201021012021020120210121021202101201021012
020120210121021202102012102120121020120210121021202102012102120
020120210201021012010201202120121020120210201021012010201202120
020120210201021012010212012101201020120210201021012010212012101
020120210201021012021020121021201020120210201021012021020121021
020120210201021012102120102101201020120210201021012102120102101
020120210201021201020121012021201020120210201021201020121012021
020120210201021201210201202101201020120210201021201210201202101
020120210201021201210212010210121020120210201021201210212010210
020120210201021202101210201021201020120210201021202101210201021
020120210201021202102012102120121020120210201021202102012102120
020120210201210120102012102120121020120210201210120102012102120
020120210201210120102101202120121020120210201210120102101202120
020120210201210120102120121021201020120210201210120102120121021
020120210201210212010201202120121020120210201210212010201202120
020120210201210212012101202120121020120210201210212012101202120
020120210201210212012102010210121020120210201210212012102010210
020120210201210212012102012021201020120210201210212012102012021
020120210201210212021012010210121020120210201210212021012010210
020120210201210212021012102120121020120210201210212021012102120
020120210201210212021020102101201020120210201210212021020102101
020120210201210212021020102120121020120210201210212021020102120
020120212010201202101201021012021020120212010201202101201021012
020120212010201202102012102120121020120212010201202102012102120
020120212010201210120102120210121020120212010201210120102120210
020120212010201210120212010210121020120212010201210120212010210
020120212010201210120212010212021020120212010201210120212010212
020120212010201210120212012101201020120212010201210120212012101
020120212010201210201021202101201020120212010201210201021202101
020120212010210120102012102120121020120212010210120102012102120
020120212010210120102120121012021020120212010210120102120121012
020120212010210120102120121021201020120212010210120102120121021
020120212010210120210201202101201020120212010210120210201202101
020120212010210120210201210212021020120212010210120210201210212
020120212010210121020102120210121020120212010210121020102120210
020120212010212021012102010212021020120212010212021012102010212
020120212010212021012102012101201020120212010212021012102012101
020120212012101201020121012021201020120212012101201020121012021
020120212012101201021012102120121020120212012101201021012102120
020120212012101201021201210212021020120212012101201021201210212
020120212012101202101210201021201020120212012101202101210201021
020120212012101202102012102120121020120212012101202102012102120
020120212012101202120102012101201020120212012101202120102012101
020120212012101202120102120210121020120212012101202120102120210
020120212012102010212021012021201020120212012102010212021012021
020120212012102012021012010212021020120212012102012021012010212
020120212012102012021020102101201020120212012102012021020102101
020120212012102012021020121021201020120212012102012021020121021
020120212012102120102101210212021020120212012102120102101210212
020120212012102120210120102120121020120212012102120210120102120
020120212012102120210201021012021020120212012102120210201021012
020120212012102120210201202101201020120212012102120210201202101
020121012010201202101201021012021020121012010201202101201021012
020121012010201202101210201021201020121012010201202101210201021
020121012010201202120102120210121020121012010201202120102120210
020121012010201202120121012021201020121012010201202120121012021
020121012010201210212012102012021020121012010201210212012102012
020121012010210120210201202101201020121012010210120210201202101
020121012010210120212012102012021020121012010210120212012102012
020121012010210121020102120210121020121012010210121020102120210
020121012010210121020121012021201020121012010210121020121012021
020121012010210121021201021012021020121012010210121021201021012
020121012010212012102120102012021020121012010212012102120102012
020121012010212012102120102101201020121012010212012102120102101
020121012010212021012102010212021020121012010212021012102010212
020121012010212021012102012021201020121012010212021012102012021
020121012010212021020121012021201020121012010212021020121012021
020121012021012102010210121021201020121012021012102010210121021
020121012021012102010212012101201020121012021012102010212012101
020121012021012102120121012021201020121012021012102120121012021
020121012021012102120210201021201020121012021012102120210201021
020121012021020102101210201021201020121012021020102101210201021
020121012021020102120121012021201020121012021020102120121012021
020121012021020102120210121021201020121012021020102120210121021
020121012021201020120210121021201020121012021201020120210121021
020121012021201020120210201021201020121012021201020120210201021
020121012021201020120212012101201020121012021201020120212012101
020121012021201020121012010210121020121012021201020121012010210
020121012021201020121012010212021020121012021201020121012010212
020121012021201020121020102101201020121012021201020121020102101
020121012021201020121021202101201020121012021201020121021202101
020121012021201021012102010212021020121012021201021012102010212
020121012021201021012102012021201020121012021201021012102012021
020121012021201021012102120210121020121012021201021012102120210
020121012021201021202101210212021020121012021201021202101210212
020121012021201021202102010210121020121012021201021202102010210
020121012021201021202102012021201020121012021201021202102012021
020121012021201210120102012021201020121012021201210120102012021
020121012021201210120102120210121020121012021201210120102120210
020121012021201210201021012021201020121012021201210201021012021
020121012021201210201021202101201020121012021201210201021202101
020121012021201210212021012021201020121012021201210212021012021
020121020102101201020121012021201020121020102101201020121012021
020121020102101210212021012021201020121020102101210212021012021
020121020102120210120102012021201020121020102120210120102012021
020121020102120210120212012101201020121020102120210120212012101
020121020102120210121020102101201020121020102120210121020102101
020121020102120210201021012021201020121020102120210201021012021
020121021201020120210201021012021020121021201020120210201021012
020121021201020120212012102012021020121021201020120212012102012
020121021201021012010212012101201020121021201021012010212012101
020121021201021012021020102101201020121021201021012021020102101
020121021201021012021201210212021020121021201021012021201210212
020121021201021012102120121012021020121021201021012102120121012
020121021201210120102101210212021020121021201210120102101210212
020121021201210120210201202101201020121021201210120210201202101
020121021201210120212012102012021020121021201210120212012102012
020121021201210201021012010212021020121021201210201021012010212
020121021201210201021012102012021020121021201210201021012102012
020121021201210201202101210212021020121021201210201202101210212
020121021201210201202102010212021020121021201210201202102010212
020121021201210201202102012101201020121021201210201202102012101
020121021201210201202120102012021020121021201210201202120102012
020121021201210201202120102101201020121021201210201202120102101
020121021201210201202120121012021020121021201210201202120121012
020121021202101201020121012021201020121021202101201020121012021
020121021202101201021012102012021020121021202101201021012102012
020121021202101210201021012021201020121021202101210201021012021
020121021202101210201021202101201020121021202101210201021202101
020121021202101210212012102012021020121021202101210212012102012
020121021202102010210120102012021020121021202102010210120102012
020121021202102010212012102012021020121021202102010212012102012
020121021202102010212021012021201020121021202102010212021012021
020121021202102012021201021012021020121021202102012021201021012
021012010201202101201021201210201021012010201202101201021201210
021012010201202102010210121021201021012010201202102010210121021
021012010201202102010212012102012021012010201202102010212012102
021012010201202102012102120210201021012010201202102012102120210
021012010201202120102012102010212021012010201202120102012102010
021012010201202120102101202102012021012010201202120102101202102
021012010201202120121020120210201021012010201202120121020120210
021012010201202120121021202102012021012010201202120121021202102
021012010201210120102101202102012021012010201210120102101202102
021012010201210120102120121021201021012010201210120102120121021
021012010201210120212010201210201021012010201210120212010201210
021012010201210120212010201210212021012010201210120212010201210
021012010201210120212012102010212021012010201210120212012102010
021012010201210201021202101210201021012010201210201021202101210
021012010201210212010210120210201021012010201210212010210120210
021012010201210212012101202102012021012010201210212012101202102
021012010201210212012102012021201021012010201210212012102012021
021012010201210212021012102010212021012010201210212021012102010
021012010210120210201021012102012021012010210120210201021012102
021012010210120210201021201210212021012010210120210201021201210
021012010210120210201021202102012021012010210120210201021202102
021012010210120210201202101210212021012010210120210201202101210
021012010210120210201202120102012021012010210120210201202120102
021012010210120210201210120102012021012010210120210201210120102
021012010210120212012101202102012021012010210120212012101202102
021012010210120212012102120102012021012010210120212012102120102
021012010210121020102101202102012021012010210121020102101202102
021012010210121020120210201210212021012010210121020120210201210
021012010210121021201210120102012021012010210121021201210120102
021012010212012101201020120210201021012010212012101201020120210
021012010212012101201020121021201021012010212012101201020121021
021012010212012101201021012102012021012010212012101201021012102
021012010212012101202102012021201021012010212012101202102012021
021012010212012101202120121021201021012010212012101202120121021
021012010212012102010210120102012021012010212012102010210120102
021012010212012102010210121021201021012010212012102010210121021
021012010212012102012021201210212021012010212012102012021201210
021012010212012102120102012021201021012010212012102120102012021
021012010212012102120102101210201021012010212012102120102101210
021012010212012102120102101210212021012010212012102120102101210
021012010212012102120210121021201021012010212012102120210121021
021012010212021020102101202102012021012010212021020102101202102
021012010212021020102120121021201021012010212021020102120121021
021012010212021020120210121021201021012010212021020120210121021
021012010212021020120212012102012021012010212021020120212012102
021012010212021020121021201210201021012010212021020121021201210
021012021020102101201020121021201021012021020102101201020121021
021012021020102101210201202101201021012021020102101210201202101
021012021020102101210212012101201021012021020102101210212012101
021012021020102120121021202101201021012021020102120121021202101
021012021020102120210201202101201021012021020102120210201202101
021012021020120210120102012021201021012021020120210120102012021
021012021020120210120102012101201021012021020120210120102012101
021012021020120210120102101210201021012021020120210120102101210
021012021020120210120102120210201021012021020120210120102120210
021012021020120210121021201210201021012021020120210121021201210
021012021020120210121021202101201021012021020120210121021202101
021012021020120212010201202101201021012021020120212010201202101
021012021020120212012102120210201021012021020120212012102120210
021012021020121012010201202101201021012021020121012010201202101
021012021020121012010210121021201021012021020121012010210121021
021012021020121021201020120210201021012021020121021201020120210
021012021020121021202102012021201021012021020121021202102012021
021012021201020120212012102010212021012021201020120212012102010
021012021201020121012021201210201021012021201020121012021201210
021012021201020121012021201210212021012021201020121012021201210
021012021201020121020102101210212021012021201020121020102101210
021012021201020121020102120210201021012021201020121020102120210
021012021201020121021202101210201021012021201020121021202101210
021012021201020121021202102010212021012021201020121021202102010
021012021201210120102012102010212021012021201210120102012102010
021012021201210120102120121021201021012021201210120102120121021
021012021201210120210201202101201021012021201210120210201202101
021012021201210201021202101210201021012021201210201021202101210
021012021201210201202102012101201021012021201210201202102012101
021012021201210212010201202101201021012021201210212010201202101
021012021201210212021012102010212021012021201210212021012102010
021012021201210212021020121021201021012021201210212021020121021
021012102010210120102012102010212021012102010210120102012102010
021012102010210120102120121021201021012102010210120102120121021
021012102010210120210201202101201021012102010210120210201202101
021012102010210120212010201210212021012102010210120212010201210
021012102010210120212012102010212021012102010210120212012102010
021012102010210121021201020121012021012102010210121021201020121
021012102010210121021202102010212021012102010210121021202102010
021012102010212010201202102010212021012102010212010201202102010
021012102010212010201202120121012021012102010212010201202120121
021012102010212010201210120102012021012102010212010201210120102
021012102010212010201210120210201021012102010212010201210120210
021012102010212012101201020121012021012102010212012101201020121
021012102010212012101202102010212021012102010212012101202102010
021012102010212012101202120102012021012102010212012101202120102
021012102010212021012010201210212021012102010212021012010201210
021012102010212021012021201210212021012102010212021012021201210
021012102010212021012102012021201021012102010212021012102012021
021012102010212021012102012101201021012102010212021012102012101
021012102010212021012102120102012021012102010212021012102120102
021012102010212021012102120121012021012102010212021012102120121
021012102010212021012102120210201021012102010212021012102120210
021012102010212021020102101210212021012102010212021020102101210
021012102010212021020120212010212021012102010212021020120212010
021012102010212021020121012010212021012102010212021020121012010
021012102010212021020121012021201021012102010212021020121012021
021012102012021012010210120210201021012102012021012010210120210
021012102012021012010212012101201021012102012021012010212012101
021012102012021020102120121021201021012102012021020102120121021
021012102012021020121021201210201021012102012021020121021201210
021012102012021020121021202101201021012102012021020121021202101
021012102012021201020121012010212021012102012021201020121012010
021012102012021201020121012021201021012102012021201020121012021
021012102012021201021012102010212021012102012021201021012102010
021012102012021201210120212010212021012102012021201210120212010
021012102012101201020120212010212021012102012101201020120212010
021012102012101201021012102010212021012102012101201021012102010
021012102012101202120102012101201021012102012101202120102012101
021012102012101202120102101210212021012102012101202120102101210
021012102012101202120102120210201021012102012101202120102120210
021012102012101202120121012010212021012102012101202120121012010
021012102120102012021012102010212021012102120102012021012102010
021012102120102012101202101210201021012102120102012101202101210
021012102120102012101202102010212021012102120102012101202102010
021012102120102012101202120102012021012102120102012101202120102
021012102120102101201020120210201021012102120102101201020120210
021012102120102101201021201210201021012102120102101201021201210
021012102120102101201021201210212021012102120102101201021201210
021012102120102101201021202102012021012102120102101201021202102
021012102120102101202102012101201021012102120102101202102012101
021012102120121012010201202101201021012102120121012010201202101
021012102120121012010210120210201021012102120121012010210120210
021012102120121012010212012102012021012102120121012010212012102
021012102120121012021012102010212021012102120121012021012102010
021012102120121012021020121021201021012102120121012021020121021
021012102120121012021201020121012021012102120121012021201020121
021012102120121020102101202102012021012102120121020102101202102
021012102120121020120210201210212021012102120121020120210201210
021012102120121020120212012101201021012102120121020120212012101
021012102120210120102101202102012021012102120210120102101202102
021012102120210120102120121021201021012102120210120102120121021
021012102120210120212010201210201021012102120210120212010201210
021012102120210121020102120210201021012102120210121020102120210
021012102120210121020121012021201021012102120210121020121012021
021012102120210201021012102010212021012102120210201021012102010
021012102120210201021201020121012021012102120210201021201020121
021012102120210201021202101210201021012102120210201021202101210
021012102120210201202120121021201021012102120210201202120121021
021012102120210201210120212010212021012102120210201210120212010
021012102120210201210212012101201021012102120210201210212012101
021012102120210201210212012102012021012102120210201210212012102
021020102101201020120210201210212021020102101201020120210201210
021020102101201020120212012102012021020102101201020120212012102
021020102101201020121021201021012021020102101201020121021201021
021020102101201021201210120102012021020102101201021201210120102
021020102101202102012021012010212021020102101202102012021012010
021020102101202102012021201210212021020102101202102012021201210
021020102101202102012102120102012021020102101202102012102120102
021020102101202120102012102010212021020102101202120102012102010
021020102101210201021201020121012021020102101210201021201020121
021020102101210201021202101210212021020102101210201021202101210
021020102101210201202101201021012021020102101210201202101201021
021020102101210201210120212010212021020102101210201210120212010
021020102101210212010210120102012021020102101210212010210120102
021020102101210212012101201021012021020102101210212012101201021
021020102101210212021012102010212021020102101210212021012102010
021020102120102012101202101210212021020102120102012101202101210
021020102120102012101202120102012021020102120102012101202120102
021020102120121012021201020121012021020102120121012021201020121
021020102120121020120210120102012021020102120121020120210120102
021020102120121020120210201210212021020102120121020120210201210
021020102120121021201021012010212021020102120121021201021012010
021020102120121021201021012102012021020102120121021201021012102
021020102120121021202101201021012021020102120121021202101201021
021020102120210120212010201210212021020102120210120212010201210
021020102120210121020102101210212021020102120210121020102101210
021020102120210121020102120102012021020102120210121020102120102
021020102120210121020102120121012021020102120210121020102120121
021020102120210121021201020121012021020102120210121021201020121
021020102120210201202101201021012021020102120210201202101201021
021020102120210201210212012102012021020102120210201210212012102
021020120210120102012021201021012021020120210120102012021201021
021020120210120102012021201210212021020120210120102012021201210
021020120210120102012101201021012021020120210120102012101201021
021020120210120102012102120121012021020120210120102012102120121
021020120210120102101202102010212021020120210120102101202102010
021020120210120102101202120121012021020120210120102101202120121
021020120210120102101210201021012021020120210120102101210201021
021020120210120102120210201021012021020120210120102120210201021
021020120210121021201021012010212021020120210121021201021012010
021020120210121021201210201021012021020120210121021201210201021
021020120210121021202101201021012021020120210121021202101201021
021020120212010201202101201021012021020120212010201202101201021
021020120212010201210120212010212021020120212010201210120212010
021020120212010210120102120121012021020120212010210120102120121
021020120212010210120210201210212021020120212010210120210201210
021020120212010212021012102010212021020120212010212021012102010
021020120212012101201021201210212021020120212012101201021201210
021020120212012102012021012010212021020120212012102012021012010
021020120212012102120102101210212021020120212012102120102101210
021020120212012102120210201021012021020120212012102120210201021
021020121012010201202101201021012021020121012010201202101201021
021020121012010201210212012102012021020121012010201210212012102
021020121012010210120212012102012021020121012010210120212012102
021020121012010210121021201021012021020121012010210121021201021
021020121012010212012102120102012021020121012010212012102120102
021020121012010212021012102010212021020121012010212021012102010
021020121012021201020121012010212021020121012021201020121012010
021020121012021201021012102010212021020121012021201021012102010
021020121012021201021202101210212021020121012021201021202101210
021020121021201020120210201021012021020121021201020120210201021
021020121021201020120212012102012021020121021201020120212012102
021020121021201021012021201210212021020121021201021012021201210
021020121021201021012102120121012021020121021201021012102120121
021020121021201210120102101210212021020121021201210120102101210
021020121021201210120212012102012021020121021201210120212012102
021020121021201210201021012010212021020121021201210201021012010
021020121021201210201021012102012021020121021201210201021012102
021020121021201210201202101210212021020121021201210201202101210
021020121021201210201202102010212021020121021201210201202102010
021020121021201210201202120102012021020121021201210201202120102
021020121021201210201202120121012021020121021201210201202120121
021020121021202101201021012102012021020121021202101201021012102
021020121021202101210212012102012021020121021202101210212012102
021020121021202102010210120102012021020121021202102010210120102
021020121021202102010212012102012021020121021202102010212012102
021020121021202102012021201021012021020121021202102012021201021
021201020120210120102101202102012021201020120210120102101202102
021201020120210120102101202120121021201020120210120102101202120
021201020120210121020102120121012021201020120210121020102120121
021201020120210121020102120210121021201020120210121020102120210
021201020120210121021201020121012021201020120210121021201020121
021201020120210201021012021020121021201020120210201021012021020
021201020120210201021201020121012021201020120210201021201020121
021201020120210201021202101210201021201020120210201021202101210
021201020120210201210120102120121021201020120210201210120102120
021201020120210201210212012102012021201020120210201210212012102
021201020120212010210120102120121021201020120212010210120102120
021201020120212012101201020121012021201020120212012101201020121
021201020120212012101202101210201021201020120212012101202101210
021201020120212012102010212021012021201020120212012102010212021
021201020120212012102012021020121021201020120212012102012021020
021201020121012010201202101210201021201020121012010201202101210
021201020121012010201202120121012021201020121012010201202120121
021201020121012010210121020121012021201020121012010210121020121
021201020121012010212021012102012021201020121012010212021012102
021201020121012010212021020121012021201020121012010212021020121
021201020121012021012102010210121021201020121012021012102010210
021201020121012021012102120121012021201020121012021012102120121
021201020121012021012102120210201021201020121012021012102120210
021201020121012021020102101210201021201020121012021020102101210
021201020121012021020102120121012021201020121012021020102120121
021201020121012021020102120210121021201020121012021020102120210
021201020121012021201020120210121021201020121012021201020120210
021201020121012021201020120210201021201020121012021201020120210
021201020121012021201021012102012021201020121012021201021012102
021201020121012021201021202102012021201020121012021201021202102
021201020121012021201210120102012021201020121012021201210120102
021201020121012021201210201021012021201020121012021201210201021
021201020121012021201210212021012021201020121012021201210212021
021201020121020102101201020121012021201020121020102101201020121
021201020121020102101210212021012021201020121020102101210212021
021201020121020102120210120102012021201020121020102120210120102
021201020121020102120210201021012021201020121020102120210201021
021201020121021202101201020121012021201020121021202101201020121
021201020121021202101210201021012021201020121021202101210201021
021201020121021202102010212021012021201020121021202102010212021
021201021012010201202102010210121021201021012010201202102010210
021201021012010201210120102120121021201021012010201210120102120
021201021012010201210212012102012021201021012010201210212012102
021201021012010212012101201020121021201021012010212012101201020
021201021012010212012101202102012021201021012010212012101202102
021201021012010212012101202120121021201021012010212012101202120
021201021012010212012102010210121021201021012010212012102010210
021201021012010212012102120102012021201021012010212012102120102
021201021012010212012102120210121021201021012010212012102120210
021201021012010212021020102120121021201021012010212021020102120
021201021012010212021020120210121021201021012010212021020120210
021201021012021020102101201020121021201021012021020102101201020
021201021012021020120210120102012021201021012021020120210120102
021201021012021020121012010210121021201021012021020121012010210
021201021012021020121021202102012021201021012021020121021202102
021201021012021201210120102120121021201021012021201210120102120
021201021012021201210212021020121021201021012021201210212021020
021201021012102010210120102120121021201021012102010210120102120
021201021012102010212021012102012021201021012102010212021012102
021201021012102010212021020121012021201021012102010212021020121
021201021012102012021020102120121021201021012102012021020102120
021201021012102012021201020121012021201021012102012021201020121
021201021012102120121012021020121021201021012102120121012021020
021201021012102120210120102120121021201021012102120210120102120
021201021012102120210121020121012021201021012102120210121020121
021201021012102120210201202120121021201021012102120210201202120
021201021202101210201021202102012021201021202101210201021202102
021201021202101210201202120121012021201021202101210201202120121
021201021202101210201210120102012021201021202101210201210120102
021201021202101210212021020121012021201021202101210212021020121
021201021202102010210121020121012021201021202102010210121020121
021201021202102012021201020121012021201021202102012021201020121
021201210120102012021012010210121021201210120102012021012010210
021201210120102012021020102101201021201210120102012021020102101
021201210120102012021201020121012021201210120102012021201020121
021201210120102012101202101210201021201210120102012101202101210
021201210120102012101202120102012021201210120102012101202120102
021201210120102012102010212021012021201210120102012102010212021
021201210120102012102120102101201021201210120102012102120102101
021201210120102101202102010210121021201210120102101202102010210
021201210120102101210201202101201021201210120102101210201202101
021201210120102101210212012102012021201210120102101210212012102
021201210120102101210212021020121021201210120102101210212021020
021201210120102120121020120210121021201210120102120121020120210
021201210120102120121021201021012021201210120102120121021201021
021201210120102120121021202102012021201210120102120121021202102
021201210120102120210121020121012021201210120102120210121020121
021201210120210121020102120102012021201210120210121020102120102
021201210120210121020102120210121021201210120210121020102120210
021201210120210201021202101210201021201210120210201021202101210
021201210120210201202101201020121021201210120210201202101201020
021201210120210201202101201021012021201210120210201202101201021
021201210120210201202120102101201021201210120210201202120102101
021201210120210201210212010210121021201210120210201210212010210
021201210120210201210212012102012021201210120210201210212012102
021201210120212010201202101210201021201210120212010201202101210
021201210120212010201210120102012021201210120212010201210120102
021201210120212010201210120210121021201210120212010201210120210
021201210120212010201210120210201021201210120212010201210120210
021201210120212010212021012102012021201210120212010212021012102
021201210120212012102012021020121021201210120212012102012021020
021201210120212012102120102101201021201210120212012102120102101
021201210201021012010201202101201021201210201021012010201202101
021201210201021012010212021020121021201210201021012010212021020
021201210201021012021020120210121021201210201021012021020120210
021201210201021012021201020121012021201210201021012021201020121
021201210201021012102012021020121021201210201021012102012021020
021201210201021012102120102101201021201210201021012102120102101
021201210201021202101201020121012021201210201021202101201020121
021201210201021202101202120102012021201210201021202101202120102
021201210201021202101210201021012021201210201021202101210201021
021201210201202101201020120210201021201210201202101201020120210
021201210201202101201021202102012021201210201202101201021202102
021201210201202101210212012101201021201210201202101210212012101
021201210201202101210212021020121021201210201202101210212021020
021201210201202102010210120102012021201210201202102010210120102
021201210201202102010212021020121021201210201202102010212021020
021201210201202102012101201020121021201210201202102012101201020
021201210201202102012101201021012021201210201202102012101201021
021201210201202102012102120102012021201210201202102012102120102
021201210201202102012102120121012021201210201202102012102120121
021201210201202102012102120210121021201210201202102012102120210
021201210201202102012102120210201021201210201202102012102120210
021201210201202120102012021020121021201210201202120102012021020
021201210201202120102101201020121021201210201202120102101201020
021201210201202120121012010210121021201210201202120121012010210
021201210201202120121012021020121021201210201202120121012021020
021201210201202120121021202101201021201210201202120121021202101
021201210212010201202101201021012021201210212010201202101201021
021201210212010201202102012101201021201210212010201202102012101
021201210212010201202120102101201021201210212010201202120102101
021201210212010210120102012101201021201210212010210120102012101
021201210212010210120102120121012021201210212010210120102120121
021201210212010210120102120210201021201210212010210120102120210
021201210212010210120212012101201021201210212010210120212012101
021201210212010210121020102101201021201210212010210121020102101
021201210212010210121020120210201021201210212010210121020120210
021201210212010210121021202101201021201210212010210121021202101
021201210212010210121021202102012021201210212010210121021202102
021201210212021012010210120210201021201210212021012010210120210
021201210212021012010212012102012021201210212021012010212012102
021201210212021012021201020121012021201210212021012021201020121
021201210212021012102010212021012021201210212021012102010212021
021201210212021012102120102101201021201210212021012102120102101
021201210212021020102101202102012021201210212021020102101202102
021201210212021020120210120102012021201210212021020120210120102
021201210212021020120212012101201021201210212021020120212012101
021201210212021020121021201021012021201210212021020121021201021
021202101201020120212010201210201021202101201020120212010201210
021202101201020121012021201020121021202101201020121012021201020
021202101201020121012021201210201021202101201020121012021201210
021202101201020121021202101210201021202101201020121021202101210
021202101201021012021020102120121021202101201021012021020102120
021202101201021012021020120210121021202101201021012021020120210
021202101201021012102012021020121021202101201021012102012021020
021202101201021201210201202120121021202101201021201210201202120
021202101201021201210212010210121021202101201021201210212010210
021202101202120102012021201210201021202101202120102012021201210
021202101202120102012101202120121021202101202120102012101202120
021202101202120102012102010210121021202101202120102012102010210
021202101202120102012102120210201021202101202120102012102120210
021202101202120121012010201210201021202101202120121012010201210
021202101202120121021202101210201021202101202120121021202101210
021202101210201021012010201210201021202101210201021012010201210
021202101210201021012021201020121021202101210201021012021201020
021202101210201021012021201210201021202101210201021012021201210
021202101210201021012102120210201021202101210201021012102120210
021202101210201021201020120210201021202101210201021201020120210
021202101210201021201210120210201021202101210201021201210120210
021202101210201021202101201020121021202101210201021202101201020
021202101210201021202101202120121021202101210201021202101202120
021202101210201021202102010210121021202101210201021202102010210
021202101210201021202102012021201021202101210201021202102012021
021202101210201021202102012101201021202101210201021202102012101
021202101210201202120102012101201021202101210201202120102012101
021202101210201202120102101210201021202101210201202120102101210
021202101210201202120121012021201021202101210201202120121012021
021202101210201210120102012021201021202101210201210120102012021
021202101210201210120102101210201021202101210201210120102101210
021202101210201210120212010210121021202101210201210120212010210
021202101210201210120212012101201021202101210201210120212012101
021202101210212010201202101210201021202101210212010201202101210
021202101210212010201210120210201021202101210212010201210120210
021202101210212010210120102120121021202101210212010210120102120
021202101210212012101202101210201021202101210212012101202101210
021202101210212012102012021020121021202101210212012102012021020
021202101210212021020102101210201021202101210212021020102101210
021202101210212021020121012021201021202101210212021020121012021
021202102010210120102012021020121021202102010210120102012021020
021202102010210120210201202101201021202102010210120210201202101
021202102010210120210201202120121021202102010210120210201202120
021202102010210120212010201210201021202102010210120212010201210
021202102010210121020102120210121021202102010210121020102120210
021202102010210121020121012021201021202102010210121020121012021
021202102010210121021202101210201021202102010210121021202101210
021202102010212010201210120210121021202102010212010201210120210
021202102010212012102012021020121021202102010212012102012021020
021202102010212012102120102101201021202102010212012102120102101
021202102010212021012021201020121021202102010212021012021201020
021202102010212021012102010210121021202102010212021012102010210
021202102012021012010201202120121021202102012021012010201202120
021202102012021012010210120210201021202102012021012010210120210
021202102012021012102120102101201021202102012021012102120102101
021202102012021201020121012021201021202102012021201020121012021
021202102012021201021012021020121021202102012021201021012021020
021202102012021201021202101210201021202102012021201021202101210
021202102012021201210120102120121021202102012021201210120102120
021202102012021201210201202101201021202102012021201210201202101
021202102012021201210212010210121021202102012021201210212010210
021202102012101201021202101210201021202102012101201021202101210
021202102012101202120102012101201021202102012101202120102012101
021202102012101202120102101210201021202102012101202120102101210
021202102012101202120102120210121021202102012101202120102120210
021202102012102120102101202120121021202102012102120102101202120
021202102012102120121012010210121021202102012102120121012010210
021202102012102120121020102101201021202102012102120121020102101
021202102012102120121020120210121021202102012102120121020120210
021202102012102120121020120210201021202102012102120121020120210
101201020120210120102101202102012101201020120210120102101202102
101201020120210120102101210212012101201020120210120102101210212
101201020120210120102120121020102101201020120210120102120121020
101201020120210121020102120102012101201020120210121020102120102
101201020120210201021012010212012101201020120210201021012010212
101201020120210201021012102120102101201020120210201021012102120
101201020120210201021201210201202101201020120210201021201210201
101201020120210201210212021020102101201020120210201210212021020
101201020120212010201210120212012101201020120212010201210120212
101201020120212010201210201021202101201020120212010201210201021
101201020120212010210120210201202101201020120212010210120210201
101201020120212010212021012102012101201020120212010212021012102
101201020120212012101202120102012101201020120212012101202120102
101201020120212012102012021020102101201020120212012102012021020
101201020120212012102120210201202101201020120212012102120210201
101201020121012010210120210201202101201020121012010210120210201
101201020121012010212012102120102101201020121012010212012102120
101201020121012021012102010212012101201020121012021012102010212
101201020121012021201020120212012101201020121012021201020120212
101201020121012021201020121020102101201020121012021201020121020
101201020121012021201020121021202101201020121012021201020121021
101201020121012021201210201021202101201020121012021201210201021
101201020121020102120210120212012101201020121020102120210120212
101201020121020102120210121020102101201020121020102120210121020
101201020121021201021012010212012101201020121021201021012010212
101201020121021201021012021020102101201020121021201021012021020
101201020121021201210120210201202101201020121021201210120210201
101201020121021201210201202102012101201020121021201210201202102
101201020121021201210201202120102101201020121021201210201202120
101201020121021202101210201021202101201020121021202101210201021
101201021012021020102101210201202101201021012021020102101210201
101201021012021020102101210212012101201021012021020102101210212
101201021012021020102120121021202101201021012021020102120121021
101201021012021020102120210201202101201021012021020102120210201
101201021012021020120210120102012101201021012021020120210120102
101201021012021020120210121021202101201021012021020120210121021
101201021012021020120212010201202101201021012021020120212010201
101201021012021020121012010201202101201021012021020121012010201
101201021012021201210120210201202101201021012021201210120210201
101201021012021201210201202102012101201021012021201210201202102
101201021012021201210212010201202101201021012021201210212010201
101201021012102010210120210201202101201021012102010210120210201
101201021012102010212021012102012101201021012102010212021012102
101201021012102012021012010212012101201021012102012021012010212
101201021012102012021020121021202101201021012102012021020121021
101201021012102012101202120102012101201021012102012101202120102
101201021012102120102101202102012101201021012102120102101202102
101201021012102120121012010201202101201021012102120121012010201
101201021012102120121020120212012101201021012102120121020120212
101201021012102120210201210212012101201021012102120210201210212
101201021201210120102012021020102101201021201210120102012021020
101201021201210120102012102120102101201021201210120102012102120
101201021201210120102101210201202101201021201210120102101210201
101201021201210120210201202120102101201021201210120210201202120
101201021201210120212012102120102101201021201210120212012102120
101201021201210201021012010201202101201021201210201021012010201
101201021201210201021012102120102101201021201210201021012102120
101201021201210201202101210212012101201021201210201202101210212
101201021201210201202120121021202101201021201210201202120121021
101201021201210212010201202102012101201021201210212010201202102
101201021201210212010201202120102101201021201210212010201202120
101201021201210212010210120102012101201021201210212010210120102
101201021201210212010210120212012101201021201210212010210120212
101201021201210212010210121020102101201021201210212010210121020
101201021201210212010210121021202101201021201210212010210121021
101201021201210212021012102120102101201021201210212021012102120
101201021201210212021020120212012101201021201210212021020120212
101201021202101210201021202102012101201021202101210201021202102
101201021202101210201202120102012101201021202101210201202120102
101201021202101210201210120212012101201021202101210201210120212
101201021202102010210120210201202101201021202102010210120210201
101201021202102010212012102120102101201021202102010212012102120
101201021202102012021012102120102101201021202102012021012102120
101201021202102012021201210201202101201021202102012021201210201
101201021202102012101202120102012101201021202102012101202120102
101201021202102012102120121020102101201021202102012102120121020
101202101210201021012102120102012101202101210201021012102120102
101202101210201021201020120212012101202101210201021201020120212
101202101210201021201210120102012101202101210201021201210120102
101202101210201021202101210212012101202101210201021202101210212
101202101210212012101202120102012101202101210212012101202120102
101202101210212021020102120102012101202101210212021020102120102
101202102010210120102012102120102101202102010210120102012102120
101202102010210121020102120102012101202102010210121020102120102
101202102010210121020120210120102101202102010210121020120210120
101202102010210121021201210120102101202102010210121021201210120
101202102010212012101202120102012101202102010212012101202120102
101202102010212012102120210120102101202102010212012102120210120
101202102010212021012102010212012101202102010212021012102010212
101202102010212021012102120102012101202102010212021012102120102
101202102010212021020120210120102101202102010212021020120210120
101202102012021012010201202120102101202102012021012010201202120
101202102012021012010201210120102101202102012021012010201210120
101202102012021012010201210212012101202102012021012010201210212
101202102012021012010210120212012101202102012021012010210120212
101202102012021012010210121020102101202102012021012010210121020
101202102012021012010212021020102101202102012021012010212021020
101202102012021012102120121020102101202102012021012102120121020
101202102012021012102120210120102101202102012021012102120210120
101202102012021201020120210120102101202102012021201020120210120
101202102012021201021012010212012101202102012021201021012010212
101202102012021201210212021020102101202102012021201210212021020
101202102012101201020120210120102101202102012101201020120210120
101202102012101201021012102120102101202102012101201021012102120
101202102012102120102012021020102101202102012102120102012021020
101202102012102120102101210212012101202102012102120102101210212
101202102012102120121020120212012101202102012102120121020120212
101202102012102120210201202120102101202102012102120210201202120
101202120102012021012102010212012101202120102012021012102010212
101202120102012021012102120102012101202120102012021012102120102
101202120102012021020102120102012101202120102012021020102120102
101202120102012021201210120102012101202120102012021201210120102
101202120102012021201210201021202101202120102012021201210201021
101202120102012101201020120212012101202120102012101201020120212
101202120102012101201021012102012101202120102012101201021012102
101202120102012101201021202102012101202120102012101201021202102
101202120102012101202101210212012101202120102012101202101210212
101202120102012101202102010212012101202120102012101202102010212
101202120102012101202120121020102101202120102012101202120121020
101202120102012101202120121021202101202120102012101202120121021
101202120102012102010210120102012101202120102012102010210120102
101202120102012102010210121021202101202120102012102010210121021
101202120102012102010212021020102101202120102012102010212021020
101202120102012102120210120102012101202120102012102120210120102
101202120102012102120210121020102101202120102012102120210121020
101202120102012102120210201021202101202120102012102120210201021
101202120102101210201021202102012101202120102101210201021202102
101202120102101210201202120102012101202120102101210201202120102
101202120102101210212021012102012101202120102101210212021012102
101202120102120210121020120212012101202120102120210121020120212
101202120102120210121021202102012101202120102120210121021202102
101202120102120210201021012102012101202120102120210201021012102
101202120102120210201202120102012101202120102120210201202120102
101202120121012010201202120102012101202120121012010201202120102
101202120121012010201210201021202101202120121012010201210201021
101202120121012010212012102120102101202120121012010212012102120
101202120121012010212021012102012101202120121012010212021012102
101202120121012021020120210120102101202120121012021020120210120
101202120121020102101202120102012101202120121020102101202120102
101202120121020102120210120102012101202120121020102120210120102
101202120121020102120210121020102101202120121020102120210121020
101202120121020120210201210120102101202120121020120210201210120
101202120121020120210201210212012101202120121020120210201210212
101202120121021201020120210120102101202120121021201020120210120
101202120121021201021012010212012101202120121021201021012010212
101202120121021202101202120102012101202120121021202101202120102
101202120121021202101210201021202101202120121021202101210201021
101202120121021202102012102120102101202120121021202102012102120
101210201021012010201210201021202101210201021012010201210201021
101210201021012010212012102120102101210201021012010212012102120
101210201021012021020120210120102101210201021012021020120210120
101210201021012021201020121021202101210201021012021201020121021
101210201021012021201210201021202101210201021012021201210201021
101210201021012102120102012101202101210201021012102120102012101
101210201021012102120210201021202101210201021012102120210201021
101210201021201020120210201021202101210201021201020120210201021
101210201021201020120212012101202101210201021201020120212012101
101210201021201020121012010201202101210201021201020121012010201
101210201021201020121012021020102101210201021201020121012021020
101210201021201210120102012101202101210201021201210120102012101
101210201021201210120210201021202101210201021201210120210201021
101210201021201210120212010201202101210201021201210120212010201
101210201021202101201020121021202101210201021202101201020121021
101210201021202101202120121021202101210201021202101202120121021
101210201021202101210201202120102101210201021202101210201202120
101210201021202101210201210120102101210201021202101210201210120
101210201021202101210212010201202101210201021202101210212010201
101210201021202101210212012101202101210201021202101210212012101
101210201021202101210212021020102101210201021202101210212021020
101210201021202102010210121021202101210201021202102010210121021
101210201021202102012021201021202101210201021202102012021201021
101210201021202102012101201021202101210201021202102012101201021
101210201021202102012101202120102101210201021202102012101202120
101210201202101201021012021020102101210201202101201021012021020
101210201202101201021201210120102101210201202101201021201210120
101210201202102010212012102120102101210201202102010212012102120
101210201202102012102120121020102101210201202102012102120121020
101210201202102012102120210120102101210201202102012102120210120
101210201202120102012101201021202101210201202120102012101201021
101210201202120102012101202120102101210201202120102012101202120
101210201202120102101210201021202101210201202120102101210201021
101210201202120121012021201021202101210201202120121012021201021
101210201210120102012021201021202101210201210120102012021201021
101210201210120102101210201021202101210201210120102101210201021
101210201210120212010201210120102101210201210120212010201210120
101210201210120212010210121021202101210201210120212010210121021
101210201210120212010212021020102101210201210120212010212021020
101210201210120212012101201021202101210201210120212012101201021
101210212010201202101210201021202101210212010201202101210201021
101210212010201210120210121020102101210212010201210120210121020
101210212010201210120210201021202101210212010201210120210201021
101210212010201210120212010201202101210212010201210120212010201
101210212010210120102012021020102101210212010210120102012021020
101210212010210120102120121020102101210212010210120102120121020
101210212010210120102120121021202101210212010210120102120121021
101210212010210120102120210201202101210212010210120102120210201
101210212010210120210201210120102101210212010210120210201210120
101210212012101201020120210120102101210212012101201020120210120
101210212012101201021012021020102101210212012101201021012021020
101210212012101201021201210201202101210212012101201021201210201
101210212012101202101210201021202101210212012101202101210201021
101210212012101202102012102120102101210212012101202102012102120
101210212012101202120102012101202101210212012101202120102012101
101210212012102010210120210201202101210212012102010210120210201
101210212012102012021020121021202101210212012102012021020121021
101210212012102012021201210120102101210212012102012021201210120
101210212021012010210120210201202101210212021012010210120210201
101210212021012010212012102120102101210212021012010212012102120
101210212021012021201020121020102101210212021012021201020121020
101210212021012102010212021020102101210212021012102010212021020
101210212021012102012101202120102101210212021012102012101202120
101210212021020102101210201021202101210212021020102101210201021
101210212021020102120102012101202101210212021020102120102012101
101210212021020102120210121020102101210212021020102120210121020
101210212021020120212012102120102101210212021020120212012102120
101210212021020121012021201021202101210212021020121012021201021
101210212021020121021201210120102101210212021020121021201210120
101210212021020121021201210201202101210212021020121021201210201
102010210120102012021012010212012102010210120102012021012010212
102010210120102012021020121021202102010210120102012021020121021
102010210120102012021201210201202102010210120102012021201210201
102010210120102012101202120102012102010210120102012101202120102
102010210120102012102010212021012102010210120102012102010212021
102010210120102012102120102101202102010210120102012102120102101
102010210120102120121012010201202102010210120102120121012010201
102010210120102120121021201021012102010210120102120121021201021
102010210120102120210201210212012102010210120102120210201210212
102010210120210201202101201021012102010210120210201202101201021
102010210120210201202101201021202102010210120210201202101201021
102010210120210201202101210212012102010210120210201202101210212
102010210120210201202120121021202102010210120210201202120121021
102010210120210201210212010201202102010210120210201210212010201
102010210120212010201210120212012102010210120212010201210120212
102010210120212010201210201021202102010210120212010201210201021
102010210120212010201210212021012102010210120212010201210212021
102010210120212012102010212021012102010210120212012102010212021
102010210121020102120102012101202102010210121020102120102012101
102010210121020102120210121021202102010210121020102120210121021
102010210121020120210120102101202102010210121020120210120102101
102010210121020120210201210212012102010210121020120210201210212
102010210121020121012021201021202102010210121020121012021201021
102010210121021201020121012021012102010210121021201020121012021
102010210121021201021012010201202102010210121021201021012010201
102010210121021201021012010212012102010210121021201021012010212
102010210121021201210120102101202102010210121021201210120102101
102010210121021202101202120102012102010210121021202101202120102
102010210121021202101210201021202102010210121021202101210201021
102010210121021202102010212021012102010210121021202102010212021
102010212010201202102010212021012102010212010201202102010212021
102010212010201202120121012021012102010212010201202120121012021
102010212010201210120102012021012102010212010201210120102012021
102010212010201210120210121021202102010212010201210120210121021
102010212010201210120210201021012102010212010201210120210201021
102010212010201210120212010201202102010212010201210120212010201
102010212012101201020121012021012102010212012101201020121012021
102010212012101202102010212021012102010212012101202102010212021
102010212012101202120102012021012102010212012101202120102012021
102010212012101202120102012101202102010212012101202120102012101
102010212012102012021012010201202102010212012102012021012010201
102010212012102012021020121021202102010212012102012021020121021
102010212012102120102101201021202102010212012102120102101201021
102010212012102120102101210201202102010212012102120102101210201
102010212012102120210120102101202102010212012102120210120102101
102010212021012010201202120102012102010212021012010201202120102
102010212021012010201210120212012102010212021012010201210120212
102010212021012010201210212021012102010212021012010201210212021
102010212021012021201020120212012102010212021012021201020120212
102010212021012021201020121021202102010212021012021201020121021
102010212021012021201210120102012102010212021012021201210120102
102010212021012021201210212021012102010212021012021201210212021
102010212021012102010210120102012102010212021012102010210120102
102010212021012102010210120212012102010212021012102010210120212
102010212021012102010210121021202102010212021012102010210121021
102010212021012102010212010201202102010212021012102010212010201
102010212021012102010212012101202102010212021012102010212012101
102010212021012102012021201021012102010212021012102012021201021
102010212021012102012101201021012102010212021012102012101201021
102010212021012102120102012021012102010212021012102120102012021
102010212021012102120102012101202102010212021012102120102012101
102010212021012102120121012021012102010212021012102120121012021
102010212021012102120210201021012102010212021012102120210201021
102010212021020102101202120102012102010212021020102101202120102
102010212021020102101210212021012102010212021020102101210212021
102010212021020120210120102101202102010212021020120210120102101
102010212021020120212010212021012102010212021020120212010212021
102010212021020121012010212021012102010212021020121012010212021
102010212021020121012021201021012102010212021020121012021201021
102010212021020121021201210201202102010212021020121021201210201
102012021012010201202102010212012102012021012010201202102010212
102012021012010201202120102101202102012021012010201202120102101
102012021012010201202120121021202102012021012010201202120121021
102012021012010201210120102101202102012021012010201210120102101
102012021012010201210212012101202102012021012010201210212012101
102012021012010210120210201021012102012021012010210120210201021
102012021012010210120210201021202102012021012010210120210201021
102012021012010210120210201202120102012021012010210120210201202
102012021012010210120210201210120102012021012010210120210201210
102012021012010210120212012101202102012021012010210120212012101
102012021012010210120212012102120102012021012010210120212012102
102012021012010210121020102101202102012021012010210121020102101
102012021012010210121021201210120102012021012010210121021201210
102012021012010212012101201021012102012021012010212012101201021
102012021012010212012102010210120102012021012010212012102010210
102012021012010212021020102101202102012021012010212021020102101
102012021012010212021020120212012102012021012010212021020120212
102012021012102010212010201210120102012021012102010212010201210
102012021012102010212012101202120102012021012102010212012101202
102012021012102010212021012102120102012021012102010212021012102
102012021012102120102012101202120102012021012102120102012101202
102012021012102120102101201021202102012021012102120102101201021
102012021012102120121012010212012102012021012102120121012010212
102012021012102120121020102101202102012021012102120121020102101
102012021012102120210120102101202102012021012102120210120102101
102012021012102120210201210212012102012021012102120210201210212
102012021020102101201020120212012102012021020102101201020120212
102012021020102101201021201210120102012021020102101201021201210
102012021020102101202102012102120102012021020102101202102012102
102012021020102101210212010210120102012021020102101210212010210
102012021020102120102012101202120102012021020102120102012101202
102012021020102120121020120210120102012021020102120121020120210
102012021020102120121021201021012102012021020102120121021201021
102012021020102120210121020102120102012021020102120210121020102
102012021020102120210201210212012102012021020102120210201210212
102012021020121012010201210212012102012021020121012010201210212
102012021020121012010210120212012102012021020121012010210120212
102012021020121012010212012102120102012021020121012010212012102
102012021020121021201020120212012102012021020121021201020120212
102012021020121021201210120212012102012021020121021201210120212
102012021020121021201210201021012102012021020121021201210201021
102012021020121021201210201202120102012021020121021201210201202
102012021020121021202101201021012102012021020121021202101201021
102012021020121021202101210212012102012021020121021202101210212
102012021020121021202102010210120102012021020121021202102010210
102012021020121021202102010212012102012021020121021202102010212
102012021201020120210120102101202102012021201020120210120102101
102012021201020120210201210212012102012021201020120210201210212
102012021201020121012010212021012102012021201020121012010212021
102012021201020121012021201021012102012021201020121012021201021
102012021201020121012021201021202102012021201020121012021201021
102012021201020121012021201210120102012021201020121012021201210
102012021201020121020102120210120102012021201020121020102120210
102012021201021012010201210212012102012021201021012010201210212
102012021201021012010212012101202102012021201021012010212012101
102012021201021012010212012102120102012021201021012010212012102
102012021201021012021020120210120102012021201021012021020120210
102012021201021012021020121021202102012021201021012021020121021
102012021201021012102010212021012102012021201021012102010212021
102012021201021202101210201021202102012021201021202101210201021
102012021201021202101210201210120102012021201021202101210201210
102012021201210120102012101202120102012021201210120102012101202
102012021201210120102101210212012102012021201210120102101210212
102012021201210120102120121021202102012021201210120102120121021
102012021201210120210121020102120102012021201210120210121020102
102012021201210120210201210212012102012021201210120210201210212
102012021201210120212010201210120102012021201210120212010201210
102012021201210120212010212021012102012021201210120212010212021
102012021201210201021202101202120102012021201210201021202101202
102012021201210201202101201021202102012021201210201202101201021
102012021201210201202102010210120102012021201210201202102010210
102012021201210201202102012102120102012021201210201202102012102
102012021201210212010210121021202102012021201210212010210121021
102012021201210212021012010212012102012021201210212021012010212
102012021201210212021020102101202102012021201210212021020102101
102012021201210212021020120210120102012021201210212021020120210
102012101201020120210120102101202102012101201020120210120102101
102012101201020120210121020102120102012101201020120210121020102
102012101201020120212010212021012102012101201020120212010212021
102012101201020120212012101202120102012101201020120212012101202
102012101201020121021201210201202102012101201020121021201210201
102012101201021012021020120210120102012101201021012021020120210
102012101201021012021201210201202102012101201021012021201210201
102012101201021012102010212021012102012101201021012102010212021
102012101201021012102012101202120102012101201021012102012101202
102012101201021012102120102101202102012101201021012102120102101
102012101201021201210212010201202102012101201021201210212010201
102012101201021201210212010210120102012101201021201210212010210
102012101201021202101210201021202102012101201021202101210201021
102012101201021202101210201202120102012101201021202101210201202
102012101201021202102012101202120102012101201021202102012101202
102012101202101210201021012102120102012101202101210201021012102
102012101202101210201021201210120102012101202101210201021201210
102012101202101210212012101202120102012101202101210212012101202
102012101202101210212021020102120102012101202101210212021020102
102012101202102010210121020102120102012101202102010210121020102
102012101202102010212012101202120102012101202102010212012101202
102012101202102010212021012102120102012101202102010212021012102
102012101202120102012021012102120102012101202120102012021012102
102012101202120102012021020102120102012101202120102012021020102
102012101202120102012021201210120102012101202120102012021201210
102012101202120102012101201021012102012101202120102012101201021
102012101202120102012101201021202102012101202120102012101201021
102012101202120102012102010210120102012101202120102012102010210
102012101202120102012102120210120102012101202120102012102120210
102012101202120102101210201021202102012101202120102101210201021
102012101202120102101210201202120102012101202120102101210201202
102012101202120102101210212021012102012101202120102101210212021
102012101202120102120210121021202102012101202120102120210121021
102012101202120102120210201021012102012101202120102120210201021
102012101202120102120210201202120102012101202120102120210201202
102012101202120121012010201202120102012101202120121012010201202
102012101202120121012010212021012102012101202120121012010212021
102012101202120121020102101202120102012101202120121020102101202
102012101202120121020102120210120102012101202120121020102120210
102012101202120121021202101202120102012101202120121021202101202
102012102010210120102012101202120102012102010210120102012101202
102012102010210121021202101202120102012102010210121021202101202
102012102010212021012010201202120102012102010212021012010201202
102012102010212021012021201210120102012102010212021012021201210
102012102010212021012102010210120102012102010212021012102010210
102012102010212021020102101202120102012102010212021020102101202
102012102120102012021020102101202102012102120102012021020102101
102012102120102012021201210201202102012102120102012021201210201
102012102120102101201021201210120102012102120102101201021201210
102012102120102101202102010210120102012102120102101202102010210
102012102120102101202120121021202102012102120102101202120121021
102012102120102101210212012101202102012102120102101210212012101
102012102120121012010210121021202102012102120121012010210121021
102012102120121012021020120210120102012102120121012021020120210
102012102120121012021201210201202102012102120121012021201210201
102012102120121020102101201021202102012102120121020102101201021
102012102120121020102101210201202102012102120121020102101210201
102012102120121020120210121021202102012102120121020120210121021
102012102120121020120210201021202102012102120121020120210201021
102012102120121020120210201210120102012102120121020120210201210
102012102120121020120212010201202102012102120121020120212010201
102012102120121020120212010210120102012102120121020120212010210
102012102120121020120212012101202102012102120121020120212012101
102012102120210120102012101202120102012102120210120102012101202
102012102120210120102101210201202102012102120210120102101210201
102012102120210121020102101202120102012102120210121020102101202
102012102120210121020102120210120102012102120210121020102120210
102012102120210121021201210201202102012102120210121021201210201
102012102120210201021012010201202102012102120210201021012010201
102012102120210201021201210201202102012102120210201021201210201
102012102120210201021202101202120102012102120210201021202101202
102012102120210201202120102101202102012102120210201202120102101
102101201020120210120102120121020102101201020120210120102120121
102101201020120210201021012102120102101201020120210201021012102
102101201020120210201210212021020102101201020120210201210212021
102101201020120212012102012021020102101201020120212012102012021
102101201020121012010212012102120102101201020121012010212012102
102101201020121012021201020121020102101201020121012021201020121
102101201020121020102120210121020102101201020121020102120210121
102101201020121021201021012021020102101201020121021201021012021
102101201020121021201210201202120102101201020121021201210201202
102101201021201210120102012021020102101201021201210120102012021
102101201021201210120102012102120102101201021201210120102012102
102101201021201210120210201202120102101201021201210120210201202
102101201021201210120212012102120102101201021201210120212012102
102101201021201210201021012102120102101201021201210201021012102
102101201021201210212010201202120102101201021201210212010201202
102101201021201210212010210121020102101201021201210212010210121
102101201021201210212021012102120102101201021201210212021012102
102101201021202102010212012102120102101201021202102010212012102
102101201021202102012021012102120102101201021202102012021012102
102101201021202102012102120121020102101201021202102012102120121
102101202102010210120102012102120102101202102010210120102012102
102101202102010210121020120210120102101202102010210121020120210
102101202102010210121021201210120102101202102010210121021201210
102101202102010212012102120210120102101202102010212012102120210
102101202102010212021020120210120102101202102010212021020120210
102101202102012021012010201202120102101202102012021012010201202
102101202102012021012010201210120102101202102012021012010201210
102101202102012021012010210121020102101202102012021012010210121
102101202102012021012010212021020102101202102012021012010212021
102101202102012021012102120121020102101202102012021012102120121
102101202102012021012102120210120102101202102012021012102120210
102101202102012021201020120210120102101202102012021201020120210
102101202102012021201210212021020102101202102012021201210212021
102101202102012101201020120210120102101202102012101201020120210
102101202102012101201021012102120102101202102012101201021012102
102101202102012102120102012021020102101202102012102120102012021
102101202102012102120210201202120102101202102012102120210201202
102101202120102012101202120121020102101202120102012101202120121
102101202120102012102010212021020102101202120102012102010212021
102101202120102012102120210121020102101202120102012102120210121
102101202120121012010212012102120102101202120121012010212012102
102101202120121012021020120210120102101202120121012021020120210
102101202120121020102120210121020102101202120121020102120210121
102101202120121020120210201210120102101202120121020120210201210
102101202120121021201020120210120102101202120121021201020120210
102101202120121021202102012102120102101202120121021202102012102
102101210201021012010212012102120102101210201021012010212012102
102101210201021012021020120210120102101210201021012021020120210
102101210201021201020121012021020102101210201021201020121012021
102101210201021202101210201202120102101210201021202101210201202
102101210201021202101210201210120102101210201021202101210201210
102101210201021202101210212021020102101210201021202101210212021
102101210201021202102012101202120102101210201021202102012101202
102101210201202101201021012021020102101210201202101201021012021
102101210201202101201021201210120102101210201202101201021201210
102101210201202102010212012102120102101210201202102010212012102
102101210201202102012102120121020102101210201202102012102120121
102101210201202102012102120210120102101210201202102012102120210
102101210201202120102012101202120102101210201202120102012101202
102101210201210120212010201210120102101210201210120212010201210
102101210201210120212010212021020102101210201210120212010212021
102101210212010201210120210121020102101210212010201210120210121
102101210212010210120102012021020102101210212010210120102012021
102101210212010210120102120121020102101210212010210120102120121
102101210212010210120210201210120102101210212010210120210201210
102101210212012101201020120210120102101210212012101201020120210
102101210212012101201021012021020102101210212012101201021012021
102101210212012101202102012102120102101210212012101202102012102
102101210212012102012021201210120102101210212012102012021201210
102101210212021012010212012102120102101210212021012010212012102
102101210212021012021201020121020102101210212021012021201020121
102101210212021012102010212021020102101210212021012102010212021
102101210212021012102012101202120102101210212021012102012101202
102101210212021020102120210121020102101210212021020102120210121
102101210212021020120212012102120102101210212021020120212012102
102101210212021020121021201210120102101210212021020121021201210
102120102012021012010210120212012102120102012021012010210120212
102120102012021012102010212021012102120102012021012102010212021
102120102012021020102101202102012102120102012021020102101202102
102120102012021020102120210121020102120102012021020102120210121
102120102012021020121012010212012102120102012021020121012010212
102120102012021201021012010212012102120102012021201021012010212
102120102012021201210120210121020102120102012021201210120210121
102120102012021201210201202102012102120102012021201210201202102
102120102012101201020120210121020102120102012101201020120210121
102120102012101202101210201021012102120102012101202101210201021
102120102012101202101210212021020102120102012101202101210212021
102120102012101202102010210121020102120102012101202102010210121
102120102012101202102010212021012102120102012101202102010212021
102120102012101202120102012021012102120102012101202120102012021
102120102012101202120102012021020102120102012101202120102012021
102120102101201020120210201021012102120102101201020120210201021
102120102101201020121012010212012102120102101201020121012010212
102120102101201021201210120102012102120102101201021201210120102
102120102101201021201210120212012102120102101201021201210120212
102120102101201021201210201021012102120102101201021201210201021
102120102101201021201210212021012102120102101201021201210212021
102120102101201021202102010212012102120102101201021202102010212
102120102101201021202102012021012102120102101201021202102012021
102120102101202102010210120102012102120102101202102010210120102
102120102101202102012101201021012102120102101202102012101201021
102120102101202120121012010212012102120102101202120121012010212
102120102101202120121021202102012102120102101202120121021202102
102120102101210201021012010212012102120102101210201021012010212
102120102101210201202102010212012102120102101210201202102010212
102120102101210212012101202102012102120102101210212012101202102
102120102101210212021012010212012102120102101210212021012010212
102120102101210212021020120212012102120102101210212021020120212
102120121012010201202101201021012102120121012010201202101201021
102120121012010201202102010210120102120121012010201202102010210
102120121012010201210120210121020102120121012010201210120210121
102120121012010201210212010210120102120121012010201210212010210
102120121012010210120210201021012102120121012010210120210201021
102120121012010210121020120210120102120121012010210121020120210
102120121012010210121021202102012102120121012010210121021202102
102120121012010212012102012021012102120121012010212012102012021
102120121012021012102010212021012102120121012021012102010212021
102120121012021020102120210121020102120121012021020102120210121
102120121012021020120210120102012102120121012021020120210120102
102120121012021020120212010210120102120121012021020120212010210
102120121012021020121021201021012102120121012021020121021201021
102120121012021201020120210121020102120121012021201020120210121
102120121012021201020121012021012102120121012021201020121012021
102120121012021201020121012021020102120121012021201020121012021
102120121012021201210201202102012102120121012021201210201202102
102120121012021201210212010210120102120121012021201210212010210
102120121020102101201020120210120102120121020102101201020120210
102120121020102101201021202102012102120121020102101201021202102
102120121020102101202102012021012102120121020102101202102012021
102120121020102101210201202102012102120121020102101210201202102
102120121020102101210212010210120102120121020102101210212010210
102120121020120210120102012021020102120121020120210120102012021
102120121020120210121021201210120102120121020120210121021201210
102120121020120210121021202102012102120121020120210121021202102
102120121020120210201021202102012102120121020120210201021202102
102120121020120210201210120102012102120121020120210201210120102
102120121020120210201210212021012102120121020120210201210212021
102120121020120210201210212021020102120121020120210201210212021
102120121020120212010201202102012102120121020120212010201202102
102120121020120212010210120102012102120121020120212010210120102
102120121020120212012101201021012102120121020120212012101201021
102120121020120212012101202102012102120121020120212012101202102
102120121020120212012102120210120102120121020120212012102120210
102120121021201020120210201210120102120121021201020120210201210
102120121021201020120212010210120102120121021201020120212010210
102120121021201021012010201210120102120121021201021012010201210
102120121021201021012010212021020102120121021201021012010212021
102120121021201021012021201210120102120121021201021012021201210
102120121021201021012102010210120102120121021201021012102010210
102120121021201021012102012021020102120121021201021012102012021
102120121021201021012102120210120102120121021201021012102120210
102120121021202101201021012021020102120121021202101201021012021
102120121021202101210212010210120102120121021202101210212010210
102120121021202102012021201210120102120121021202102012021201210
102120210120102012021201020121020102120210120102012021201020121
102120210120102012101202120102012102120210120102012101202120102
102120210120102012101202120121020102120210120102012101202120121
102120210120102012102120210121020102120210120102012102120210121
102120210120102101202102010212012102120210120102101202102010212
102120210120102101202102012021012102120210120102101202102012021
102120210120102101210201202102012102120210120102101210201202102
102120210120102120121020120212012102120210120102120121020120212
102120210120102120121021201021012102120210120102120121021201021
102120210120212010201202120121020102120210120212010201202120121
102120210120212010201210120212012102120210120212010201210120212
102120210120212010201210201021012102120210120212010201210201021
102120210120212010201210212021020102120210120212010201210212021
102120210120212012101201020121020102120210120212012101201020121
102120210120212012102120210121020102120210120212012102120210121
102120210121020102101201020121020102120210121020102101201020121
102120210121020102101202120102012102120210121020102101202120102
102120210121020102101202120121020102120210121020102101202120121
102120210121020102101210212021020102120210121020102101210212021
102120210121020102120102012021020102120210121020102120102012021
102120210121020102120121012021020102120210121020102120121012021
102120210121020102120210120102012102120210121020102120210120102
102120210121020102120210120212012102120210121020102120210120212
102120210121020102120210201021012102120210121020102120210201021
102120210121020102120210201202120102120210121020102120210201202
102120210121020102120210201210120102120210121020102120210201210
102120210121020120212010201210120102120210121020120212010201210
102120210121020120212010210121020102120210121020120212010210121
102120210121020120212012101202120102120210121020120212012101202
102120210121020121012010201202120102120210121020121012010201202
102120210121020121012010210121020102120210121020121012010210121
102120210121020121012021201021012102120210121020121012021201021
102120210121020121012021201210120102120210121020121012021201210
102120210121021201020120210121020102120210121021201020120210121
102120210121021201020121012021020102120210121021201020121012021
102120210121021201021012010212012102120210121021201021012010212
102120210121021201210120210121020102120210121021201210120210121
102120210121021201210201202102012102120210121021201210201202102
102120210121021202102010210121020102120210121021202102010210121
102120210121021202102012101202120102120210121021202102012101202
102120210201021012010201202102012102120210201021012010201202102
102120210201021012021020120210120102120210201021012021020120210
102120210201021012021020120212012102120210201021012021020120212
102120210201021012021201020121020102120210201021012021201020121
102120210201021012102010212021012102120210201021012102010212021
102120210201021012102012101202120102120210201021012102012101202
102120210201021012102120210121020102120210201021012102120210121
102120210201021201020121012021012102120210201021201020121012021
102120210201021201210201202102012102120210201021201210201202102
102120210201021201210212010210120102120210201021201210212010210
102120210201021202101202120102012102120210201021202101202120102
102120210201021202101210201021012102120210201021202101210201021
102120210201202101201020120212012102120210201202101201020120212
102120210201202101201021012021020102120210201202101201021012021
102120210201202101210212010210120102120210201202101210212010210
102120210201202120102012101202120102120210201202120102012101202
102120210201202120102101202102012102120210201202120102101202102
102120210201202120102120210121020102120210201202120102120210121
102120210201202120121012010212012102120210201202120121012010212
102120210201202120121020120210120102120210201202120121020120210
102120210201202120121021201021012102120210201202120121021201021
102120210201210120102120210121020102120210201210120102120210121
102120210201210120212010201210120102120210201210120212010201210
102120210201210120212010210121020102120210201210120212010210121
102120210201210120212010212021012102120210201210120212010212021
102120210201210212010210120212012102120210201210212010210120212
102120210201210212012101201021012102120210201210212012101201021
102120210201210212012102010210120102120210201210212012102010210
102120210201210212012102012021012102120210201210212012102012021
102120210201210212012102012021020102120210201210212012102012021
120102012021012010210120210201202120102012021012010210120210201
120102012021012010210120210201210120102012021012010210120210201
120102012021012010210120212012102120102012021012010210120212012
120102012021012010210121021201210120102012021012010210121021201
120102012021012010212012102010210120102012021012010212012102010
120102012021012102010212010201210120102012021012102010212010201
120102012021012102010212012101202120102012021012102010212012101
120102012021012102010212021012102120102012021012102010212021012
120102012021012102120102012101202120102012021012102120102012101
120102012021020102101201021201210120102012021020102101201021201
120102012021020102101202102012102120102012021020102101202102012
120102012021020102101210212010210120102012021020102101210212010
120102012021020102120102012101202120102012021020102120102012101
120102012021020102120121020120210120102012021020102120121020120
120102012021020102120210121020102120102012021020102120210121020
120102012021020121012010212012102120102012021020121012010212012
120102012021020121021201210201202120102012021020121021201210201
120102012021020121021202102010210120102012021020121021202102010
120102012021201020121012021201210120102012021201020121012021201
120102012021201020121020102120210120102012021201020121020102120
120102012021201021012010212012102120102012021201021012010212012
120102012021201021012021020120210120102012021201021012021020120
120102012021201021202101210201210120102012021201021202101210201
120102012021201210120102012101202120102012021201210120102012101
120102012021201210120210121020102120102012021201210120210121020
120102012021201210120212010201210120102012021201210120212010201
120102012021201210201021202101202120102012021201210201021202101
120102012021201210201202102010210120102012021201210201202102010
120102012021201210201202102012102120102012021201210201202102012
120102012021201210212021020120210120102012021201210212021020120
120102012101201020120210121020102120102012101201020120210121020
120102012101201020120212012101202120102012101201020120212012101
120102012101201021012021020120210120102012101201021012021020120
120102012101201021012102012101202120102012101201021012102012101
120102012101201021201210212010210120102012101201021201210212010
120102012101201021202101210201202120102012101201021202101210201
120102012101201021202102012101202120102012101201021202102012101
120102012101202101210201021012102120102012101202101210201021012
120102012101202101210201021201210120102012101202101210201021201
120102012101202101210212012101202120102012101202101210212012101
120102012101202101210212021020102120102012101202101210212021020
120102012101202102010210121020102120102012101202102010210121020
120102012101202102010212012101202120102012101202102010212012101
120102012101202102010212021012102120102012101202102010212021012
120102012101202120102012021012102120102012101202120102012021012
120102012101202120102012021020102120102012101202120102012021020
120102012101202120102012021201210120102012101202120102012021201
120102012101202120102012102010210120102012101202120102012102010
120102012101202120102012102120210120102012101202120102012102120
120102012101202120102101210201202120102012101202120102101210201
120102012101202120102120210201202120102012101202120102120210201
120102012101202120121012010201202120102012101202120121012010201
120102012101202120121020102101202120102012101202120121020102101
120102012101202120121020102120210120102012101202120121020102120
120102012101202120121021202101202120102012101202120121021202101
120102012102010210120102012101202120102012102010210120102012101
120102012102010210121021202101202120102012102010210121021202101
120102012102010212021012010201202120102012102010212021012010201
120102012102010212021012021201210120102012102010212021012021201
120102012102010212021012102010210120102012102010212021012102010
120102012102010212021020102101202120102012102010212021020102101
120102012102120102101201021201210120102012102120102101201021201
120102012102120102101202102010210120102012102120102101202102010
120102012102120121012021020120210120102012102120121012021020120
120102012102120121020120210201210120102012102120121020120210201
120102012102120121020120212010210120102012102120121020120212010
120102012102120210120102012101202120102012102120210120102012101
120102012102120210121020102101202120102012102120210121020102101
120102012102120210121020102120210120102012102120210121020102120
120102012102120210201021202101202120102012102120210201021202101
120102101201020120210201021012102120102101201020120210201021012
120102101201020121012010212012102120102101201020121012010212012
120102101201020121021201210201202120102101201020121021201210201
120102101201021201210120102012102120102101201021201210120102012
120102101201021201210120210201202120102101201021201210120210201
120102101201021201210120212012102120102101201021201210120212012
120102101201021201210201021012102120102101201021201210201021012
120102101201021201210212010201202120102101201021201210212010201
120102101201021201210212021012102120102101201021201210212021012
120102101201021202102010212012102120102101201021202102010212012
120102101201021202102012021012102120102101201021202102012021012
120102101202102010210120102012102120102101202102010210120102012
120102101202102010210121020120210120102101202102010210121020120
120102101202102010210121021201210120102101202102010210121021201
120102101202102010212012102120210120102101202102010212012102120
120102101202102010212021020120210120102101202102010212021020120
120102101202102012021012010201202120102101202102012021012010201
120102101202102012021012010201210120102101202102012021012010201
120102101202102012021012102120210120102101202102012021012102120
120102101202102012021201020120210120102101202102012021201020120
120102101202102012101201020120210120102101202102012101201020120
120102101202102012101201021012102120102101202102012101201021012
120102101202102012102120210201202120102101202102012102120210201
120102101202120121012010212012102120102101202120121012010212012
120102101202120121012021020120210120102101202120121012021020120
120102101202120121020120210201210120102101202120121020120210201
120102101202120121021201020120210120102101202120121021201020120
120102101202120121021202102012102120102101202120121021202102012
120102101210201021012010212012102120102101210201021012010212012
120102101210201021012021020120210120102101210201021012021020120
120102101210201021202101210201202120102101210201021202101210201
120102101210201021202101210201210120102101210201021202101210201
120102101210201021202102012101202120102101210201021202102012101
120102101210201202101201021201210120102101210201202101201021201
120102101210201202102010212012102120102101210201202102010212012
120102101210201202102012102120210120102101210201202102012102120
120102101210201202120102012101202120102101210201202120102012101
120102101210201210120212010201210120102101210201210120212010201
120102101210212010210120210201210120102101210212010210120210201
120102101210212012101201020120210120102101210212012101201020120
120102101210212012101202102012102120102101210212012101202102012
120102101210212012102012021201210120102101210212012102012021201
120102101210212021012010212012102120102101210212021012010212012
120102101210212021012102012101202120102101210212021012102012101
120102101210212021020120212012102120102101210212021020120212012
120102101210212021020121021201210120102101210212021020121021201
120102120121012010201202102010210120102120121012010201202102010
120102120121012010201210212010210120102120121012010201210212010
120102120121012010210121020120210120102120121012010210121020120
120102120121012021020120212010210120102120121012021020120212010
120102120121012021201210212010210120102120121012021201210212010
120102120121020102101201020120210120102120121020102101201020120
120102120121020102101210212010210120102120121020102101210212010
120102120121020120210121021201210120102120121020120210121021201
120102120121020120212012102120210120102120121020120212012102120
120102120121021201020120210201210120102120121021201020120210201
120102120121021201020120212010210120102120121021201020120212010
120102120121021201021012010201210120102120121021201021012010201
120102120121021201021012021201210120102120121021201021012021201
120102120121021201021012102010210120102120121021201021012102010
120102120121021201021012102120210120102120121021201021012102120
120102120121021202101210212010210120102120121021202101210212010
120102120121021202102012021201210120102120121021202102012021201
120102120210121020102120210201202120102120210121020102120210201
120102120210121020102120210201210120102120210121020102120210201
120102120210121020120212010201210120102120210121020120212010201
120102120210121020120212012101202120102120210121020120212012101
120102120210121020121012010201202120102120210121020121012010201
120102120210121020121012021201210120102120210121020121012021201
120102120210121021202102012101202120102120210121021202102012101
120102120210201021012021020120210120102120210201021012021020120
120102120210201021012102012101202120102120210201021012102012101
120102120210201021201210212010210120102120210201021201210212010
120102120210201202101210212010210120102120210201202101210212010
120102120210201202120102012101202120102120210201202120102012101
120102120210201202120121020120210120102120210201202120121020120
120102120210201210120212010201210120102120210201210120212010201
120102120210201210212012102010210120102120210201210212012102010
120121012010201202101201021012102120121012010201202101201021012
120121012010201202102010210120102120121012010201202102010210120
120121012010201202120102012101202120121012010201202120102012101
120121012010201210120210121020102120121012010201210120210121020
120121012010201210120212010201202120121012010201210120212010201
120121012010201210201021202101202120121012010201210201021202101
120121012010201210212010210120102120121012010201210212010210120
120121012010210120210201021012102120121012010210120210201021012
120121012010210121020120210120102120121012010210121020120210120
120121012010210121021201210201202120121012010210121021201210201
120121012010210121021202102012102120121012010210121021202102012
120121012010212012102012021012102120121012010212012102012021012
120121012010212012102120102101202120121012010212012102120102101
120121012010212012102120210201202120121012010212012102120210201
120121012010212021012102012101202120121012010212021012102012101
120121012021012102010212010201202120121012021012102010212010201
120121012021012102010212021012102120121012021012102010212021012
120121012021020102120210121020102120121012021020102120210121020
120121012021020120210120102012102120121012021020120210120102012
120121012021020120210120102101202120121012021020120210120102101
120121012021020120212010210120102120121012021020120212010210120
120121012021020121021201021012102120121012021020121021201021012
120121012021020121021201210201202120121012021020121021201210201
120121012021201020120210121020102120121012021201020120210121020
120121012021201020121012010201202120121012021201020121012010201
120121012021201020121012021012102120121012021201020121012021012
120121012021201020121012021020102120121012021201020121012021020
120121012021201021202101210201202120121012021201021202101210201
120121012021201210201202102012102120121012021201210201202102012
120121012021201210212010210120102120121012021201210212010210120
120121020102101201020120210120102120121020102101201020120210120
120121020102101201021202102012102120121020102101201021202102012
120121020102101202102012021012102120121020102101202102012021012
120121020102101202120102012101202120121020102101202120102012101
120121020102101210201202102012102120121020102101210201202102012
120121020102101210212010210120102120121020102101210212010210120
120121020102120210120102012101202120121020102120210120102012101
120121020102120210120212010201202120121020102120210120212010201
120121020102120210121020102101202120121020102120210121020102101
120121020120210120102012021020102120121020120210120102012021020
120121020120210120102120210201202120121020120210120102120210201
120121020120210121021201210120102120121020120210121021201210120
120121020120210121021202102012102120121020120210121021202102012
120121020120210201021012010201202120121020120210201021012010201
120121020120210201021202102012102120121020120210201021202102012
120121020120210201210120102012102120121020120210201210120102012
120121020120210201210120102101202120121020120210201210120102101
120121020120210201210212010201202120121020120210201210212010201
120121020120210201210212012101202120121020120210201210212012101
120121020120210201210212021012102120121020120210201210212021012
120121020120210201210212021020102120121020120210201210212021020
120121020120212010201202102012102120121020120212010201202102012
120121020120212010210120102012102120121020120212010210120102012
120121020120212012101201021012102120121020120212012101201021012
120121020120212012101202102012102120121020120212012101202102012
120121020120212012102120210120102120121020120212012102120210120
120121021201020120210120102101202120121021201020120210120102101
120121021201020120210201210120102120121021201020120210201210120
120121021201020120212010210120102120121021201020120212010210120
120121021201021012010201210120102120121021201021012010201210120
120121021201021012010212012101202120121021201021012010212012101
120121021201021012010212021020102120121021201021012010212021020
120121021201021012021201210120102120121021201021012021201210120
120121021201021012102010210120102120121021201021012102010210120
120121021201021012102012021020102120121021201021012102012021020
120121021201021012102120210120102120121021201021012102120210120
120121021201021012102120210201202120121021201021012102120210201
120121021202101201021012021020102120121021202101201021012021020
120121021202101201021201210201202120121021202101201021201210201
120121021202101202120102012101202120121021202101202120102012101
120121021202101210201021202101202120121021202101210201021202101
120121021202101210212010210120102120121021202101210212010210120
120121021202102010210120210201202120121021202102010210120210201
120121021202102012021012010201202120121021202102012021012010201
120121021202102012021201210120102120121021202102012021201210120
120121021202102012102120102101202120121021202102012102120102101
120210120102012021020102120121020120210120102012021020102120121
120210120102012021201020121020102120210120102012021201020121020
120210120102012021201021012021020120210120102012021201021012021
120210120102012021201210212021020120210120102012021201210212021
120210120102012101201021012021020120210120102012101201021012021
120210120102012101202120102012102120210120102012101202120102012
120210120102012101202120121020102120210120102012101202120121020
120210120102012102120121012021020120210120102012102120121012021
120210120102012102120210121020102120210120102012102120210121020
120210120102101202102010210121020120210120102101202102010210121
120210120102101202102010212012102120210120102101202102010212012
120210120102101202102010212021020120210120102101202102010212021
120210120102101202102012021012102120210120102101202102012021012
120210120102101202102012021201020120210120102101202102012021201
120210120102101202102012101201020120210120102101202102012101201
120210120102101202120121012021020120210120102101202120121012021
120210120102101202120121021201020120210120102101202120121021201
120210120102101210201021012021020120210120102101210201021012021
120210120102101210201202102012102120210120102101210201202102012
120210120102101210212012101201020120210120102101210212012101201
120210120102120121012010210121020120210120102120121012010210121
120210120102120121020102101201020120210120102120121020102101201
120210120102120121020120212012102120210120102120121020120212012
120210120102120121021201021012102120210120102120121021201021012
120210120102120210201021012021020120210120102120210201021012021
120210120102120210201202120121020120210120102120210201202120121
120210120212010201202120121020102120210120212010201202120121020
120210120212010201210120212012102120210120212010201210120212012
120210120212010201210201021012102120210120212010201210201021012
120210120212010201210212021020102120210120212010201210212021020
120210120212012101201020121020102120210120212012101201020121020
120210120212012102120210121020102120210120212012102120210121020
120210121020102101201020121020102120210121020102101201020121020
120210121020102101202120102012102120210121020102101202120102012
120210121020102101202120121020102120210121020102101202120121020
120210121020102101210212010201210120210121020102101210212010201
120210121020102101210212021020102120210121020102101210212021020
120210121020102120102012021020102120210121020102120102012021020
120210121020102120102012021201210120210121020102120102012021201
120210121020102120102012101201020120210121020102120102012101201
120210121020102120121012010201210120210121020102120121012010201
120210121020102120121012021020102120210121020102120121012021020
120210121020102120121012021201020120210121020102120121012021201
120210121020102120210120102012102120210121020102120210120102012
120210121020102120210120212012102120210121020102120210120212012
120210121020102120210121021201020120210121020102120210121021201
120210121020102120210121021201210120210121020102120210121021201
120210121020102120210201021012102120210121020102120210201021012
120210121020102120210201202120102120210121020102120210201202120
120210121020102120210201210120102120210121020102120210201210120
120210121020120212010201210120102120210121020120212010201210120
120210121020120212010210121020102120210121020120212010210121020
120210121020120212012101202120102120210121020120212012101202120
120210121020121012010201202120102120210121020121012010201202120
120210121020121012010210121020102120210121020121012010210121020
120210121020121012021201021012102120210121020121012021201021012
120210121020121012021201210120102120210121020121012021201210120
120210121021201020120210121020102120210121021201020120210121020
120210121021201020121012021020102120210121021201020121012021020
120210121021201020121012021201020120210121021201020121012021201
120210121021201021012010212012102120210121021201021012010212012
120210121021201021012010212021020120210121021201021012010212021
120210121021201210120102120121020120210121021201210120102120121
120210121021201210120210121020102120210121021201210120210121020
120210121021201210120212010201210120210121021201210120212010201
120210121021201210201021012021020120210121021201210201021012021
120210121021201210201202102012102120210121021201210201202102012
120210121021202101201021012021020120210121021202101201021012021
120210121021202102010210121020102120210121021202102010210121020
120210121021202102010212010201210120210121021202102010212010201
120210121021202102012101202120102120210121021202102012101202120
120210121021202102012102120121020120210121021202102012102120121
120210201021012010201202102012102120210201021012010201202102012
120210201021012010201202120121020120210201021012010201202120121
120210201021012010201210212010210120210201021012010201210212010
120210201021012010212012101201020120210201021012010212012101201
120210201021012021020120210120102120210201021012021020120210120
120210201021012021020120212012102120210201021012021020120212012
120210201021012021020121021201020120210201021012021020121021201
120210201021012021201020121020102120210201021012021201020121020
120210201021012102010212010201210120210201021012102010212010201
120210201021012102010212021012102120210201021012102010212021012
120210201021012102012021012010210120210201021012102012021012010
120210201021012102012101202120102120210201021012102012101202120
120210201021012102120102101201020120210201021012102120102101201
120210201021012102120121012010210120210201021012102120121012010
120210201021012102120210121020102120210201021012102120210121020
120210201021201020121012021012102120210201021201020121012021012
120210201021201020121012021201020120210201021201020121012021201
120210201021201210120212010201210120210201021201210120212010201
120210201021201210201202101201020120210201021201210201202101201
120210201021201210201202102012102120210201021201210201202102012
120210201021201210212010210120102120210201021201210212010210120
120210201021201210212010210121020120210201021201210212010210121
120210201021201210212021012010210120210201021201210212021012010
120210201021202101202120102012102120210201021202101202120102012
120210201021202101210201021012102120210201021202101210201021012
120210201021202101210201021201020120210201021202101210201021201
120210201021202101210201021201210120210201021202101210201021201
120210201021202101210212010201210120210201021202101210212010201
120210201021202102012021012010210120210201021202102012021012010
120210201021202102012102120121020120210201021202102012102120121
120210201202101201020120212010210120210201202101201020120212010
120210201202101201020120212012102120210201202101201020120212012
120210201202101201020121012010210120210201202101201020121012010
120210201202101201020121021201210120210201202101201020121021201
120210201202101201021012021020102120210201202101201021012021020
120210201202101201021012021201210120210201202101201021012021201
120210201202101201021012102010210120210201202101201021012102010
120210201202101201021202102010210120210201202101201021202102010
120210201202101210212010210120102120210201202101210212010210120
120210201202101210212012102010210120210201202101210212012102010
120210201202101210212021012010210120210201202101210212021012010
120210201202120102012021012010210120210201202120102012021012010
120210201202120102012101202120102120210201202120102012101202120
120210201202120102101201021201210120210201202120102101201021201
120210201202120102101202102012102120210201202120102101202102012
120210201202120102120210121020102120210201202120102120210121020
120210201202120121012010212012102120210201202120121012010212012
120210201202120121020120210120102120210201202120121020120210120
120210201202120121021201021012102120210201202120121021201021012
120210201202120121021202102010210120210201202120121021202102010
120210201210120102012021012010210120210201210120102012021012010
120210201210120102012102120121020120210201210120102012102120121
120210201210120102101202120121020120210201210120102101202120121
120210201210120102101210212010210120210201210120102101210212010
120210201210120102120121021201020120210201210120102120121021201
120210201210120102120210121020102120210201210120102120210121020
120210201210120212010201210120102120210201210120212010201210120
120210201210120212010210121020102120210201210120212010210121020
120210201210120212010212021012102120210201210120212010212021012
120210201210212010201202102010210120210201210212010201202102010
120210201210212010201202120121020120210201210212010201202120121
120210201210212010210120212012102120210201210212010210120212012
120210201210212010210121021201210120210201210212010210121021201
120210201210212012101201021012102120210201210212012101201021012
120210201210212012101202120121020120210201210212012101202120121
120210201210212012102010210120102120210201210212012102010210120
120210201210212012102010210121020120210201210212012102010210121
120210201210212012102012021012102120210201210212012102012021012
120210201210212012102012021020102120210201210212012102012021020
120210201210212012102012021201020120210201210212012102012021201
120210201210212012102012021201210120210201210212012102012021201
120210201210212021012010210121020120210201210212021012010210121
120210201210212021012102120121020120210201210212021012102120121
120210201210212021020102101201020120210201210212021020102101201
120210201210212021020102120121020120210201210212021020102120121
120210201210212021020120212010210120210201210212021020120212010
120212010201202101201021012021020120212010201202101201021012021
120212010201202101210201021201210120212010201202101210201021201
120212010201202101210212010201210120212010201202101210212010201
120212010201202102010212010201210120212010201202102010212010201
120212010201202102012102120121020120212010201202102012102120121
120212010201202120121012010201210120212010201202120121012010201
120212010201202120121020102120210120212010201202120121020102120
120212010201210120102012021201210120212010201210120102012021201
120212010201210120102101210201210120212010201210120102101210201
120212010201210120102120210121020120212010201210120102120210121
120212010201210120102120210201210120212010201210120102120210201
120212010201210120210121021201210120212010201210120210121021201
120212010201210120210201021201210120212010201210120210201021201
120212010201210120212010210121020120212010201210120212010210121
120212010201210120212010212021020120212010201210120212010212021
120212010201210120212012101201020120212010201210120212012101201
120212010201210120212012102010210120212010201210120212012102010
120212010201210120212012102120210120212010201210120212012102120
120212010201210201021012010201210120212010201210201021012010201
120212010201210201021012102120210120212010201210201021012102120
120212010201210201021202101201020120212010201210201021202101201
120212010201210201021202102010210120212010201210201021202102010
120212010201210212021012010201210120212010201210212021012010201
120212010201210212021012102010210120212010201210212021012102010
120212010201210212021020102120210120212010201210212021020102120
120212010210120102012102120121020120212010210120102012102120121
120212010210120102120121012021020120212010210120102120121012021
120212010210120102120121021201020120212010210120102120121021201
120212010210120210201202101201020120212010210120210201202101201
120212010210120210201210212021020120212010210120210201210212021
120212010210121020102120210121020120212010210121020102120210121
120212010210121020102120210201210120212010210121020102120210201
120212010210121020120212010201210120212010210121020120212010201
120212010210121021202101210201210120212010210121021202101210201
120212010212021012102010212021020120212010212021012102010212021
120212010212021012102012021201210120212010212021012102012021201
120212010212021012102012101201020120212010212021012102012101201
120212010212021012102120210201210120212010212021012102120210201
120212010212021020102101210201210120212010212021020102101210201
120212010212021020120212010201210120212010212021020120212010201
120212012101201020120212010201210120212012101201020120212010201
120212012101201020121012021201020120212012101201020121012021201
120212012101201020121020102120210120212012101201020121020102120
120212012101201021012102120121020120212012101201021012102120121
120212012101201021201210212010210120212012101201021201210212010
120212012101201021201210212021020120212012101201021201210212021
120212012101201021202101210201210120212012101201021202101210201
120212012101202101210201021201020120212012101202101210201021201
120212012101202102012021012010210120212012101202102012021012010
120212012101202102012102120121020120212012101202102012102120121
120212012101202120102012101201020120212012101202120102012101201
120212012101202120102120210121020120212012101202120102120210121
120212012102010210120212010201210120212012102010210120212010201
120212012102010212021012010201210120212012102010212021012010201
120212012102010212021012021201020120212012102010212021012021201
120212012102010212021012102010210120212012102010212021012102010
120212012102012021012010212021020120212012102012021012010212021
120212012102012021020102101201020120212012102012021020102101201
120212012102012021020121012010210120212012102012021020121012010
120212012102012021020121021201020120212012102012021020121021201
120212012102012021020121021201210120212012102012021020121021201
120212012102120102012021012010210120212012102120102012021012010
120212012102120102101201021201210120212012102120102101201021201
120212012102120102101210212021020120212012102120102101210212021
120212012102120210120102120121020120212012102120210120102120121
120212012102120210120212010201210120212012102120210120212010201
120212012102120210121020102120210120212012102120210121020102120
120212012102120210201021012021020120212012102120210201021012021
120212012102120210201202101201020120212012102120210201202101201
120212012102120210201210212010210120212012102120210201210212010
121012010201202101201021012021020121012010201202101201021012021
121012010201202101201021012102120121012010201202101201021012102
121012010201202101210201021201020121012010201202101210201021201
121012010201202102010210120102120121012010201202102010210120102
121012010201202120102012101202120121012010201202120102012101202
121012010201202120102120210121020121012010201202120102120210121
121012010201202120121012021201020121012010201202120121012021201
121012010201210120210121020102120121012010201210120210121020102
121012010201210120212010201202120121012010201210120212010201202
121012010201210201021202101202120121012010201210201021202101202
121012010201210212010210120102120121012010201210212010210120102
121012010201210212012102012021020121012010201210212012102012021
121012010210120210201021012102120121012010210120210201021012102
121012010210120210201202101201020121012010210120210201202101201
121012010210120212012102012021020121012010210120212012102012021
121012010210121020102120210121020121012010210121020102120210121
121012010210121020120210120102120121012010210121020120210120102
121012010210121020121012021201020121012010210121020121012021201
121012010210121021201021012021020121012010210121021201021012021
121012010210121021201210201202120121012010210121021201210201202
121012010210121021202102012102120121012010210121021202102012102
121012010212012102012021012102120121012010212012102012021012102
121012010212012102120102012021020121012010212012102120102012021
121012010212012102120102101201020121012010212012102120102101201
121012010212012102120102101202120121012010212012102120102101202
121012010212012102120210201202120121012010212012102120210201202
121012010212021012102010212021020121012010212021012102010212021
121012010212021012102012021201020121012010212021012102012021201
121012010212021012102012101202120121012010212021012102012101202
121012010212021020121012021201020121012010212021020121012021201
121012021012102010210121021201020121012021012102010210121021201
121012021012102010212010201202120121012021012102010212010201202
121012021012102010212012101201020121012021012102010212012101201
121012021012102010212021012102120121012021012102010212021012102
121012021012102120121012021201020121012021012102120121012021201
121012021012102120210201021201020121012021012102120210201021201
121012021020102101210201021201020121012021020102101210201021201
121012021020102120121012021201020121012021020102120121012021201
121012021020102120210121020102120121012021020102120210121020102
121012021020102120210121021201020121012021020102120210121021201
121012021020120210120102012102120121012021020120210120102012102
121012021020120210120102101202120121012021020120210120102101202
121012021020120212010210120102120121012021020120212010210120102
121012021020121021201021012102120121012021020121021201021012102
121012021020121021201210201202120121012021020121021201210201202
121012021201020120210121020102120121012021201020120210121020102
121012021201020120210121021201020121012021201020120210121021201
121012021201020120210201021201020121012021201020120210201021201
121012021201020120212012101201020121012021201020120212012101201
121012021201020121012010201202120121012021201020121012010201202
121012021201020121012010210121020121012021201020121012010210121
121012021201020121012010212021020121012021201020121012010212021
121012021201020121012021012102120121012021201020121012021012102
121012021201020121012021020102120121012021201020121012021020102
121012021201020121020102101201020121012021201020121020102101201
121012021201020121021202101201020121012021201020121021202101201
121012021201021012102010212021020121012021201021012102010212021
121012021201021012102012021201020121012021201021012102012021201
121012021201021012102120210121020121012021201021012102120210121
121012021201021202101210201202120121012021201021202101210201202
121012021201021202101210212021020121012021201021202101210212021
121012021201021202102010210121020121012021201021202102010210121
121012021201021202102012021201020121012021201021202102012021201
121012021201210120102012021201020121012021201210120102012021201
121012021201210120102120210121020121012021201210120102120210121
121012021201210201021012021201020121012021201210201021012021201
121012021201210201021202101201020121012021201210201021202101201
121012021201210201202102012102120121012021201210201202102012102
121012021201210212010210120102120121012021201210212010210120102
121012021201210212021012021201020121012021201210212021012021201
121020102101201020120210120102120121020102101201020120210120102
121020102101201020121012021201020121020102101201020121012021201
121020102101201020121020102120210121020102101201020121020102120
121020102101201021201210212010210121020102101201021201210212010
121020102101201021202102012102120121020102101201021202102012102
121020102101202102012021012010210121020102101202102012021012010
121020102101202102012021012102120121020102101202102012021012102
121020102101202120102012101202120121020102101202120102012101202
121020102101202120102012102120210121020102101202120102012102120
121020102101202120121020102120210121020102101202120121020102120
121020102101210201202102012102120121020102101210201202102012102
121020102101210212010201210120210121020102101210212010201210120
121020102101210212010210120102120121020102101210212010210120102
121020102101210212021012021201020121020102101210212021012021201
121020102101210212021020102120210121020102101210212021020102120
121020102120102012021020102120210121020102120102012021020102120
121020102120102012021201210120210121020102120102012021201210120
121020102120102012101201020120210121020102120102012101201020120
121020102120102012101202102010210121020102120102012101202102010
121020102120121012010201210120210121020102120121012010201210120
121020102120121012021020102120210121020102120121012021020102120
121020102120121012021201020120210121020102120121012021201020120
121020102120210120102012021201020121020102120210120102012021201
121020102120210120102012101202120121020102120210120102012101202
121020102120210120102012102120210121020102120210120102012102120
121020102120210120212010201202120121020102120210120212010201202
121020102120210120212012101201020121020102120210120212012101201
121020102120210120212012102120210121020102120210120212012102120
121020102120210121020102101201020121020102120210121020102101201
121020102120210121020102101202120121020102120210121020102101202
121020102120210121020120212010210121020102120210121020120212010
121020102120210121020121012010210121020102120210121020121012010
121020102120210121021201020120210121020102120210121021201020120
121020102120210121021201210120210121020102120210121021201210120
121020102120210121021202102010210121020102120210121021202102010
121020102120210201021012021201020121020102120210201021012021201
121020102120210201021012102120210121020102120210201021012102120
121020102120210201202120102120210121020102120210201202120102120
121020102120210201210120102120210121020102120210201210120102120
121020102120210201210120212010210121020102120210201210120212010
121020120210120102012021020102120121020120210120102012021020102
121020120210120102101202102010210121020120210120102101202102010
121020120210120102120121012010210121020120210120102120121012010
121020120210120102120210201202120121020120210120102120210201202
121020120210121021201210120102120121020120210121021201210120102
121020120210121021202102012102120121020120210121021202102012102
121020120210201021012010201202120121020120210201021012010201202
121020120210201021201210212010210121020120210201021201210212010
121020120210201021202102012102120121020120210201021202102012102
121020120210201210120102012102120121020120210201210120102012102
121020120210201210120102101202120121020120210201210120102101202
121020120210201210212010201202120121020120210201210212010201202
121020120210201210212012101202120121020120210201210212012101202
121020120210201210212012102010210121020120210201210212012102010
121020120210201210212021012010210121020120210201210212021012010
121020120210201210212021012102120121020120210201210212021012102
121020120210201210212021020102120121020120210201210212021020102
121020120212010201202102012102120121020120212010201202102012102
121020120212010201210120102120210121020120212010201210120102120
121020120212010201210120212010210121020120212010201210120212010
121020120212010210120102012102120121020120212010210120102012102
121020120212010210121020102120210121020120212010210121020102120
121020120212012101201021012102120121020120212012101201021012102
121020120212012101202102012102120121020120212012101202102012102
121020120212012101202120102120210121020120212012101202120102120
121020120212012102120210120102120121020120212012102120210120102
121020121012010201202120102120210121020121012010201202120102120
121020121012010210121020102120210121020121012010210121020102120
121020121012021201020121012010210121020121012021201020121012010
121020121012021201021012102120210121020121012021201021012102120
121020121012021201021202102010210121020121012021201021202102010
121020121012021201210120102120210121020121012021201210120102120
121021201020120210120102101202120121021201020120210120102101202
121021201020120210121020102120210121021201020120210121020102120
121021201020120210201021012021020121021201020120210201021012021
121021201020120210201210120102120121021201020120210201210120102
121021201020120212010210120102120121021201020120212010210120102
121021201020120212012102012021020121021201020120212012102012021
121021201020121012021012102010210121021201020121012021012102010
121021201020121012021020102120210121021201020121012021020102120
121021201020121012021201020120210121021201020121012021201020120
121021201021012010201202102010210121021201021012010201202102010
121021201021012010201210120102120121021201021012010201210120102
121021201021012010212012101201020121021201021012010212012101201
121021201021012010212012101202120121021201021012010212012101202
121021201021012010212012102010210121021201021012010212012102010
121021201021012010212012102120210121021201021012010212012102120
121021201021012010212021020102120121021201021012010212021020102
121021201021012010212021020120210121021201021012010212021020120
121021201021012021020102101201020121021201021012021020102101201
121021201021012021020121012010210121021201021012021020121012010
121021201021012021201210120102120121021201021012021201210120102
121021201021012021201210212021020121021201021012021201210212021
121021201021012102010210120102120121021201021012102010210120102
121021201021012102012021020102120121021201021012102012021020102
121021201021012102120121012021020121021201021012102120121012021
121021201021012102120210120102120121021201021012102120210120102
121021201021012102120210201202120121021201021012102120210201202
121021201210120102012021012010210121021201210120102012021012010
121021201210120102101202102010210121021201210120102101202102010
121021201210120102101210212021020121021201210120102101210212021
121021201210120102120121020120210121021201210120102120121020120
121021201210120210121020102120210121021201210120210121020102120
121021201210120210201202101201020121021201210120210201202101201
121021201210120210201210212010210121021201210120210201210212010
121021201210120212010201210120210121021201210120212010201210120
121021201210120212012102012021020121021201210120212012102012021
121021201210201021012010212021020121021201210201021012010212021
121021201210201021012021020120210121021201210201021012021020120
121021201210201021012102012021020121021201210201021012102012021
121021201210201202101210212021020121021201210201202101210212021
121021201210201202102010212021020121021201210201202102010212021
121021201210201202102012101201020121021201210201202102012101201
121021201210201202102012102120210121021201210201202102012102120
121021201210201202120102012021020121021201210201202120102012021
121021201210201202120102101201020121021201210201202120102101201
121021201210201202120121012010210121021201210201202120121012010
121021201210201202120121012021020121021201210201202120121012021
121021202101201020121012021201020121021202101201020121012021201
121021202101201021012021020102120121021202101201021012021020102
121021202101201021012021020120210121021202101201021012021020120
121021202101201021012102012021020121021202101201021012102012021
121021202101201021201210201202120121021202101201021201210201202
121021202101201021201210212010210121021202101201021201210212010
121021202101202120102012101202120121021202101202120102012101202
121021202101202120102012102010210121021202101202120102012102010
121021202101210201021012021201020121021202101210201021012021201
121021202101210201021202101201020121021202101210201021202101201
121021202101210201021202101202120121021202101210201021202101202
121021202101210201021202102010210121021202101210201021202102010
121021202101210201210120212010210121021202101210201210120212010
121021202101210212010210120102120121021202101210212010210120102
121021202101210212012102012021020121021202101210212012102012021
121021202102010210120102012021020121021202102010210120102012021
121021202102010210120210201202120121021202102010210120210201202
121021202102010210121020102120210121021202102010210121020102120
121021202102010212010201210120210121021202102010212010201210120
121021202102010212012102012021020121021202102010212012102012021
121021202102010212021012021201020121021202102010212021012021201
121021202102010212021012102010210121021202102010212021012102010
121021202102012021012010201202120121021202102012021012010201202
121021202102012021201021012021020121021202102012021201021012021
121021202102012021201210120102120121021202102012021201210120102
121021202102012021201210212010210121021202102012021201210212010
121021202102012101202120102120210121021202102012101202120102120
121021202102012102120102101202120121021202102012102120102101202
121021202102012102120121012010210121021202102012102120121012010
121021202102012102120121020120210121021202102012102120121020120
201020120210120102101202102012021201020120210120102101202102012
201020120210120102101202102012101201020120210120102101202102012
201020120210120102101202120121021201020120210120102101202120121
201020120210120102101210212012101201020120210120102101210212012
201020120210120102120121020102101201020120210120102120121020102
201020120210121020102120102012101201020120210121020102120102012
201020120210121020102120121012021201020120210121020102120121012
201020120210121020102120210121021201020120210121020102120210121
201020120210121021201020121012021201020120210121021201020121012
201020120210201021012010212012101201020120210201021012010212012
201020120210201021012021020121021201020120210201021012021020121
201020120210201021012102120102101201020120210201021012102120102
201020120210201021201020121012021201020120210201021201020121012
201020120210201021201210201202101201020120210201021201210201202
201020120210201021202101210201021201020120210201021202101210201
201020120210201210120102120121021201020120210201210120102120121
201020120210201210212012102012021201020120210201210212012102012
201020120210201210212021020102101201020120210201210212021020102
201020120212010201210120212012101201020120212010201210120212012
201020120212010201210201021202101201020120212010201210201021202
201020120212010210120102120121021201020120212010210120102120121
201020120212010210120210201202101201020120212010210120210201202
201020120212010212021012102012101201020120212010212021012102012
201020120212012101201020121012021201020120212012101201020121012
201020120212012101202101210201021201020120212012101202101210201
201020120212012101202120102012101201020120212012101202120102012
201020120212012102010212021012021201020120212012102010212021012
201020120212012102012021020102101201020120212012102012021020102
201020120212012102012021020121021201020120212012102012021020121
201020120212012102120210201202101201020120212012102120210201202
201020121012010201202101210201021201020121012010201202101210201
201020121012010201202120121012021201020121012010201202120121012
201020121012010210120210201202101201020121012010210120210201202
201020121012010210121020121012021201020121012010210121020121012
201020121012010212012102120102101201020121012010212012102120102
201020121012010212021012102012021201020121012010212021012102012
201020121012010212021020121012021201020121012010212021020121012
201020121012021012102010210121021201020121012021012102010210121
201020121012021012102010212012101201020121012021012102010212012
201020121012021012102120121012021201020121012021012102120121012
201020121012021012102120210201021201020121012021012102120210201
201020121012021020102101210201021201020121012021020102101210201
201020121012021020102120121012021201020121012021020102120121012
201020121012021020102120210121021201020121012021020102120210121
201020121012021201020120210121021201020121012021201020120210121
201020121012021201020120210201021201020121012021201020120210201
201020121012021201020120212012101201020121012021201020120212012
201020121012021201020121020102101201020121012021201020121020102
201020121012021201020121021202101201020121012021201020121021202
201020121012021201021012102012021201020121012021201021012102012
201020121012021201021202102012021201020121012021201021202102012
201020121012021201210120102012021201020121012021201210120102012
201020121012021201210201021012021201020121012021201210201021012
201020121012021201210201021202101201020121012021201210201021202
201020121012021201210212021012021201020121012021201210212021012
201020121020102101201020121012021201020121020102101201020121012
201020121020102101210212021012021201020121020102101210212021012
201020121020102120210120102012021201020121020102120210120102012
201020121020102120210120212012101201020121020102120210120212012
201020121020102120210121020102101201020121020102120210121020102
201020121020102120210201021012021201020121020102120210201021012
201020121021201021012010212012101201020121021201021012010212012
201020121021201021012021020102101201020121021201021012021020102
201020121021201210120210201202101201020121021201210120210201202
201020121021201210201202102012101201020121021201210201202102012
201020121021201210201202120102101201020121021201210201202120102
201020121021202101201020121012021201020121021202101201020121012
201020121021202101210201021012021201020121021202101210201021012
201020121021202101210201021202101201020121021202101210201021202
201020121021202102010212021012021201020121021202102010212021012
201021012010201202101201021201210201021012010201202101201021201
201021012010201202102010210121021201021012010201202102010210121
201021012010201202102012102120210201021012010201202102012102120
201021012010201202120121020120210201021012010201202120121020120
201021012010201210120102120121021201021012010201210120102120121
201021012010201210120212010201210201021012010201210120212010201
201021012010201210201021202101210201021012010201210201021202101
201021012010201210212010210120210201021012010201210212010210120
201021012010201210212012102012021201021012010201210212012102012
201021012010212012101201020120210201021012010212012101201020120
201021012010212012101201020121021201021012010212012101201020121
201021012010212012101202102012021201021012010212012101202102012
201021012010212012101202120121021201021012010212012101202120121
201021012010212012102010210121021201021012010212012102010210121
201021012010212012102120102012021201021012010212012102120102012
201021012010212012102120102101210201021012010212012102120102101
201021012010212012102120210121021201021012010212012102120210121
201021012010212021020102120121021201021012010212021020102120121
201021012010212021020120210121021201021012010212021020120210121
201021012010212021020121021201210201021012010212021020121021201
201021012021020102101201020121021201021012021020102101201020121
201021012021020102101210201202101201021012021020102101210201202
201021012021020102101210212012101201021012021020102101210212012
201021012021020102120121021202101201021012021020102120121021202
201021012021020102120210201202101201021012021020102120210201202
201021012021020120210120102012021201021012021020120210120102012
201021012021020120210120102012101201021012021020120210120102012
201021012021020120210120102101210201021012021020120210120102101
201021012021020120210120102120210201021012021020120210120102120
201021012021020120210121021201210201021012021020120210121021201
201021012021020120210121021202101201021012021020120210121021202
201021012021020120212010201202101201021012021020120212010201202
201021012021020120212012102120210201021012021020120212012102120
201021012021020121012010201202101201021012021020121012010201202
201021012021020121012010210121021201021012021020121012010210121
201021012021020121021201020120210201021012021020121021201020120
201021012021020121021202102012021201021012021020121021202102012
201021012021201020121012021201210201021012021201020121012021201
201021012021201020121020102120210201021012021201020121020102120
201021012021201020121021202101210201021012021201020121021202101
201021012021201210120102120121021201021012021201210120102120121
201021012021201210120210201202101201021012021201210120210201202
201021012021201210201021202101210201021012021201210201021202101
201021012021201210201202102012101201021012021201210201202102012
201021012021201210212010201202101201021012021201210212010201202
201021012021201210212021020121021201021012021201210212021020121
201021012102010210120102120121021201021012102010210120102120121
201021012102010210120210201202101201021012102010210120210201202
201021012102010212010201210120210201021012102010212010201210120
201021012102010212021012102012021201021012102010212021012102012
201021012102010212021012102012101201021012102010212021012102012
201021012102010212021012102120210201021012102010212021012102120
201021012102010212021020121012021201021012102010212021020121012
201021012102012021012010210120210201021012102012021012010210120
201021012102012021012010212012101201021012102012021012010212012
201021012102012021020102120121021201021012102012021020102120121
201021012102012021020121021201210201021012102012021020121021201
201021012102012021020121021202101201021012102012021020121021202
201021012102012021201020121012021201021012102012021201020121012
201021012102012101202120102012101201021012102012101202120102012
201021012102012101202120102120210201021012102012101202120102120
201021012102120102012101202101210201021012102120102012101202101
201021012102120102101201020120210201021012102120102101201020120
201021012102120102101201021201210201021012102120102101201021201
201021012102120102101202102012101201021012102120102101202102012
201021012102120121012010201202101201021012102120121012010201202
201021012102120121012010210120210201021012102120121012010210120
201021012102120121012021020121021201021012102120121012021020121
201021012102120121020120212012101201021012102120121020120212012
201021012102120210120102120121021201021012102120210120102120121
201021012102120210120212010201210201021012102120210120212010201
201021012102120210121020102120210201021012102120210121020102120
201021012102120210121020121012021201021012102120210121020121012
201021012102120210201021202101210201021012102120210201021202101
201021012102120210201202120121021201021012102120210201202120121
201021012102120210201210212012101201021012102120210201210212012
201021201020120210201021202101210201021201020120210201021202101
201021201020120212012101202101210201021201020120212012101202101
201021201020121012010201202101210201021201020121012010201202101
201021201020121012021012102120210201021201020121012021012102120
201021201020121012021020102101210201021201020121012021020102101
201021201020121012021201020120210201021201020121012021201020120
201021201210120102012021020102101201021201210120102012021020102
201021201210120102012101202101210201021201210120102012101202101
201021201210120102012102120102101201021201210120102012102120102
201021201210120102101210201202101201021201210120102101210201202
201021201210120210201021202101210201021201210120210201021202101
201021201210120210201202120102101201021201210120210201202120102
201021201210120212010201202101210201021201210120212010201202101
201021201210120212010201210120210201021201210120212010201210120
201021201210120212012102120102101201021201210120212012102120102
201021201210201021012010201202101201021201210201021012010201202
201021201210201021012102120102101201021201210201021012102120102
201021201210201202101201020120210201021201210201202101201020120
201021201210201202101210212012101201021201210201202101210212012
201021201210201202102012102120210201021201210201202102012102120
201021201210201202120121021202101201021201210201202120121021202
201021201210212010201202102012101201021201210212010201202102012
201021201210212010201202120102101201021201210212010201202120102
201021201210212010210120102012101201021201210212010210120102012
201021201210212010210120102120210201021201210212010210120102120
201021201210212010210120212012101201021201210212010210120212012
201021201210212010210121020102101201021201210212010210121020102
201021201210212010210121020120210201021201210212010210121020120
201021201210212010210121021202101201021201210212010210121021202
201021201210212021012010210120210201021201210212021012010210120
201021201210212021012102120102101201021201210212021012102120102
201021201210212021020120212012101201021201210212021020120212012
201021202101201020120212010201210201021202101201020120212010201
201021202101201020121012021201210201021202101201020121012021201
201021202101201020121021202101210201021202101201020121021202101
201021202101202120102012021201210201021202101202120102012021201
201021202101202120102012102120210201021202101202120102012102120
201021202101202120121012010201210201021202101202120121012010201
201021202101202120121021202101210201021202101202120121021202101
201021202101210201021012010201210201021202101210201021012010201
201021202101210201021012021201210201021202101210201021012021201
201021202101210201021012102120210201021202101210201021012102120
201021202101210201021201020120210201021202101210201021201020120
201021202101210201021201210120210201021202101210201021201210120
201021202101210201021202102012021201021202101210201021202102012
201021202101210201021202102012101201021202101210201021202102012
201021202101210201202120102012101201021202101210201202120102012
201021202101210201202120102101210201021202101210201202120102101
201021202101210201202120121012021201021202101210201202120121012
201021202101210201210120102012021201021202101210201210120102012
201021202101210201210120102101210201021202101210201210120102101
201021202101210201210120212012101201021202101210201210120212012
201021202101210212010201202101210201021202101210212010201202101
201021202101210212010201210120210201021202101210212010201210120
201021202101210212012101202101210201021202101210212012101202101
201021202101210212021020102101210201021202101210212021020102101
201021202101210212021020121012021201021202101210212021020121012
201021202102010210120210201202101201021202102010210120210201202
201021202102010210120212010201210201021202102010210120212010201
201021202102010210121020121012021201021202102010210121020121012
201021202102010210121021202101210201021202102010210121021202101
201021202102010212012102120102101201021202102010212012102120102
201021202102012021012010210120210201021202102012021012010210120
201021202102012021012102120102101201021202102012021012102120102
201021202102012021201020121012021201021202102012021201020121012
201021202102012021201021202101210201021202102012021201021202101
201021202102012021201210201202101201021202102012021201210201202
201021202102012101201021202101210201021202102012101201021202101
201021202102012101202120102012101201021202102012101202120102012
201021202102012101202120102101210201021202102012101202120102101
201021202102012102120121020102101201021202102012102120121020102
201021202102012102120121020120210201021202102012102120121020120
201202101201020120210201021201210201202101201020120210201021201
201202101201020120212010210120210201202101201020120212010210120
201202101201020120212012102120210201202101201020120212012102120
201202101201020121012010210120210201202101201020121012010210120
201202101201020121021201210120210201202101201020121021201210120
201202101201021012021020102101210201202101201021012021020102101
201202101201021012021020102120210201202101201021012021020102120
201202101201021012021020120212010201202101201021012021020120212
201202101201021012021020121012010201202101201021012021020121012
201202101201021012021201210120210201202101201021012021201210120
201202101201021012021201210212010201202101201021012021201210212
201202101201021012102010210120210201202101201021012102010210120
201202101201021012102120121012010201202101201021012102120121012
201202101201021201210120102101210201202101201021201210120102101
201202101201021201210201021012010201202101201021201210201021012
201202101201021202102010210120210201202101201021202102010210120
201202101201021202102012021201210201202101201021202102012021201
201202101210201021201020121012010201202101210201021201020121012
201202101210201021201210120212010201202101210201021201210120212
201202101210201021202101210212010201202101210201021202101210212
201202101210212010201210120212010201202101210212010201210120212
201202101210212010210120102120210201202101210212010210120102120
201202101210212012101201021201210201202101210212012101201021201
201202101210212012102010210120210201202101210212012102010210120
201202101210212021012010210120210201202101210212021012010210120
201202101210212021020121021201210201202101210212021020121021201
201202102010210120102012021201210201202102010210120102012021201
201202102010210120102120121012010201202102010210120102120121012
201202102010210120210201210212010201202102010210120210201210212
201202102010210121021201021012010201202102010210121021201021012
201202102010212010201210120212010201202102010212010201210120212
201202102010212012102012021012010201202102010212012102012021012
201202102010212012102120102101210201202102010212012102120102101
201202102010212021012102010212010201202102010212021012102010212
201202102010212021020121021201210201202102010212021020121021201
201202102012101201020121021201210201202102012101201020121021201
201202102012101201021012021201210201202102012101201021012021201
201202102012101201021201210212010201202102012101201021201210212
201202102012102120102012021201210201202102012102120102012021201
201202102012102120121012021201210201202102012102120121012021201
201202102012102120121020102101210201202102012102120121020102101
201202102012102120121020120212010201202102012102120121020120212
201202102012102120210120102101210201202102012102120210120102101
201202102012102120210121021201210201202102012102120210121021201
201202102012102120210201021012010201202102012102120210201021012
201202102012102120210201021201210201202102012102120210201021201
201202120102012021012010210120210201202120102012021012010210120
201202120102012021020121021201210201202120102012021020121021201
201202120102012101201021202101210201202120102012101201021202101
201202120102012101202120102101210201202120102012101202120102101
201202120102012101202120102120210201202120102012101202120102120
201202120102012101202120121012010201202120102012101202120121012
201202120102012102010212021012010201202120102012102010212021012
201202120102101201020121021201210201202120102101201020121021201
201202120102101201021201210120210201202120102101201021201210120
201202120102101201021201210212010201202120102101201021201210212
201202120102101202102012021012010201202120102101202102012021012
201202120102101202102012102120210201202120102101202102012102120
201202120102101210201021202101210201202120102101210201021202101
201202120102120210121020102120210201202120102120210121020102120
201202120102120210121020121012010201202120102120210121020121012
201202120121012010201210120212010201202120121012010201210120212
201202120121012010210121021201210201202120121012010210121021201
201202120121012010212012102120210201202120121012010212012102120
201202120121012021012102010212010201202120121012021012102010212
201202120121012021020121021201210201202120121012021020121021201
201202120121012021201020121012010201202120121012021201020121012
201202120121012021201021202101210201202120121012021201021202101
201202120121020102120210120212010201202120121020102120210120212
201202120121020120210120102120210201202120121020120210120102120
201202120121020120210201021012010201202120121020120210201021012
201202120121020120210201210212010201202120121020120210201210212
201202120121021201021012102120210201202120121021201021012102120
201202120121021202101201021201210201202120121021202101201021201
201202120121021202102010210120210201202120121021202102010210120
201202120121021202102012021012010201202120121021202102012021012
201210120102012021012010210120210201210120102012021012010210120
201210120102012021012010210121021201210120102012021012010210121
201210120102012021012102010212010201210120102012021012102010212
201210120102012021020102101201021201210120102012021020102101201
201210120102012021201020121012021201210120102012021201020121012
201210120102012021201021202101210201210120102012021201021202101
201210120102012021201210120212010201210120102012021201210120212
201210120102012101202101210201021201210120102012101202101210201
201210120102012101202120102012021201210120102012101202120102012
201210120102012102010212021012021201210120102012102010212021012
201210120102012102120102101201021201210120102012102120102101201
201210120102012102120121020120210201210120102012102120121020120
201210120102101202102010210121021201210120102101202102010210121
201210120102101202102012021012010201210120102101202102012021012
201210120102101202120121020120210201210120102101202120121020120
201210120102101210201021202101210201210120102101210201021202101
201210120102101210201202101201021201210120102101210201202101201
201210120102101210201210120212010201210120102101210201210120212
201210120102101210212010210120210201210120102101210212010210120
201210120102101210212012102012021201210120102101210212012102012
201210120102101210212021020121021201210120102101210212021020121
201210120102120121020120210121021201210120102120121020120210121
201210120102120121021201020120210201210120102120121021201020120
201210120102120121021201021012010201210120102120121021201021012
201210120102120121021201021012021201210120102120121021201021012
201210120102120121021202102012021201210120102120121021202102012
201210120102120210121020102120210201210120102120210121020102120
201210120102120210121020120212010201210120102120210121020120212
201210120102120210121020121012021201210120102120210121020121012
201210120102120210201210120212010201210120102120210201210120212
201210120210121020102101210212010201210120210121020102101210212
201210120210121020102120102012021201210120210121020102120102012
201210120210121020102120121012010201210120210121020102120121012
201210120210121020102120210121021201210120210121020102120210121
201210120210121021201210120212010201210120210121021201210120212
201210120210121021202102010212010201210120210121021202102010212
201210120210201021012102010212010201210120210201021012102010212
201210120210201021201210120212010201210120210201021201210120212
201210120210201021202101210201021201210120210201021202101210201
201210120210201021202101210212010201210120210201021202101210212
201210120210201202101201020121021201210120210201202101201020121
201210120210201202101201021012021201210120210201202101201021012
201210120210201202120102101201021201210120210201202120102101201
201210120210201210212010210121021201210120210201210212010210121
201210120210201210212012102012021201210120210201210212012102012
201210120212010201202101210201021201210120212010201202101210201
201210120212010201202101210212010201210120212010201202101210212
201210120212010201202102010212010201210120212010201202102010212
201210120212010201202120121012010201210120212010201202120121012
201210120212010201210120102012021201210120212010201210120102012
201210120212010201210120102101210201210120212010201210120102101
201210120212010201210120102120210201210120212010201210120102120
201210120212010201210120210121021201210120212010201210120210121
201210120212010201210120210201021201210120212010201210120210201
201210120212010201210201021012010201210120212010201210201021012
201210120212010201210212021012010201210120212010201210212021012
201210120212010210121020102120210201210120212010210121020102120
201210120212010210121020120212010201210120212010210121020120212
201210120212010210121021202101210201210120212010210121021202101
201210120212010212021012102012021201210120212010212021012102012
201210120212010212021012102120210201210120212010212021012102120
201210120212010212021020102101210201210120212010212021020102101
201210120212010212021020120212010201210120212010212021020120212
201210120212012101201020120212010201210120212012101201020120212
201210120212012101201021202101210201210120212012101201021202101
201210120212012102010210120212010201210120212012102010210120212
201210120212012102010212021012010201210120212012102010212021012
201210120212012102012021020121021201210120212012102012021020121
201210120212012102120102101201021201210120212012102120102101201
201210120212012102120210120212010201210120212012102120210120212
201210201021012010201202101201021201210201021012010201202101201
201210201021012010201210120212010201210201021012010201210120212
201210201021012010212021020121021201210201021012010212021020121
201210201021012021020120210121021201210201021012021020120210121
201210201021012021201020121012021201210201021012021201020121012
201210201021012102012021020121021201210201021012102012021020121
201210201021012102120102101201021201210201021012102120102101201
201210201021012102120210120212010201210201021012102120210120212
201210201021202101201020120212010201210201021202101201020120212
201210201021202101201020121012021201210201021202101201020121012
201210201021202101202120102012021201210201021202101202120102012
201210201021202101202120121012010201210201021202101202120121012
201210201021202101210201021012010201210201021202101210201021012
201210201021202101210201021012021201210201021202101210201021012
201210201021202102010210120212010201210201021202102010210120212
201210201202101201020120210201021201210201202101201020120210201
201210201202101201021202102012021201210201202101201021202102012
201210201202101210212012101201021201210201202101210212012101201
201210201202101210212021020121021201210201202101210212021020121
201210201202102010210120102012021201210201202102010210120102012
201210201202102010212021020121021201210201202102010212021020121
201210201202102012101201020121021201210201202102012101201020121
201210201202102012101201021012021201210201202102012101201021012
201210201202102012102120102012021201210201202102012102120102012
201210201202102012102120121012021201210201202102012102120121012
201210201202102012102120210121021201210201202102012102120210121
201210201202102012102120210201021201210201202102012102120210201
201210201202120102012021020121021201210201202120102012021020121
201210201202120102101201020121021201210201202120102101201020121
201210201202120121012010210121021201210201202120121012010210121
201210201202120121012021020121021201210201202120121012021020121
201210201202120121021202101201021201210201202120121021202101201
201210212010201202101201021012021201210212010201202101201021012
201210212010201202102010210120210201210212010201202102010210120
201210212010201202102012101201021201210212010201202102012101201
201210212010201202120102101201021201210212010201202120102101201
201210212010201202120121020120210201210212010201202120121020120
201210212010210120102012101201021201210212010210120102012101201
201210212010210120102120121012010201210212010210120102120121012
201210212010210120102120121012021201210212010210120102120121012
201210212010210120102120210201021201210212010210120102120210201
201210212010210120210201021012010201210212010210120210201021012
201210212010210120212012101201021201210212010210120212012101201
201210212010210120212012102120210201210212010210120212012102120
201210212010210121020102101201021201210212010210121020102101201
201210212010210121020120210201021201210212010210121020120210201
201210212010210121021201210120210201210212010210121021201210120
201210212010210121021202101201021201210212010210121021202101201
201210212010210121021202102012021201210212010210121021202102012
201210212012101201021012102120210201210212012101201021012102120
201210212012101202102012021012010201210212012101202102012021012
201210212012101202120121020120210201210212012101202120121020120
201210212012102010210120102120210201210212012102010210120102120
201210212012102010210121020120210201210212012102010210121020120
201210212012102012021012102120210201210212012102012021012102120
201210212012102012021020102120210201210212012102012021020102120
201210212012102012021020121012010201210212012102012021020121012
201210212012102012021201020120210201210212012102012021201020120
201210212012102012021201021012010201210212012102012021201021012
201210212012102012021201210120210201210212012102012021201210120
201210212021012010201210120212010201210212021012010201210120212
201210212021012010210120210201021201210212021012010210120210201
201210212021012010210121020120210201210212021012010210121020120
201210212021012010212012102012021201210212021012010212012102012
201210212021012021201020121012021201210212021012021201020121012
201210212021012102010210120212010201210212021012102010210120212
201210212021012102010212021012010201210212021012102010212021012
201210212021012102010212021012021201210212021012102010212021012
201210212021012102120102101201021201210212021012102120102101201
201210212021012102120121020120210201210212021012102120121020120
201210212021020102101201020120210201210212021020102101201020120
201210212021020102101202102012021201210212021020102101202102012
201210212021020102120121020120210201210212021020102120121020120
201210212021020102120210120212010201210212021020102120210120212
201210212021020120210120102012021201210212021020120210120102012
201210212021020120212010210120210201210212021020120212010210120
201210212021020120212012101201021201210212021020120212012101201
201210212021020121021201021012021201210212021020121021201021012
202101201020120210201021201210201202101201020120210201021201210
202101201020120212010201210201021202101201020120212010201210201
202101201020120212010210120210201202101201020120212010210120210
202101201020120212012102120210201202101201020120212012102120210
202101201020121012010210120210201202101201020121012010210120210
202101201020121012021201020121021202101201020121012021201020121
202101201020121012021201210201021202101201020121012021201210201
202101201020121021201210120210201202101201020121021201210120210
202101201020121021202101210201021202101201020121021202101210201
202101201021012021020102101210201202101201021012021020102101210
202101201021012021020102120121021202101201021012021020102120121
202101201021012021020102120210201202101201021012021020102120210
202101201021012021020120210121021202101201021012021020120210121
202101201021012021020120212010201202101201021012021020120212010
202101201021012021020121012010201202101201021012021020121012010
202101201021012021201210120210201202101201021012021201210120210
202101201021012021201210212010201202101201021012021201210212010
202101201021012102010210120210201202101201021012102010210120210
202101201021012102012021020121021202101201021012102012021020121
202101201021012102120121012010201202101201021012102120121012010
202101201021201210120102101210201202101201021201210120102101210
202101201021201210201021012010201202101201021201210201021012010
202101201021201210201202120121021202101201021201210201202120121
202101201021201210212010210121021202101201021201210212010210121
202101201021202102010210120210201202101201021202102010210120210
202101201021202102012021201210201202101201021202102012021201210
202101202120102012021201210201021202101202120102012021201210201
202101202120102012101202120121021202101202120102012101202120121
202101202120102012102010210121021202101202120102012102010210121
202101202120102012102120210201021202101202120102012102120210201
202101202120121012010201210201021202101202120121012010201210201
202101202120121021202101210201021202101202120121021202101210201
202101210201021012010201210201021202101210201021012010201210201
202101210201021012021201020121021202101210201021012021201020121
202101210201021012021201210201021202101210201021012021201210201
202101210201021012102120102012101202101210201021012102120102012
202101210201021012102120210201021202101210201021012102120210201
202101210201021201020120210201021202101210201021201020120210201
202101210201021201020120212012101202101210201021201020120212012
202101210201021201020121012010201202101210201021201020121012010
202101210201021201210120102012101202101210201021201210120102012
202101210201021201210120210201021202101210201021201210120210201
202101210201021201210120212010201202101210201021201210120212010
202101210201021202101201020121021202101210201021202101201020121
202101210201021202101202120121021202101210201021202101202120121
202101210201021202101210212010201202101210201021202101210212010
202101210201021202101210212012101202101210201021202101210212012
202101210201021202102010210121021202101210201021202102010210121
202101210201021202102012021201021202101210201021202102012021201
202101210201021202102012101201021202101210201021202102012101201
202101210201202120102012101201021202101210201202120102012101201
202101210201202120102101210201021202101210201202120102101210201
202101210201202120121012021201021202101210201202120121012021201
202101210201210120102012021201021202101210201210120102012021201
202101210201210120102101210201021202101210201210120102101210201
202101210201210120212010210121021202101210201210120212010210121
202101210201210120212012101201021202101210201210120212012101201
202101210212010201202101210201021202101210212010201202101210201
202101210212010201210120210201021202101210212010201210120210201
202101210212010201210120212010201202101210212010201210120212010
202101210212010210120102120121021202101210212010210120102120121
202101210212010210120102120210201202101210212010210120102120210
202101210212012101201021201210201202101210212012101201021201210
202101210212012101202101210201021202101210212012101202101210201
202101210212012101202120102012101202101210212012101202120102012
202101210212012102010210120210201202101210212012102010210120210
202101210212012102012021020121021202101210212012102012021020121
202101210212021012010210120210201202101210212021012010210120210
202101210212021020102101210201021202101210212021020102101210201
202101210212021020102120102012101202101210212021020102120102012
202101210212021020121012021201021202101210212021020121012021201
202101210212021020121021201210201202101210212021020121021201210
202102010210120102012021020121021202102010210120102012021020121
202102010210120102012021201210201202102010210120102012021201210
202102010210120102012102120102101202102010210120102012102120102
202102010210120102120121012010201202102010210120102120121012010
202102010210120210201202101201021202102010210120210201202101201
202102010210120210201202120121021202102010210120210201202120121
202102010210120210201210212010201202102010210120210201210212010
202102010210120212010201210201021202102010210120212010201210201
202102010210121020102120102012101202102010210121020102120102012
202102010210121020102120210121021202102010210121020102120210121
202102010210121020120210120102101202102010210121020120210120102
202102010210121020121012021201021202102010210121020121012021201
202102010210121021201021012010201202102010210121021201021012010
202102010210121021201210120102101202102010210121021201210120102
202102010210121021202101210201021202102010210121021202101210201
202102010212010201210120210121021202102010212010201210120210121
202102010212010201210120212010201202102010212010201210120212010
202102010212012101202120102012101202102010212012101202120102012
202102010212012102012021012010201202102010212012102012021012010
202102010212012102012021020121021202102010212012102012021020121
202102010212012102120102101201021202102010212012102120102101201
202102010212012102120102101210201202102010212012102120102101210
202102010212012102120210120102101202102010212012102120210120102
202102010212021012021201020121021202102010212021012021201020121
202102010212021012102010210121021202102010212021012102010210121
202102010212021012102010212010201202102010212021012102010212010
202102010212021012102010212012101202102010212021012102010212012
202102010212021012102120102012101202102010212021012102120102012
202102010212021020120210120102101202102010212021020120210120102
202102010212021020121021201210201202102010212021020121021201210
202102012021012010201202120102101202102012021012010201202120102
202102012021012010201202120121021202102012021012010201202120121
202102012021012010201210120102101202102012021012010201210120102
202102012021012010201210212012101202102012021012010201210212012
202102012021012010210120210201021202102012021012010210120210201
202102012021012010210120212012101202102012021012010210120212012
202102012021012010210121020102101202102012021012010210121020102
202102012021012010212021020102101202102012021012010212021020102
202102012021012102120102101201021202102012021012102120102101201
202102012021012102120121020102101202102012021012102120121020102
202102012021012102120210120102101202102012021012102120210120102
202102012021201020120210120102101202102012021201020120210120102
202102012021201020121012021201021202102012021201020121012021201
202102012021201021012010212012101202102012021201021012010212012
202102012021201021012021020121021202102012021201021012021020121
202102012021201021202101210201021202102012021201021202101210201
202102012021201210120102120121021202102012021201210120102120121
202102012021201210201202101201021202102012021201210201202101201
202102012021201210212010210121021202102012021201210212010210121
202102012021201210212021020102101202102012021201210212021020102
202102012101201020120210120102101202102012101201020120210120102
202102012101201020121021201210201202102012101201020121021201210
202102012101201021012021201210201202102012101201021012021201210
202102012101201021012102120102101202102012101201021012102120102
202102012101201021201210212010201202102012101201021201210212010
202102012101201021202101210201021202102012101201021202101210201
202102012101202120102012101201021202102012101202120102012101201
202102012101202120102101210201021202102012101202120102101210201
202102012101202120102120210121021202102012101202120102120210121
202102012102120102012021020102101202102012102120102012021020102
202102012102120102012021201210201202102012102120102012021201210
202102012102120102101202120121021202102012102120102101202120121
202102012102120102101210212012101202102012102120102101210212012
202102012102120121012010210121021202102012102120121012010210121
202102012102120121012021201210201202102012102120121012021201210
202102012102120121020102101201021202102012102120121020102101201
202102012102120121020102101210201202102012102120121020102101210
202102012102120121020120210121021202102012102120121020120210121
202102012102120121020120210201021202102012102120121020120210201
202102012102120121020120212010201202102012102120121020120212010
202102012102120121020120212012101202102012102120121020120212012
202102012102120210120102101210201202102012102120210120102101210
202102012102120210121021201210201202102012102120210121021201210
202102012102120210201021012010201202102012102120210201021012010
202102012102120210201021201210201202102012102120210201021201210
202102012102120210201202120102101202102012102120210201202120102
202120102012021012010210120210201202120102012021012010210120210
202120102012021012102010212012101202120102012021012102010212012
202120102012021012102120102012101202120102012021012102120102012
202120102012021020102120102012101202120102012021020102120102012
202120102012021020121021201210201202120102012021020121021201210
202120102012021201210120102012101202120102012021201210120102012
202120102012021201210201021202101202120102012021201210201021202
202120102012101201020120212012101202120102012101201020120212012
202120102012101201021012102012101202120102012101201021012102012
202120102012101201021202101210201202120102012101201021202101210
202120102012101201021202102012101202120102012101201021202102012
202120102012101202101210212012101202120102012101202101210212012
202120102012101202102010212012101202120102012101202102010212012
202120102012101202120102101210201202120102012101202120102101210
202120102012101202120102120210201202120102012101202120102120210
202120102012101202120121012010201202120102012101202120121012010
202120102012101202120121020102101202120102012101202120121020102
202120102012101202120121021202101202120102012101202120121021202
202120102012102010210120102012101202120102012102010210120102012
202120102012102010210121021202101202120102012102010210121021202
202120102012102010212021012010201202120102012102010212021012010
202120102012102010212021020102101202120102012102010212021020102
202120102012102120210120102012101202120102012102120210120102012
202120102012102120210121020102101202120102012102120210121020102
202120102012102120210201021202101202120102012102120210201021202
202120102101201020121021201210201202120102101201020121021201210
202120102101201021201210120210201202120102101201021201210120210
202120102101201021201210212010201202120102101201021201210212010
202120102101202102012021012010201202120102101202102012021012010
202120102101202102012102120210201202120102101202102012102120210
202120102101210201021202101210201202120102101210201021202101210
202120102101210201021202102012101202120102101210201021202102012
202120102101210201202120102012101202120102101210201202120102012
202120102101210212021012102012101202120102101210212021012102012
202120102120210121020102120210201202120102120210121020102120210
202120102120210121020120212012101202120102120210121020120212012
202120102120210121020121012010201202120102120210121020121012010
202120102120210121021202102012101202120102120210121021202102012
202120102120210201021012102012101202120102120210201021012102012
202120102120210201202120102012101202120102120210201202120102012
202120121012010201202120102012101202120121012010201202120102012
202120121012010201210120212010201202120121012010201210120212010
202120121012010201210201021202101202120121012010201210201021202
202120121012010210121021201210201202120121012010210121021201210
202120121012010212012102120102101202120121012010212012102120102
202120121012010212012102120210201202120121012010212012102120210
202120121012010212021012102012101202120121012010212021012102012
202120121012021012102010212010201202120121012021012102010212010
202120121012021020120210120102101202120121012021020120210120102
202120121012021020121021201210201202120121012021020121021201210
202120121012021201020121012010201202120121012021201020121012010
202120121012021201021202101210201202120121012021201021202101210
202120121020102101202120102012101202120121020102101202120102012
202120121020102120210120102012101202120121020102120210120102012
202120121020102120210120212010201202120121020102120210120212010
202120121020102120210121020102101202120121020102120210121020102
202120121020120210120102120210201202120121020120210120102120210
202120121020120210201021012010201202120121020120210201021012010
202120121020120210201210120102101202120121020120210201210120102
202120121020120210201210212010201202120121020120210201210212010
202120121020120210201210212012101202120121020120210201210212012
202120121021201020120210120102101202120121021201020120210120102
202120121021201021012010212012101202120121021201021012010212012
202120121021201021012102120210201202120121021201021012102120210
202120121021202101201021201210201202120121021202101201021201210
202120121021202101202120102012101202120121021202101202120102012
202120121021202101210201021202101202120121021202101210201021202
202120121021202102010210120210201202120121021202102010210120210
202120121021202102012021012010201202120121021202102012021012010
202120121021202102012102120102101202120121021202102012102120102
210120102012021012010210120210201210120102012021012010210120210
210120102012021012010210121021201210120102012021012010210121021
210120102012021012010212012102010210120102012021012010212012102
210120102012021012102010212010201210120102012021012102010212010
210120102012021020102101201021201210120102012021020102101201021
210120102012021020102101210212010210120102012021020102101210212
210120102012021020102120121020120210120102012021020102120121020
210120102012021020121021202102010210120102012021020121021202102
210120102012021201020121012021201210120102012021201020121012021
210120102012021201020121020102120210120102012021201020121020102
210120102012021201021012021020120210120102012021201021012021020
210120102012021201021202101210201210120102012021201021202101210
210120102012021201210120212010201210120102012021201210120212010
210120102012021201210201202102010210120102012021201210201202102
210120102012021201210212021020120210120102012021201210212021020
210120102012101201021012021020120210120102012101201021012021020
210120102012101201021201210212010210120102012101201021201210212
210120102012101202101210201021201210120102012101202101210201021
210120102012101202120102012021201210120102012101202120102012021
210120102012101202120102012102010210120102012101202120102012102
210120102012101202120102012102120210120102012101202120102012102
210120102012101202120121020102120210120102012101202120121020102
210120102012102010212021012021201210120102012102010212021012021
210120102012102010212021012102010210120102012102010212021012102
210120102012102120102101201021201210120102012102120102101201021
210120102012102120102101202102010210120102012102120102101202102
210120102012102120121012021020120210120102012102120121012021020
210120102012102120121020120210201210120102012102120121020120210
210120102012102120121020120212010210120102012102120121020120212
210120102012102120210121020102120210120102012102120210121020102
210120102101202102010210121020120210120102101202102010210121020
210120102101202102010210121021201210120102101202102010210121021
210120102101202102010212012102120210120102101202102010212012102
210120102101202102010212021020120210120102101202102010212021020
210120102101202102012021012010201210120102101202102012021012010
210120102101202102012021012102120210120102101202102012021012102
210120102101202102012021201020120210120102101202102012021201020
210120102101202102012101201020120210120102101202102012101201020
210120102101202120121012021020120210120102101202120121012021020
210120102101202120121020120210201210120102101202120121020120210
210120102101202120121021201020120210120102101202120121021201020
210120102101210201021012021020120210120102101210201021012021020
210120102101210201021202101210201210120102101210201021202101210
210120102101210201202101201021201210120102101210201202101201021
210120102101210201202102012102120210120102101210201202102012102
210120102101210201210120212010201210120102101210201210120212010
210120102101210212010210120210201210120102101210212010210120210
210120102101210212012101201020120210120102101210212012101201020
210120102101210212012102012021201210120102101210212012102012021
210120102101210212021020121021201210120102101210212021020121021
210120102120121012010201202102010210120102120121012010201202102
210120102120121012010201210212010210120102120121012010201210212
210120102120121012010210121020120210120102120121012010210121020
210120102120121012021020120212010210120102120121012021020120212
210120102120121012021201210212010210120102120121012021201210212
210120102120121020102101201020120210120102120121020102101201020
210120102120121020102101210212010210120102120121020102101210212
210120102120121020120210121021201210120102120121020120210121021
210120102120121020120212012102120210120102120121020120212012102
210120102120121021201020120210201210120102120121021201020120210
210120102120121021201020120212010210120102120121021201020120212
210120102120121021201021012010201210120102120121021201021012010
210120102120121021201021012021201210120102120121021201021012021
210120102120121021201021012102010210120102120121021201021012102
210120102120121021201021012102120210120102120121021201021012102
210120102120121021202101210212010210120102120121021202101210212
210120102120121021202102012021201210120102120121021202102012021
210120102120210121020102120210201210120102120210121020102120210
210120102120210121020120212010201210120102120210121020120212010
210120102120210121020121012021201210120102120210121020121012021
210120102120210201021012021020120210120102120210201021012021020
210120102120210201021201210212010210120102120210201021201210212
210120102120210201202101210212010210120102120210201202101210212
210120102120210201202120121020120210120102120210201202120121020
210120102120210201210120212010201210120102120210201210120212010
210120102120210201210212012102010210120102120210201210212012102
210120210121020102101210212010201210120210121020102101210212010
210120210121020102120102012021201210120210121020102120102012021
210120210121020102120121012010201210120210121020102120121012010
210120210121020102120210121021201210120210121020102120210121021
210120210121021201210120212010201210120210121021201210120212010
210120210121021202102010212010201210120210121021202102010212010
210120210201021012010201210212010210120210201021012010201210212
210120210201021012102010212010201210120210201021012102010212010
210120210201021012102012021012010210120210201021012102012021012
210120210201021012102120121012010210120210201021012102120121012
210120210201021201210120212010201210120210201021201210120212010
210120210201021201210212021012010210120210201021201210212021012
210120210201021202101210201021201210120210201021202101210201021
210120210201021202101210212010201210120210201021202101210212010
210120210201021202102012021012010210120210201021202102012021012
210120210201202101201020120212010210120210201202101201020120212
210120210201202101201020121012010210120210201202101201020121012
210120210201202101201020121021201210120210201202101201020121021
210120210201202101201021012021201210120210201202101201021012021
210120210201202101201021012102010210120210201202101201021012102
210120210201202101201021202102010210120210201202101201021202102
210120210201202101210212012102010210120210201202101210212012102
210120210201202101210212021012010210120210201202101210212021012
210120210201202120102012021012010210120210201202120102012021012
210120210201202120102101201021201210120210201202120102101201021
210120210201202120121021202102010210120210201202120121021202102
210120210201210120102012021012010210120210201210120102012021012
210120210201210120102101210212010210120210201210120102101210212
210120210201210212010201202102010210120210201210212010201202102
210120210201210212010210121021201210120210201210212010210121021
210120210201210212012102012021201210120210201210212012102012021
210120210201210212021020120212010210120210201210212021020120212
210120212010201202101210201021201210120212010201202101210201021
210120212010201202101210212010201210120212010201202101210212010
210120212010201202102010212010201210120212010201202102010212010
210120212010201202120121012010201210120212010201202120121012010
210120212010201202120121020102120210120212010201202120121020102
210120212010201210120102012021201210120212010201210120102012021
210120212010201210120102101210201210120212010201210120102101210
210120212010201210120102120210201210120212010201210120102120210
210120212010201210120210121021201210120212010201210120210121021
210120212010201210120210201021201210120212010201210120210201021
210120212010201210120212012102010210120212010201210120212012102
210120212010201210120212012102120210120212010201210120212012102
210120212010201210201021012010201210120212010201210201021012010
210120212010201210201021012102120210120212010201210201021012102
210120212010201210201021202102010210120212010201210201021202102
210120212010201210212021012010201210120212010201210212021012010
210120212010201210212021012102010210120212010201210212021012102
210120212010201210212021020102120210120212010201210212021020102
210120212010210121020102120210201210120212010210121020102120210
210120212010210121020120212010201210120212010210121020120212010
210120212010210121021202101210201210120212010210121021202101210
210120212010212021012102012021201210120212010212021012102012021
210120212010212021012102120210201210120212010212021012102120210
210120212010212021020102101210201210120212010212021020102101210
210120212010212021020120212010201210120212010212021020120212010
210120212012101201020120212010201210120212012101201020120212010
210120212012101201020121020102120210120212012101201020121020102
210120212012101201021201210212010210120212012101201021201210212
210120212012101201021202101210201210120212012101201021202101210
210120212012101202102012021012010210120212012101202102012021012
210120212012102010210120212010201210120212012102010210120212010
210120212012102010212021012010201210120212012102010212021012010
210120212012102010212021012102010210120212012102010212021012102
210120212012102012021020121012010210120212012102012021020121012
210120212012102012021020121021201210120212012102012021020121021
210120212012102120102012021012010210120212012102120102012021012
210120212012102120102101201021201210120212012102120102101201021
210120212012102120210120212010201210120212012102120210120212010
210120212012102120210121020102120210120212012102120210121020102
210120212012102120210201210212010210120212012102120210201210212
210121020102101201020121020102120210121020102101201020121020102
210121020102101201021201210212010210121020102101201021201210212
210121020102101202102012021012010210121020102101202102012021012
210121020102101202120102012102120210121020102101202120102012102
210121020102101202120121020102120210121020102101202120121020102
210121020102101210212010201210120210121020102101210212010201210
210121020102101210212021020102120210121020102101210212021020102
210121020102120102012021020102120210121020102120102012021020102
210121020102120102012021201210120210121020102120102012021201210
210121020102120102012101201020120210121020102120102012101201020
210121020102120102012101202102010210121020102120102012101202102
210121020102120121012010201210120210121020102120121012010201210
210121020102120121012021020102120210121020102120121012021020102
210121020102120121012021201020120210121020102120121012021201020
210121020102120210120102012102120210121020102120210120102012102
210121020102120210120212012102120210121020102120210120212012102
210121020102120210121020120212010210121020102120210121020120212
210121020102120210121020121012010210121020102120210121020121012
210121020102120210121021201020120210121020102120210121021201020
210121020102120210121021201210120210121020102120210121021201210
210121020102120210121021202102010210121020102120210121021202102
210121020102120210201021012102120210121020102120210201021012102
210121020102120210201202120102120210121020102120210201202120102
210121020102120210201210120102120210121020102120210201210120102
210121020102120210201210120212010210121020102120210201210120212
210121020120210120102101202102010210121020120210120102101202102
210121020120210120102120121012010210121020120210120102120121012
210121020120210201021201210212010210121020120210201021201210212
210121020120210201210212012102010210121020120210201210212012102
210121020120210201210212021012010210121020120210201210212021012
210121020120212010201210120102120210121020120212010201210120102
210121020120212010201210120212010210121020120212010201210120212
210121020120212010210121020102120210121020120212010210121020102
210121020120212012101202120102120210121020120212012101202120102
210121020121012010201202120102120210121020121012010201202120102
210121020121012010210121020102120210121020121012010210121020102
210121020121012021201020121012010210121020121012021201020121012
210121020121012021201021012102120210121020121012021201021012102
210121020121012021201021202102010210121020121012021201021202102
210121020121012021201210120102120210121020121012021201210120102
210121021201020120210121020102120210121021201020120210121020102
210121021201020121012021012102010210121021201020121012021012102
210121021201020121012021020102120210121021201020121012021020102
210121021201020121012021201020120210121021201020121012021201020
210121021201021012010201202102010210121021201021012010201202102
210121021201021012010212012102010210121021201021012010212012102
210121021201021012010212012102120210121021201021012010212012102
210121021201021012010212021020120210121021201021012010212021020
210121021201021012021020121012010210121021201021012021020121012
210121021201210120102012021012010210121021201210120102012021012
210121021201210120102101202102010210121021201210120102101202102
210121021201210120102120121020120210121021201210120102120121020
210121021201210120210121020102120210121021201210120210121020102
210121021201210120210201210212010210121021201210120210201210212
210121021201210120212010201210120210121021201210120212010201210
210121021201210201021012021020120210121021201210201021012021020
210121021201210201202102012102120210121021201210201202102012102
210121021201210201202120121012010210121021201210201202120121012
210121021202101201021012021020120210121021202101201021012021020
210121021202101201021201210212010210121021202101201021201210212
210121021202101202120102012102010210121021202101202120102012102
210121021202101210201021202102010210121021202101210201021202102
210121021202101210201210120212010210121021202101210201210120212
210121021202102010210121020102120210121021202102010210121020102
210121021202102010212010201210120210121021202102010212010201210
210121021202102010212021012102010210121021202102010212021012102
210121021202102012021201210212010210121021202102012021201210212
210121021202102012101202120102120210121021202102012101202120102
210121021202102012102120121012010210121021202102012102120121012
210121021202102012102120121020120210121021202102012102120121020
210201021012010201202101201021201210201021012010201202101201021
210201021012010201202102012102120210201021012010201202102012102
210201021012010201202120121020120210201021012010201202120121020
210201021012010201210120212010201210201021012010201210120212010
210201021012010201210201021202101210201021012010201210201021202
210201021012010201210212010210120210201021012010201210212010210
210201021012010212012101201020120210201021012010212012101201020
210201021012010212012102120102101210201021012010212012102120102
210201021012010212021020121021201210201021012010212021020121021
210201021012021020120210120102101210201021012021020120210120102
210201021012021020120210120102120210201021012021020120210120102
210201021012021020120210121021201210201021012021020120210121021
210201021012021020120212012102120210201021012021020120212012102
210201021012021020121021201020120210201021012021020121021201020
210201021012021201020121012021201210201021012021201020121012021
210201021012021201020121020102120210201021012021201020121020102
210201021012021201020121021202101210201021012021201020121021202
210201021012021201210201021202101210201021012021201210201021202
210201021012102010212010201210120210201021012102010212010201210
210201021012102010212021012102120210201021012102010212021012102
210201021012102012021012010210120210201021012102012021012010210
210201021012102012021020121021201210201021012102012021020121021
210201021012102012101202120102120210201021012102012101202120102
210201021012102120102012101202101210201021012102120102012101202
210201021012102120102101201020120210201021012102120102101201020
210201021012102120102101201021201210201021012102120102101201021
210201021012102120121012010210120210201021012102120121012010210
210201021012102120210120212010201210201021012102120210120212010
210201021012102120210121020102120210201021012102120210121020102
210201021012102120210201021202101210201021012102120210201021202
210201021201020120210201021202101210201021201020120210201021202
210201021201020120212012101202101210201021201020120212012101202
210201021201020121012010201202101210201021201020121012010201202
210201021201020121012021012102120210201021201020121012021012102
210201021201020121012021020102101210201021201020121012021020102
210201021201020121012021201020120210201021201020121012021201020
210201021201210120102012101202101210201021201210120102012101202
210201021201210120210201021202101210201021201210120210201021202
210201021201210120212010201202101210201021201210120212010201202
210201021201210120212010201210120210201021201210120212010201210
210201021201210201202101201020120210201021201210201202101201020
210201021201210201202102012102120210201021201210201202102012102
210201021201210212010210120102120210201021201210212010210120102
210201021201210212010210121020120210201021201210212010210121020
210201021201210212021012010210120210201021201210212021012010210
210201021202101201020120212010201210201021202101201020120212010
210201021202101201020121012021201210201021202101201020121012021
210201021202101201020121021202101210201021202101201020121021202
210201021202101202120102012021201210201021202101202120102012021
210201021202101202120102012102120210201021202101202120102012102
210201021202101202120121012010201210201021202101202120121012010
210201021202101202120121021202101210201021202101202120121021202
210201021202101210201021012010201210201021202101210201021012010
210201021202101210201021012021201210201021202101210201021012021
210201021202101210201021012102120210201021202101210201021012102
210201021202101210201021201020120210201021202101210201021201020
210201021202101210201021201210120210201021202101210201021201210
210201021202101210201202120102101210201021202101210201202120102
210201021202101210201210120102101210201021202101210201210120102
210201021202101210212010201202101210201021202101210212010201202
210201021202101210212010201210120210201021202101210212010201210
210201021202101210212012101202101210201021202101210212012101202
210201021202101210212021020102101210201021202101210212021020102
210201021202102010210120212010201210201021202102010210120212010
210201021202102010210121021202101210201021202102010210121021202
210201021202102012021012010210120210201021202102012021012010210
210201021202102012021201021202101210201021202102012021201021202
210201021202102012101201021202101210201021202102012101201021202
210201021202102012101202120102101210201021202102012101202120102
210201021202102012102120121020120210201021202102012102120121020
210201202101201020120210201021201210201202101201020120210201021
210201202101201020120212010210120210201202101201020120212010210
210201202101201020120212012102120210201202101201020120212012102
210201202101201020121012010210120210201202101201020121012010210
210201202101201020121021201210120210201202101201020121021201210
210201202101201021012021020102101210201202101201021012021020102
210201202101201021012021020102120210201202101201021012021020102
210201202101201021012021201210120210201202101201021012021201210
210201202101201021012102010210120210201202101201021012102010210
210201202101201021201210120102101210201202101201021201210120102
210201202101201021202102010210120210201202101201021202102010210
210201202101201021202102012021201210201202101201021202102012021
210201202101210212010210120102120210201202101210212010210120102
210201202101210212012101201021201210201202101210212012101201021
210201202101210212012102010210120210201202101210212012102010210
210201202101210212021012010210120210201202101210212021012010210
210201202101210212021020121021201210201202101210212021020121021
210201202102010210120102012021201210201202102010210120102012021
210201202102010212012102120102101210201202102010212012102120102
210201202102010212021020121021201210201202102010212021020121021
210201202102012101201020121021201210201202102012101201020121021
210201202102012101201021012021201210201202102012101201021012021
210201202102012102120102012021201210201202102012102120102012021
210201202102012102120121012021201210201202102012102120121012021
210201202102012102120121020102101210201202102012102120121020102
210201202102012102120210120102101210201202102012102120210120102
210201202102012102120210121021201210201202102012102120210121021
210201202102012102120210201021201210201202102012102120210201021
210201202120102012021012010210120210201202120102012021012010210
210201202120102012021020121021201210201202120102012021020121021
210201202120102012101201021202101210201202120102012101201021202
210201202120102012101202120102101210201202120102012101202120102
210201202120102012101202120102120210201202120102012101202120102
210201202120102101201020121021201210201202120102101201020121021
210201202120102101201021201210120210201202120102101201021201210
210201202120102101202102012102120210201202120102101202102012102
210201202120102101210201021202101210201202120102101210201021202
210201202120102120210121020102120210201202120102120210121020102
210201202120121012010210121021201210201202120121012010210121021
210201202120121012010212012102120210201202120121012010212012102
210201202120121012021020121021201210201202120121012021020121021
210201202120121012021201021202101210201202120121012021201021202
210201202120121020120210120102120210201202120121020120210120102
210201202120121021201021012102120210201202120121021201021012102
210201202120121021202101201021201210201202120121021202101201021
210201202120121021202102010210120210201202120121021202102010210
210201210120102012021012010210120210201210120102012021012010210
210201210120102012021201021202101210201210120102012021201021202
210201210120102012102120121020120210201210120102012102120121020
210201210120102101202120121020120210201210120102101202120121020
210201210120102101210201021202101210201210120102101210201021202
210201210120102101210212010210120210201210120102101210212010210
210201210120102120121021201020120210201210120102120121021201020
210201210120102120210121020102120210201210120102120210121020102
210201210120212010201210120102101210201210120212010201210120102
210201210120212010201210120102120210201210120212010201210120102
210201210120212010210121020102120210201210120212010210121020102
210201210120212010210121021202101210201210120212010210121021202
210201210120212010212021012102120210201210120212010212021012102
210201210120212010212021020102101210201210120212010212021020102
210201210120212012101201021202101210201210120212012101201021202
210201210212010201202102010210120210201210212010201202102010210
210201210212010201202120121020120210201210212010201202120121020
210201210212010210120212012102120210201210212010210120212012102
210201210212010210121021201210120210201210212010210121021201210
210201210212012101201021012102120210201210212012101201021012102
210201210212012101202120121020120210201210212012101202120121020
210201210212012102010210120102120210201210212012102010210120102
210201210212012102010210121020120210201210212012102010210121020
210201210212012102012021012102120210201210212012102012021012102
210201210212012102012021020102120210201210212012102012021020102
210201210212012102012021201020120210201210212012102012021201020
210201210212012102012021201210120210201210212012102012021201210
210201210212021012010210121020120210201210212021012010210121020
210201210212021012102120121020120210201210212021012102120121020
210201210212021020102101201020120210201210212021020102101201020
210201210212021020102120121020120210201210212021020102120121020
210201210212021020120212010210120210201210212021020120212010210
210212010201202101201021012021201210212010201202101201021012021
210212010201202101210201021202101210212010201202101210201021202
210212010201202102010210120210201210212010201202102010210120210
210212010201202102012101201021201210212010201202102012101201021
210212010201202120102101201021201210212010201202120102101201021
210212010201202120121020120210201210212010201202120121020120210
210212010201210120210121020102101210212010201210120210121020102
210212010201210120210201021202101210212010201210120210201021202
210212010201210120212010201202101210212010201210120212010201202
210212010210120102012021020102101210212010210120102012021020102
210212010210120102012101201021201210212010210120102012101201021
210212010210120102120121012010201210212010210120102120121012010
210212010210120102120121012021201210212010210120102120121012021
210212010210120102120121020102101210212010210120102120121020102
210212010210120102120121021202101210212010210120102120121021202
210212010210120102120210201021201210212010210120102120210201021
210212010210120102120210201202101210212010210120102120210201202
210212010210120210201021012010201210212010210120210201021012010
210212010210120210201210120102101210212010210120210201210120102
210212010210120212012101201021201210212010210120212012101201021
210212010210120212012102120210201210212010210120212012102120210
210212010210121020102101201021201210212010210121020102101201021
210212010210121020120210201021201210212010210121020120210201021
210212010210121021201210120210201210212010210121021201210120210
210212010210121021202101201021201210212010210121021202101201021
210212010210121021202102012021201210212010210121021202102012021
210212012101201020120210120102101210212012101201020120210120102
210212012101201021012021020102101210212012101201021012021020102
210212012101201021012102120210201210212012101201021012102120210
210212012101201021201210201202101210212012101201021201210201202
210212012101202101210201021202101210212012101202101210201021202
210212012101202102012021012010201210212012101202102012021012010
210212012101202102012102120102101210212012101202102012102120102
210212012101202120102012101202101210212012101202120102012101202
210212012101202120121020120210201210212012101202120121020120210
210212012102010210120102120210201210212012102010210120102120210
210212012102010210120210201202101210212012102010210120210201202
210212012102010210121020120210201210212012102010210121020120210
210212012102012021012102120210201210212012102012021012102120210
210212012102012021020102120210201210212012102012021020102120210
210212012102012021020121012010201210212012102012021020121012010
210212012102012021020121021202101210212012102012021020121021202
210212012102012021201020120210201210212012102012021201020120210
210212012102012021201021012010201210212012102012021201021012010
210212012102012021201210120102101210212012102012021201210120102
210212012102012021201210120210201210212012102012021201210120210
210212021012010201210120212010201210212021012010201210120212010
210212021012010210120210201021201210212021012010210120210201021
210212021012010210120210201202101210212021012010210120210201202
210212021012010210121020120210201210212021012010210121020120210
210212021012010212012102012021201210212021012010212012102012021
210212021012010212012102120102101210212021012010212012102120102
210212021012021201020121012021201210212021012021201020121012021
210212021012021201020121020102101210212021012021201020121020102
210212021012102010210120212010201210212021012102010210120212010
210212021012102010212021012010201210212021012102010212021012010
210212021012102010212021012021201210212021012102010212021012021
210212021012102010212021020102101210212021012102010212021020102
210212021012102012101202120102101210212021012102012101202120102
210212021012102120102101201021201210212021012102120102101201021
210212021012102120121020120210201210212021012102120121020120210
210212021020102101201020120210201210212021020102101201020120210
210212021020102101202102012021201210212021020102101202102012021
210212021020102101210201021202101210212021020102101210201021202
210212021020102120102012101202101210212021020102120102012101202
210212021020102120121020120210201210212021020102120121020120210
210212021020102120210120212010201210212021020102120210120212010
210212021020102120210121020102101210212021020102120210121020102
210212021020120210120102012021201210212021020120210120102012021
210212021020120212010210120210201210212021020120212010210120210
210212021020120212012101201021201210212021020120212012101201021
210212021020120212012102120102101210212021020120212012102120102
210212021020121012021201021202101210212021020121012021201021202
210212021020121021201021012021201210212021020121021201021012021
210212021020121021201210120102101210212021020121021201210120102
210212021020121021201210201202101210212021020121021201210201202
212010201202101201021012021020120212010201202101201021012021020
212010201202101201021012021201210212010201202101201021012021201
212010201202101210201021201210120212010201202101210201021201210
212010201202101210201021202101210212010201202101210201021202101
212010201202101210212010201210120212010201202101210212010201210
212010201202102010210120210201210212010201202102010210120210201
212010201202102010212010201210120212010201202102010212010201210
212010201202102010212021012102010212010201202102010212021012102
212010201202102012101201021201210212010201202102012101201021201
212010201202102012102120121020120212010201202102012102120121020
212010201202120102101201021201210212010201202120102101201021201
212010201202120121012010201210120212010201202120121012010201210
212010201202120121012021012102010212010201202120121012021012102
212010201202120121020102120210120212010201202120121020102120210
212010201202120121020120210201210212010201202120121020120210201
212010201210120102012021012102010212010201210120102012021012102
212010201210120102012021201210120212010201210120102012021201210
212010201210120102101210201210120212010201210120102101210201210
212010201210120102120210121020120212010201210120102120210121020
212010201210120102120210201210120212010201210120102120210201210
212010201210120210121020102101210212010201210120210121020102101
212010201210120210121021201210120212010201210120210121021201210
212010201210120210121021202102010212010201210120210121021202102
212010201210120210201021012102010212010201210120210201021012102
212010201210120210201021201210120212010201210120210201021201210
212010201210120210201021202101210212010201210120210201021202101
212010201210120212010201202101210212010201210120212010201202101
212010201210120212010201202102010212010201210120212010201202102
212010201210120212010210121020120212010201210120212010210121020
212010201210120212010212021020120212010201210120212010212021020
212010201210120212012101201020120212010201210120212012101201020
212010201210120212012102010210120212010201210120212012102010210
212010201210120212012102120210120212010201210120212012102120210
212010201210201021012010201210120212010201210201021012010201210
212010201210201021012102120210120212010201210201021012102120210
212010201210201021202101201020120212010201210201021202101201020
212010201210201021202102010210120212010201210201021202102010210
212010201210212021012010201210120212010201210212021012010201210
212010201210212021012102010210120212010201210212021012102010210
212010201210212021020102120210120212010201210212021020102120210
212010210120102012021020102101210212010210120102012021020102101
212010210120102012101201021201210212010210120102012101201021201
212010210120102012102120121020120212010210120102012102120121020
212010210120102120121012010201210212010210120102120121012010201
212010210120102120121012021020120212010210120102120121012021020
212010210120102120121012021201210212010210120102120121012021201
212010210120102120121020102101210212010210120102120121020102101
212010210120102120121021201020120212010210120102120121021201020
212010210120102120121021202101210212010210120102120121021202101
212010210120102120210201021201210212010210120102120210201021201
212010210120102120210201202101210212010210120102120210201202101
212010210120210201021012010201210212010210120210201021012010201
212010210120210201202101201020120212010210120210201202101201020
212010210120210201210120102101210212010210120210201210120102101
212010210120210201210212021020120212010210120210201210212021020
212010210120212012101201021201210212010210120212012101201021201
212010210120212012102120210201210212010210120212012102120210201
212010210121020102101201021201210212010210121020102101201021201
212010210121020102120210121020120212010210121020102120210121020
212010210121020102120210201210120212010210121020102120210201210
212010210121020120210201021201210212010210121020120210201021201
212010210121020120212010201210120212010210121020120212010201210
212010210121021201210120210201210212010210121021201210120210201
212010210121021202101201021201210212010210121021202101201021201
212010210121021202101210201210120212010210121021202101210201210
212010210121021202102012021201210212010210121021202102012021201
212010212021012102010212021020120212010212021012102010212021020
212010212021012102012021201210120212010212021012102012021201210
212010212021012102012101201020120212010212021012102012101201020
212010212021012102120210201210120212010212021012102120210201210
212010212021020102101210201210120212010212021020102101210201210
212010212021020120212010201210120212010212021020120212010201210
212012101201020120210120102101210212012101201020120210120102101
212012101201020120210201021012010212012101201020120210201021012
212012101201020120212010201210120212012101201020120212010201210
212012101201020121012021012102010212012101201020121012021012102
212012101201020121012021201020120212012101201020121012021201020
212012101201020121020102120210120212012101201020121020102120210
212012101201020121021201021012010212012101201020121021201021012
212012101201021012021020102101210212012101201021012021020102101
212012101201021012102012021012010212012101201021012102012021012
212012101201021012102120121020120212012101201021012102120121020
212012101201021012102120210201210212012101201021012102120210201
212012101201021201210201202101210212012101201021201210201202101
212012101201021201210212010210120212012101201021201210212010210
212012101201021201210212021020120212012101201021201210212021020
212012101201021202101210201210120212012101201021202101210201210
212012101202101210201021201020120212012101202101210201021201020
212012101202101210201021202101210212012101202101210201021202101
212012101202102010212021012102010212012101202102010212021012102
212012101202102012021012010201210212012101202102012021012010201
212012101202102012021012010210120212012101202102012021012010210
212012101202102012021201021012010212012101202102012021201021012
212012101202102012102120102101210212012101202102012102120102101
212012101202102012102120121020120212012101202102012102120121020
212012101202120102012021012102010212012101202120102012021012102
212012101202120102012101201020120212012101202120102012101201020
212012101202120102012101202101210212012101202120102012101202101
212012101202120102012101202102010212012101202120102012101202102
212012101202120102120210121020120212012101202120102120210121020
212012101202120121020120210201210212012101202120121020120210201
212012101202120121021201021012010212012101202120121021201021012
212012102010210120102012021012010212012102010210120102012021012
212012102010210120102120210201210212012102010210120102120210201
212012102010210120210201202101210212012102010210120210201202101
212012102010210120212010201210120212012102010210120212010201210
212012102010210121020120210201210212012102010210121020120210201
212012102010210121021201021012010212012102010210121021201021012
212012102010212021012010201210120212012102010212021012010201210
212012102010212021012021201020120212012102010212021012021201020
212012102010212021012102010210120212012102010212021012102010210
212012102012021012010201202102010212012102012021012010201202102
212012102012021012010212021020120212012102012021012010212021020
212012102012021012102120121012010212012102012021012102120121012
212012102012021012102120210201210212012102012021012102120210201
212012102012021020102101201020120212012102012021020102101201020
212012102012021020102120210201210212012102012021020102120210201
212012102012021020121012010201210212012102012021020121012010201
212012102012021020121012010210120212012102012021020121012010210
212012102012021020121021201020120212012102012021020121021201020
212012102012021020121021201210120212012102012021020121021201210
212012102012021020121021202101210212012102012021020121021202101
212012102012021020121021202102010212012102012021020121021202102
212012102012021201020120210201210212012102012021201020120210201
212012102012021201021012010201210212012102012021201021012010201
212012102012021201210120102101210212012102012021201210120102101
212012102012021201210120210201210212012102012021201210120210201
212012102012021201210212021012010212012102012021201210212021012
212012102120102012021012010210120212012102120102012021012010210
212012102120102012021020121012010212012102120102012021020121012
212012102120102012021201021012010212012102120102012021201021012
212012102120102101201020121012010212012102120102101201020121012
212012102120102101201021201210120212012102120102101201021201210
212012102120102101201021202102010212012102120102101201021202102
212012102120102101202120121012010212012102120102101202120121012
212012102120102101210201021012010212012102120102101210201021012
212012102120102101210201202102010212012102120102101210201202102
212012102120102101210212021012010212012102120102101210212021012
212012102120102101210212021020120212012102120102101210212021020
212012102120210120102101202102010212012102120210120102101202102
212012102120210120102120121020120212012102120210120102120121020
212012102120210120212010201210120212012102120210120212010201210
212012102120210121020102120210120212012102120210121020102120210
212012102120210121021201021012010212012102120210121021201021012
212012102120210201021012021020120212012102120210201021012021020
212012102120210201202101201020120212012102120210201202101201020
212012102120210201202120121012010212012102120210201202120121012
212012102120210201210212010210120212012102120210201210212010210
212021012010201202120102012102010212021012010201202120102012102
212021012010201210120212010201210212021012010201210120212010201
212021012010201210120212012102010212021012010201210120212012102
212021012010201210212021012102010212021012010201210212021012102
212021012010210120210201021201210212021012010210120210201021201
212021012010210120210201202101210212021012010210120210201202101
212021012010210121020120210201210212021012010210121020120210201
212021012010212012102012021201210212021012010212012102012021201
212021012010212012102120102101210212021012010212012102120102101
212021012021201020120212012102010212021012021201020120212012102
212021012021201020121012021201210212021012021201020121012021201
212021012021201020121020102101210212021012021201020121020102101
212021012021201020121021202102010212021012021201020121021202102
212021012021201210120102012102010212021012021201210120102012102
212021012021201210212021012102010212021012021201210212021012102
212021012102010210120102012102010212021012102010210120102012102
212021012102010210120212010201210212021012102010210120212010201
212021012102010210120212012102010212021012102010210120212012102
212021012102010210121021202102010212021012102010210121021202102
212021012102010212010201202102010212021012102010212010201202102
212021012102010212012101202102010212021012102010212012101202102
212021012102010212021012010201210212021012102010212021012010201
212021012102010212021012021201210212021012102010212021012021201
212021012102010212021020102101210212021012102010212021020102101
212021012102010212021020120212010212021012102010212021020120212
212021012102010212021020121012010212021012102010212021020121012
212021012102012021201020121012010212021012102012021201020121012
212021012102012021201021012102010212021012102012021201021012102
212021012102012021201210120212010212021012102012021201210120212
212021012102012101201020120212010212021012102012101201020120212
212021012102012101201021012102010212021012102012101201021012102
212021012102012101202120102101210212021012102012101202120102101
212021012102012101202120121012010212021012102012101202120121012
212021012102120102012021012102010212021012102120102012021012102
212021012102120102012101202102010212021012102120102012101202102
212021012102120102101201021201210212021012102120102101201021201
212021012102120121012021012102010212021012102120121012021012102
212021012102120121020120210201210212021012102120121020120210201
212021012102120210201021012102010212021012102120210201021012102
212021012102120210201210120212010212021012102120210201210120212
212021020102101201020120210201210212021020102101201020120210201
212021020102101202102012021012010212021020102101202102012021012
212021020102101202102012021201210212021020102101202102012021201
212021020102101202120102012102010212021020102101202120102012102
212021020102101210201021202101210212021020102101210201021202101
212021020102101210201210120212010212021020102101210201210120212
212021020102101210212021012102010212021020102101210212021012102
212021020102120102012101202101210212021020102120102012101202101
212021020102120121020120210201210212021020102120121020120210201
212021020102120121021201021012010212021020102120121021201021012
212021020102120210120212010201210212021020102120210120212010201
212021020102120210121020102101210212021020102120210121020102101
212021020120210120102012021201210212021020120210120102012021201
212021020120210120102101202102010212021020120210120102101202102
212021020120210121021201021012010212021020120210121021201021012
212021020120212010201210120212010212021020120212010201210120212
212021020120212010210120210201210212021020120212010210120210201
212021020120212010212021012102010212021020120212010212021012102
212021020120212012101201021201210212021020120212012101201021201
212021020120212012102012021012010212021020120212012102012021012
212021020120212012102120102101210212021020120212012102120102101
212021020121012010212021012102010212021020121012010212021012102
212021020121012021201020121012010212021020121012021201020121012
212021020121012021201021012102010212021020121012021201021012102
212021020121012021201021202101210212021020121012021201021202101
212021020121021201021012021201210212021020121021201021012021201
212021020121021201210120102101210212021020121021201210120102101
212021020121021201210201021012010212021020121021201210201021012
212021020121021201210201202101210212021020121021201210201202101
212021020121021201210201202102010212021020121021201210201202102