010210120210201210212010210120210201210
010212012102012021012010212012102012021
012010212012102012021012010212012102012
012021012010212012102012021012010212012
012021020121021201021012021020121021201
012102012021012010212012102012021012010
012102120102101202102012102120102101202
020120210120102120121020120210120102120
020121021201021012021020121021201021012
021012010212012102012021012010212012102
021012021020121021201021012021020121021
021020121021201021012021020121021201021
021201021012021020121021201021012021020
021201210201202101201021201210201202101
101201021201210201202101201021201210201
101202102012102120102101202102012102120
102012021012010212012102012021012010212
102012102120102101202102012102120102101
102101202102012102120102101202102012102
102120102101202102012102120102101202102
102120121020120210120102120121020120210
120102101202102012102120102101202102012
120102120121020120210120102120121020120
120121020120210120102120121020120210120
120210120102120121020120210120102120121
120210201210212010210120210201210212010
121020120210120102120121020120210120102
121021201021012021020121021201021012021
201021012021020121021201021012021020121
201021201210201202101201021201210201202
201202101201021201210201202101201021201
201210201202101201021201210201202101201
201210212010210120210201210212010210120
202101201021201210201202101201021201210
202102012102120102101202102012102120102
210120102120121020120210120102120121020
210120210201210212010210120210201210212
210201202101201021201210201202101201021
210201210212010210120210201210212010210
210212010210120210201210212010210120210
212010210120210201210212010210120210201
212012102012021012010212012102012021012
0102012021012010201210120212010201202101201020121012
0102012021012102010210120212010201202101210201021012
0102012021012102010212021012010201202101210201021202
0102012021012102120210120212010201202101210212021012
0102012021020102120210120212010201202102010212021012
0102012021020121021201021012010201202102012102120102
0102012021201021012102010212010201202120102101210201
0102012021201021202101210212010201202120102120210121
0102012021201021202102010212010201202120102120210201
0102012101201021012102010212010201210120102101210201
0102012101201021201210120212010201210120102120121012
0102012101201021202101210212010201210120102120210121
0102012101201021202102010212010201210120102120210201
0102012101202101210201021012010201210120210121020102
0102012101202101210212021012010201210120210121021202
0102012101202102010210120212010201210120210201021012
0102012101202102010212021012010201210120210201021202
0102012101202120102012021012010201210120212010201202
0102012101202120102101210212010201210120212010210121
0102012101202120121020120212010201210120212012102012
0102012102010210121020120212010201210201021012102012
0102012102010210121020121012010201210201021012102012
0102012102010212021020120212010201210201021202102012
0102012102010212021020121012010201210201021202102012
0102012102120210121020120212010201210212021012102012
0102012102120210121020121012010201210212021012102012
0102012102120210201210120212010201210212021020121012
0102101201020120210201210212010210120102012021020121
0102101201020121012021012102010210120102012101202101
0102101201021201210201202102010210120102120121020120
0102101202102010212021012102010210120210201021202101
0102101202102012021201210212010210120210201202120121
0102101202102012102120121012010210120210201210212012
0102101202120102012021012102010210120212010201202101
0102101202120102012101202102010210120212010201210120
0102101202120121012021012102010210120212012101202101
0102101210201021201020120212010210121020102120102012
0102101210201021201020121012010210121020102120102012
0102101210201021201210120212010210121020102120121012
0102101210201021202101210212010210121020102120210121
0102101210201202120102012102010210121020120212010201
0102101210201210120102012102010210121020121012010201
0102101210201210120212012102010210121020121012021201
0102101210212010201210120212010210121021201020121012
0102101210212012102012021012010210121021201210201202
0102120102012021201021012102010212010201202120102101
0102120102012021201021202102010212010201202120102120
0102120102012101201021012102010212010201210120102101
0102120102012101201021202102010212010201210120102120
0102120121012010212021012102010212012101201021202101
0102120121012021201020121012010212012101202120102012
0102120121012021201021012102010212012101202120102101
0102120121012021201021202102010212012101202120102120
0102120121020120210201021012010212012102012021020102
0102120121021202102012021012010212012102120210201202
0102120210120102012021012102010212021012010201202101
0102120210120102012101202102010212021012010201210120
0102120210120212010201202102010212021012021201020120
0102120210120212012101202102010212021012021201210120
0102120210121020102101202102010212021012102010210120
0102120210121020102120121012010212021012102010212012
0102120210121020120212012102010212021012102012021201
0102120210121021201020120212010212021012102120102012
0102120210121021201020121012010212021012102120102012
0102120210121021201021012102010212021012102120102101
0102120210121021201210120212010212021012102120121012
0102120210201021201020120212010212021020102120102012
0102120210201021201020121012010212021020102120102012
0102120210201021201210120212010212021020102120121012
0102120210201202120102012102010212021020120212010201
0102120210201210120102012102010212021020121012010201
0102120210201210120212012102010212021020121012021201
0102120210201210212021012102010212021020121021202101
0120102012021012102010212021012010201202101210201021
0120102012021020121021201021012010201202102012102120
0120102012101202101210201021012010201210120210121020
0120102012101202101210212021012010201210120210121021
0120102012101202102010212021012010201210120210201021
0120102012101202120102012021012010201210120212010201
0120102012102010210121020121012010201210201021012102
0120102012102010212021020121012010201210201021202102
0120102012102120210121020121012010201210212021012102
0120102101202102012102120121012010210120210201210212
0120102101210201021201020121012010210121020102120102
0120102101210212012102012021012010210121021201210201
0120102120121012021201020121012010212012101202120102
0120102120121020120210201021012010212012102012021020
0120102120121021202102012021012010212012102120210201
0120102120210121020102120121012010212021012102010212
0120102120210121021201020121012010212021012102120102
0120102120210201021201020121012010212021020102120102
0120210120102012101202120102012021012010201210120212
0120210120102101210212012102012021012010210121021201
0120210120102120121021202102012021012010212012102120
0120210121020102101201020121012021012102010210120102
0120210121020102101202120102012021012102010210120212
0120210121020102101202120121012021012102010210120212
0120210121020102120210120102012021012102010212021012
0120210121021202101201020121012021012102120210120102
0120210121021202101202120102012021012102120210120212
0120210121021202101202120121012021012102120210120212
0120210201021012010212012102012021020102101201021201
0120210201021012021201020121012021020102101202120102
0120210201021202101201020121012021020102120210120102
0120210201021202101202120102012021020102120210120212
0120210201021202101202120121012021020102120210120212
0120210201021202101210201021012021020102120210121020
0120210201202120121021201021012021020120212012102120
0120210201210212010210120102012021020121021201021012
0120210201210212012101201021012021020121021201210120
0120212010201202101201020121012021201020120210120102
0120212010201202101210201021012021201020120210121020
0120212010201202101210212021012021201020120210121021
0120212010201202102010212021012021201020120210201021
0120212010201210120102120121012021201020121012010212
0120212010201210120210201021012021201020121012021020
0120212010201210120212012102012021201020121012021201
0120212010201210201021012102012021201020121020102101
0120212010201210201021202102012021201020121020102120
0120212010201210212021012102012021201020121021202101
0120212010201210212021020121012021201020121021202102
0120212010210121020102120102012021201021012102010212
0120212010210121020102120121012021201021012102010212
0120212010210121021201020121012021201021012102120102
0120212010212021012102120102012021201021202101210212
0120212010212021012102120121012021201021202101210212
0120212010212021020102120102012021201021202102010212
0120212010212021020102120121012021201021202102010212
0120212012101202101210201021012021201210120210121020
0120212012101202101210212021012021201210120210121021
0120212012101202102010212021012021201210120210201021
0120212012102010210121020121012021201210201021012102
0120212012102010212021012102012021201210201021202101
0120212012102010212021020121012021201210201021202102
0120212012102012021201020121012021201210201202120102
0120212012102120102101202102012021201210212010210120
0120212012102120210121020121012021201210212021012102
0121012010201210201021012102012101201020121020102101
0121012010201210201021202102012101201020121020102120
0121012010201210212021012102012101201020121021202101
0121012010210120210201210212012101201021012021020121
0121012010210121020102120102012101201021012102010212
0121012010212012101202120102012101201021201210120212
0121012010212021012102010212012101201021202101210201
0121012010212021012102120102012101201021202101210212
0121012010212021020102120102012101201021202102010212
0121012021012102010210120102012101202101210201021012
0121012021012102010210120212012101202101210201021012
0121012021012102120210120102012101202101210212021012
0121012021012102120210120212012101202101210212021012
0121012021020102101202120102012101202102010210120212
0121012021020102120210120102012101202102010212021012
0121012021020102120210120212012101202102010212021012
0121012021201020120210120102012101202120102012021012
0121012021201020121012010212012101202120102012101201
0121012021201020121021202102012101202120102012102120
0121012021201021012102010212012101202120102101210201
0121012021201021012102120102012101202120102101210212
0121012021201021202101210212012101202120102120210121
0121012021201021202102010212012101202120102120210201
0121012021201210201021012102012101202120121020102101
0121012021201210201021202102012101202120121020102120
0121012021201210201202120102012101202120121020120212
0121012021201210212021012102012101202120121021202101
0121020102101201020121012021012102010210120102012101
0121020102101202102010212021012102010210120210201021
0121020102101202120102012021012102010210120212010201
0121020102101202120121012021012102010210120212012101
0121020102101210201202120102012102010210121020120212
0121020102101210201210120102012102010210121020121012
0121020102101210201210120212012102010210121020121012
0121020102120102012021201021012102010212010201202120
0121020102120102012101201021012102010212010201210120
0121020102120121012010212021012102010212012101201021
0121020102120121012021201021012102010212012101202120
0121020102120210120102012021012102010212021012010201
0121020102120210121020120212012102010212021012102012
0121020102120210121021201021012102010212021012102120
0121020102120210201202120102012102010212021020120212
0121020102120210201210120102012102010212021020121012
0121020102120210201210120212012102010212021020121012
0121020102120210201210212021012102010212021020121021
0121020120210120102101210212012102012021012010210121
0121020120210201021012010212012102012021020102101201
0121020120212010201210120212012102012021201020121012
0121020120212010201210201021012102012021201020121020
0121020120212010201210212021012102012021201020121021
0121020120212012102010212021012102012021201210201021
0121020121012010201210201021012102012101201020121020
0121020121012010201210212021012102012101201020121021
0121020121012021201210201021012102012101202120121020
0121020121012021201210212021012102012101202120121021
0121021201020120212010212021012102120102012021201021
0121021201020121012010212021012102120102012101201021
0121021201020121012021201021012102120102012101202120
0121021201021012010201202102012102120102101201020120
0121021201021012021020120212012102120102101202102012
0121021201021012102010212021012102120102101210201021
0121021201210120102101202102012102120121012010210120
0121021201210120212010212021012102120121012021201021
0121021201210201202101201021012102120121020120210120
0121021202101201020121012021012102120210120102012101
0121021202101202120102012021012102120210120212010201
0121021202101202120121012021012102120210120212012101
0121021202101210201021202102012102120210121020102120
0121021202101210201202120102012102120210121020120212
0121021202101210201210120102012102120210121020121012
0121021202101210201210120212012102120210121020121012
0121021202102012021012010212012102120210201202101201
0121021202102012101202120102012102120210201210120212
0201021012010201210120210121020102101201020121012021
0201021012010212012102012021020102101201021201210201
0201021012021020102120210121020102101202102010212021
0201021012021201020120210121020102101202120102012021
0201021012021201020121012021020102101202120102012101
0201021012021201210120210121020102101202120121012021
0201021012102012021201020121020102101210201202120102
0201021012102012101201020121020102101210201210120102
0201021012102012101202120121020102101210201210120212
0201021201020120212010210121020102120102012021201021
0201021201020120212010212021020102120102012021201021
0201021201020121012010210121020102120102012101201021
0201021201020121012010212021020102120102012101201021
0201021201210120102120210121020102120121012010212021
0201021201210120212010210121020102120121012021201021
0201021201210120212010212021020102120121012021201021
0201021202101201020120210121020102120210120102012021
0201021202101201020121012021020102120210120102012101
0201021202101202120102012021020102120210120212010201
0201021202101202120121012021020102120210120212012101
0201021202101210201021012021020102120210121020102101
0201021202101210201202120121020102120210121020120212
0201021202101210212010210121020102120210121021201021
0201021202102012021201020121020102120210201202120102
0201021202102012101201020121020102120210201210120102
0201021202102012101202120121020102120210201210120212
0201021202102012102120210121020102120210201210212021
0201202101201020121012021201020120210120102012101202
0201202101201021012102120121020120210120102101210212
0201202101201021201210212021020120210120102120121021
0201202101210201021012021201020120210121020102101202
0201202101210201021202101201020120210121020102120210
0201202101210212021012021201020120210121021202101202
0201202102010210120102120121020120210201021012010212
0201202102010212021012021201020120210201021202101202
0201202102012102120102101201020120210201210212010210
0201202120102012101202120121020120212010201210120212
0201202120102012102010210121020120212010201210201021
0201202120102012102010212021020120212010201210201021
0201202120102012102120210121020120212010201210212021
0201202120102101210201021201020120212010210121020102
0201202120102120210121021201020120212010212021012102
0201202120102120210201021201020120212010212021020102
0201202120121020102120210121020120212012102010212021
0201202120121021201021012021020120212012102120102101
0201210120102012102010210121020121012010201210201021
0201210120102012102010212021020121012010201210201021
0201210120102012102120210121020121012010201210212021
0201210120102101210201021201020121012010210121020102
0201210120102120121012021201020121012010212012101202
0201210120102120210121021201020121012010212021012102
0201210120102120210201021201020121012010212021020102
0201210120210121020102101201020121012021012102010210
0201210120210121021202101201020121012021012102120210
0201210120210201021012021201020121012021020102101202
0201210120210201021202101201020121012021020102120210
0201210120212010201202101201020121012021201020120210
0201210120212010201210212021020121012021201020121021
0201210120212010210121021201020121012021201021012102
0201210120212012102010210121020121012021201210201021
0201210120212012102010212021020121012021201210201021
0201210120212012102012021201020121012021201210201202
0201210120212012102120210121020121012021201210212021
0201210201021012102012021201020121020102101210201202
0201210201021012102012101201020121020102101210201210
0201210201021202102012021201020121020102120210201202
0201210201021202102012101201020121020102120210201210
0201210212010210120102012021020121021201021012010201
0201210212012101201021012021020121021201210120102101
0201210212021012102010212021020121021202101210201021
0201210212021012102012021201020121021202101210201202
0201210212021012102012101201020121021202101210201210
0201210212021020121012021201020121021202102012101202
0210120102012021012102010212021012010201202101210201
0210120102012021020121021201021012010201202102012102
0210120102012101202101210201021012010201210120210121
0210120102012101202101210212021012010201210120210121
0210120102012101202102010212021012010201210120210201
0210120102012101202120102012021012010201210120212010
0210120102101210212012102012021012010210121021201210
0210120102120121020120210201021012010212012102012021
0210120102120121021202102012021012010212012102120210
0210120210201021202101210201021012021020102120210121
0210120210201202120121021201021012021020120212012102
0210120210201210212012101201021012021020121021201210
0210120212010201202101210201021012021201020120210121
0210120212010201202101210212021012021201020120210121
0210120212010201202102010212021012021201020120210201
0210120212010201210120210201021012021201020121012021
0210120212012101202101210201021012021201210120210121
0210120212012101202101210212021012021201210120210121
0210120212012101202102010212021012021201210120210201
0210121020102101201020121012021012102010210120102012
0210121020102101202102010212021012102010210120210201
0210121020102101202120102012021012102010210120212010
0210121020102101202120121012021012102010210120212012
0210121020102120102012021201021012102010212010201202
0210121020102120102012101201021012102010212010201210
0210121020102120121012010212021012102010212012101201
0210121020102120121012021201021012102010212012101202
0210121020102120210120102012021012102010212021012010
0210121020102120210121021201021012102010212021012102
0210121020102120210201210212021012102010212021020121
0210121020120212010201210201021012102012021201020121
0210121020120212010201210212021012102012021201020121
0210121020120212012102010212021012102012021201210201
0210121020121012010201210201021012102012101201020121
0210121020121012010201210212021012102012101201020121
0210121020121012021201210201021012102012101202120121
0210121020121012021201210212021012102012101202120121
0210121021201020120212010212021012102120102012021201
0210121021201020121012010212021012102120102012101201
0210121021201020121012021201021012102120102012101202
0210121021201021012102010212021012102120102101210201
0210121021201210120212010212021012102120121012021201
0210121021201210201202101201021012102120121020120210
0210121021202101201020121012021012102120210120102012
0210121021202101202120102012021012102120210120212010
0210121021202101202120121012021012102120210120212012
0210201021012010212012102012021020102101201021201210
0210201021012021201020121012021020102101202120102012
0210201021201020120212010212021020102120102012021201
0210201021201020121012010212021020102120102012101201
0210201021201210120212010212021020102120121012021201
0210201021202101201020121012021020102120210120102012
0210201021202101202120102012021020102120210120212010
0210201021202101202120121012021020102120210120212012
0210201021202101210201021012021020102120210121020102
0210201202101201021201210212021020120210120102120121
0210201202120102012102010212021020120212010201210201
0210201202120121021201021012021020120212012102120102
0210201210120102012102010212021020121012010201210201
0210201210120212010201210212021020121012021201020121
0210201210120212012102010212021020121012021201210201
0210201210212010210120102012021020121021201021012010
0210201210212012101201021012021020121021201210120102
0210201210212021012102010212021020121021202101210201
0212010201202101201020121012021201020120210120102012
0212010201202101210201021012021201020120210121020102
0212010201202101210212021012021201020120210121021202
0212010201202102010212021012021201020120210201021202
0212010201202120102101210201021201020120212010210121
0212010201202120102120210121021201020120212010212021
0212010201202120102120210201021201020120212010212021
0212010201210120102101210201021201020121012010210121
0212010201210120102120121012021201020121012010212012
0212010201210120102120210121021201020121012010212021
0212010201210120102120210201021201020121012010212021
0212010201210120210201021012021201020121012021020102
0212010201210120212010210121021201020121012021201021
0212010201210120212012102012021201020121012021201210
0212010201210201021012102012021201020121020102101210
0212010201210201021202102012021201020121020102120210
0212010201210212021012102012021201020121021202101210
0212010201210212021020121012021201020121021202102012
0212010210120102012021020121021201021012010201202102
0212010210120210201202120121021201021012021020120212
0212010210121020102120102012021201021012102010212010
0212010210121020102120121012021201021012102010212012
0212010210121020102120210121021201021012102010212021
0212010210121021201020121012021201021012102120102012
0212010212021012102120102012021201021202101210212010
0212010212021012102120121012021201021202101210212012
0212010212021020102120102012021201021202102010212010
0212010212021020102120121012021201021202102010212012
0212012101201021012021020121021201210120102101202102
0212012101201021202101210201021201210120102120210121
0212012101202101210201021012021201210120210121020102
0212012101202101210212021012021201210120210121021202
0212012101202102010212021012021201210120210201021202
0212012101202120102012101201021201210120212010201210
0212012101202120102101210201021201210120212010210121
0212012101202120102120210121021201210120212010212021
0212012101202120102120210201021201210120212010212021
0212012102010210121020121012021201210201021012102012
0212012102010212021012102012021201210201021202101210
0212012102010212021020121012021201210201021202102012
0212012102012021012010210121021201210201202101201021
0212012102012021020102101201021201210201202102010210
0212012102012021201020121012021201210201202120102012
0212012102120102101202102012021201210212010210120210
0212012102120210121020121012021201210212021012102012
0212012102120210201202101201021201210212021020120210
0212021012010201202101210201021202101201020120210121
0212021012010201210120210121021202101201020121012021
0212021012010201210120210201021202101201020121012021
0212021012021201020120210121021202101202120102012021
0212021012021201020120210201021202101202120102012021
0212021012021201210120210121021202101202120121012021
0212021012021201210120210201021202101202120121012021
0212021012102010210120210201021202101210201021012021
0212021012102010212012101201021202101210201021201210
0212021012102010212021020121021202101210201021202102
0212021012102012021201020121021202101210201202120102
0212021012102012021201210201021202101210201202120121
0212021012102012101201020121021202101210201210120102
0212021012102012101202120121021202101210201210120212
0212021012102120102012021201021202101210212010201202
0212021012102120102012101201021202101210212010201210
0212021012102120102101210201021202101210212010210121
0212021012102120121012021201021202101210212012101202
0212021020102120102012021201021202102010212010201202
0212021020102120102012101201021202102010212010201210
0212021020102120121012021201021202102010212012101202
0212021020120210120102120121021202102012021012010212
0212021020120212010201210201021202102012021201020121
0212021020121012010201210201021202102012101201020121
0212021020121012021201020121021202102012101202120102
0212021020121012021201210201021202102012101202120121
0212021020121021202101210201021202102012102120210121
1012010201202101210201021202101201020120210121020102
1012010201202102012102120102101201020120210201210212
1012010201210120210121020102101201020121012021012102
1012010201210120210121021202101201020121012021012102
1012010201210120210201021202101201020121012021020102
1012010201210120212010201202101201020121012021201020
1012010201210201021012102012101201020121020102101210
1012010201210201021202102012101201020121020102120210
1012010201210212021012102012101201020121021202101210
1012010210120210201210212012101201021012021020121021
1012010210121020102120102012101201021012102010212010
1012010210121021201210201202101201021012102120121020
1012010212012101202120102012101201021201210120212010
1012010212012102012021020102101201021201210201202102
1012010212012102120210201202101201021201210212021020
1012010212021012102010212012101201021202101210201021
1012010212021012102120102012101201021202101210212010
1012010212021020102120102012101201021202102010212010
1012021012102010210120102012101202101210201021012010
1012021012102010210120212012101202101210201021012021
1012021012102120210120102012101202101210212021012010
1012021012102120210120212012101202101210212021012021
1012021020102101202120102012101202102010210120212010
1012021020102120210120102012101202102010212021012010
1012021020102120210120212012101202102010212021012021
1012021020102120210121020102101202102010212021012102
1012021020120212012102120102101202102012021201210212
1012021020121021201210120102101202102012102120121012
1012021201020120210120102012101202120102012021012010
1012021201020120210121020102101202120102012021012102
1012021201020120210121021202101202120102012021012102
1012021201020120210201021202101202120102012021020102
1012021201020121012010212012101202120102012101201021
1012021201020121012021020102101202120102012101202102
1012021201020121021202102012101202120102012102120210
1012021201021012102010212012101202120102101210201021
1012021201021012102120102012101202120102101210212010
1012021201021202101210212012101202120102120210121021
1012021201021202102010212012101202120102120210201021
1012021201210120210121020102101202120121012021012102
1012021201210120210121021202101202120121012021012102
1012021201210120210201021202101202120121012021020102
1012021201210201021012102012101202120121020102101210
1012021201210201021202102012101202120121020102120210
1012021201210201202120102012101202120121020120212010
1012021201210212021012102012101202120121021202101210
1012102010210120102012101202101210201021012010201210
1012102010210120210201021202101210201021012021020102
1012102010210120212010201202101210201021012021201020
1012102010210120212012101202101210201021012021201210
1012102010212010201202120102101210201021201020120212
1012102010212010201210120102101210201021201020121012
1012102010212012101201021202101210201021201210120102
1012102010212012101202120102101210201021201210120212
1012102010212021012010201202101210201021202101201020
1012102010212021012102120102101210201021202101210212
1012102010212021020121021202101210201021202102012102
1012102012021201020121020102101210201202120102012102
1012102012021201020121021202101210201202120102012102
1012102012021201210201021202101210201202120121020102
1012102012101201020121020102101210201210120102012102
1012102012101201020121021202101210201210120102012102
1012102012101202120121020102101210201210120212012102
1012102012101202120121021202101210201210120212012102
1012102120102012021201021202101210212010201202120102
1012102120102012101201021202101210212010201210120102
1012102120102012101202120102101210212010201210120212
1012102120102101210201021202101210212010210121020102
1012102120121012021201021202101210212012101202120102
1012102120121020120210120102101210212012102012021012
1012102120210120102012101202101210212021012010201210
1012102120210120212010201202101210212021012021201020
1012102120210120212012101202101210212021012021201210
1020102101201020121012021012102010210120102012101202
1020102101201021201210201202102010210120102120121020
1020102101202102010212021012102010210120210201021202
1020102101202120102012021012102010210120212010201202
1020102101202120102012101202102010210120212010201210
1020102101202120121012021012102010210120212012101202
1020102101210201202120102012102010210121020120212010
1020102101210201210120102012102010210121020121012010
1020102101210201210120212012102010210121020121012021
1020102120102012021201021012102010212010201202120102
1020102120102012021201021202102010212010201202120102
1020102120102012101201021012102010212010201210120102
1020102120102012101201021202102010212010201210120102
1020102120121012010212021012102010212012101201021202
1020102120121012021201021012102010212012101202120102
1020102120121012021201021202102010212012101202120102
1020102120210120102012021012102010212021012010201202
1020102120210120102012101202102010212021012010201210
1020102120210120212010201202102010212021012021201020
1020102120210120212012101202102010212021012021201210
1020102120210121020102101202102010212021012102010210
1020102120210121020120212012102010212021012102012021
1020102120210121021201021012102010212021012102120102
1020102120210201202120102012102010212021020120212010
1020102120210201210120102012102010212021020121012010
1020102120210201210120212012102010212021020121012021
1020102120210201210212021012102010212021020121021202
1020120210120102012101202120102012021012010201210120
1020120210120102101210212012102012021012010210121021
1020120210120102120121021202102012021012010212012102
1020120210121020102101202120102012021012102010210120
1020120210121020102120210120102012021012102010212021
1020120210121021202101202120102012021012102120210120
1020120210201021012010212012102012021020102101201021
1020120210201021202101202120102012021020102120210120
1020120210201210212010210120102012021020121021201021
1020120212010201210120212012102012021201020121012021
1020120212010201210201021012102012021201020121020102
1020120212010201210201021202102012021201020121020102
1020120212010201210212021012102012021201020121021202
1020120212010210121020102120102012021201021012102010
1020120212010212021012102120102012021201021202101210
1020120212010212021020102120102012021201021202102010
1020120212012102010212021012102012021201210201021202
1020120212012102120102101202102012021201210212010210
1020121012010201210201021012102012101201020121020102
1020121012010201210201021202102012101201020121020102
1020121012010201210212021012102012101201020121021202
1020121012010210121020102120102012101201021012102010
1020121012010212012101202120102012101201021201210120
1020121012010212021012102120102012101201021202101210
1020121012010212021020102120102012101201021202102010
1020121012021012102010210120102012101202101210201021
1020121012021012102120210120102012101202101210212021
1020121012021020102101202120102012101202102010210120
1020121012021020102120210120102012101202102010212021
1020121012021201020120210120102012101202120102012021
1020121012021201020121021202102012101202120102012102
1020121012021201021012102120102012101202120102101210
1020121012021201210201021012102012101202120121020102
1020121012021201210201021202102012101202120121020102
1020121012021201210201202120102012101202120121020120
1020121012021201210212021012102012101202120121021202
1020121020102101210201202120102012102010210121020120
1020121020102101210201210120102012102010210121020121
1020121020102120210201202120102012102010212021020120
1020121020102120210201210120102012102010212021020121
1020121021201021012010201202102012102120102101201020
1020121021201210120102101202102012102120121012010210
1020121021202101210201021202102012102120210121020102
1020121021202101210201202120102012102120210121020120
1020121021202101210201210120102012102120210121020121
1020121021202102012101202120102012102120210201210120
1021012010201202102012102120102101201020120210201210
1021012010201210120210121020102101201020121012021012
1021012010212012102012021020102101201021201210201202
1021012021020102120210121020102101202102010212021012
1021012021020120212012102120102101202102012021201210
1021012021020121021201210120102101202102012102120121
1021012021201020120210121020102101202120102012021012
1021012021201020121012021020102101202120102012101202
1021012021201210120210121020102101202120121012021012
1021012102010212010201202120102101210201021201020120
1021012102010212010201210120102101210201021201020121
1021012102010212012101202120102101210201021201210120
1021012102010212021012102120102101210201021202101210
1021012102012021201020121020102101210201202120102012
1021012102012101201020121020102101210201210120102012
1021012102012101202120121020102101210201210120212012
1021012102120102012101202120102101210212010201210120
1021012102120121020120210120102101210212012102012021
1021201020120212010210121020102120102012021201021012
1021201020120212010212021012102120102012021201021202
1021201020120212010212021020102120102012021201021202
1021201020121012010210121020102120102012101201021012
1021201020121012010212021012102120102012101201021202
1021201020121012010212021020102120102012101201021202
1021201020121012021201021012102120102012101202120102
1021201021012010201202102012102120102101201020120210
1021201021012021020120212012102120102101202102012021
1021201021012102010212021012102120102101210201021202
1021201210120102101202102012102120121012010210120210
1021201210120102120210121020102120121012010212021012
1021201210120212010201210120102120121012021201020121
1021201210120212010210121020102120121012021201021012
1021201210120212010212021012102120121012021201021202
1021201210120212010212021020102120121012021201021202
1021201210201202101201021012102120121020120210120102
1021201210201202102010210120102120121020120210201021
1021201210212021020120210120102120121021202102012021
1021202101201020120210121020102120210120102012021012
1021202101201020121012021012102120210120102012101202
1021202101201020121012021020102120210120102012101202
1021202101202120102012021012102120210120212010201202
1021202101202120102012021020102120210120212010201202
1021202101202120121012021012102120210120212012101202
1021202101202120121012021020102120210120212012101202
1021202101210201021012021020102120210121020102101202
1021202101210201021201210120102120210121020102120121
1021202101210201021202102012102120210121020102120210
1021202101210201202120102012102120210121020120212010
1021202101210201202120121020102120210121020120212012
1021202101210201210120102012102120210121020121012010
1021202101210201210120212012102120210121020121012021
1021202101210212010201202120102120210121021201020120
1021202101210212010201210120102120210121021201020121
1021202101210212010210121020102120210121021201021012
1021202101210212012101202120102120210121021201210120
1021202102010212010201202120102120210201021201020120
1021202102010212010201210120102120210201021201020121
1021202102010212012101202120102120210201021201210120
1021202102012021012010212012102120210201202101201021
1021202102012021201020121020102120210201202120102012
1021202102012101201020121020102120210201210120102012
1021202102012101202120102012102120210201210120212010
1021202102012101202120121020102120210201210120212012
1021202102012102120210121020102120210201210212021012
1201020120210120102012101202120102012021012010201210
1201020120210121020102101202120102012021012102010210
1201020120210121020102120210120102012021012102010212
1201020120210121021202101202120102012021012102120210
1201020120210201021202101202120102012021020102120210
1201020120210201210212010210120102012021020121021201
1201020120212010210121020102120102012021201021012102
1201020120212010212021012102120102012021201021202101
1201020120212010212021020102120102012021201021202102
1201020121012010210121020102120102012101201021012102
1201020121012010212012101202120102012101201021201210
1201020121012010212021012102120102012101201021202101
1201020121012010212021020102120102012101201021202102
1201020121012021012102010210120102012101202101210201
1201020121012021012102120210120102012101202101210212
1201020121012021020102101202120102012101202102010210
1201020121012021020102120210120102012101202102010212
1201020121012021201020120210120102012101202120102012
1201020121012021201021012102120102012101202120102101
1201020121012021201210201202120102012101202120121020
1201020121020102101210201202120102012102010210121020
1201020121020102101210201210120102012102010210121020
1201020121020102120210201202120102012102010212021020
1201020121020102120210201210120102012102010212021020
1201020121021202101210201202120102012102120210121020
1201020121021202101210201210120102012102120210121020
1201020121021202102012101202120102012102120210201210
1201021012010201202102012102120102101201020120210201
1201021012021020120212012102120102101202102012021201
1201021012021020121021201210120102101202102012102120
1201021012102010212010201202120102101210201021201020
1201021012102010212010201210120102101210201021201020
1201021012102010212012101202120102101210201021201210
1201021012102010212021012102120102101210201021202101
1201021012102120102012101202120102101210212010201210
1201021012102120121020120210120102101210212012102012
1201021201210120212010201210120102120121012021201020
1201021201210201202102010210120102120121020120210201
1201021201210212021020120210120102120121021202102012
1201021202101210201021201210120102120210121020102120
1201021202101210212010201202120102120210121021201020
1201021202101210212010201210120102120210121021201020
1201021202101210212012101202120102120210121021201210
1201021202102010212010201202120102120210201021201020
1201021202102010212010201210120102120210201021201020
1201021202102010212012101202120102120210201021201210
1201210120102101202102012102120121012010210120210201
1201210120102120210121020102120121012010212021012102
1201210120210121020102101202120121012021012102010210
1201210120210121021202101202120121012021012102120210
1201210120210201021202101202120121012021020102120210
1201210120212010201210120102120121012021201020121012
1201210120212010210121020102120121012021201021012102
1201210120212010212021012102120121012021201021202101
1201210120212010212021020102120121012021201021202102
1201210201021012102012101202120121020102101210201210
1201210201021202101210201202120121020102120210121020
1201210201021202102012101202120121020102120210201210
1201210201202101201021012102120121020120210120102101
1201210201202102010210120102120121020120210201021012
1201210201202120102012101202120121020120212010201210
1201210212010210120210201202120121021201021012021020
1201210212021012102012101202120121021202101210201210
1201210212021020120210120102120121021202102012021012
1202101201020120210121020102120210120102012021012102
1202101201020121012021012102120210120102012101202101
1202101201020121012021020102120210120102012101202102
1202101201020121012021201020120210120102012101202120
1202101201021012102120121020120210120102101210212012
1202101201021201210212021020120210120102120121021202
1202101202120102012021012102120210120212010201202101
1202101202120102012021020102120210120212010201202102
1202101202120121012021012102120210120212012101202101
1202101202120121012021020102120210120212012101202102
1202101210201021012010201210120210121020102101201020
1202101210201021012021020102120210121020102101202102
1202101210201021012021201020120210121020102101202120
1202101210201021012021201210120210121020102101202120
1202101210201021201210120102120210121020102120121012
1202101210201021202101201020120210121020102120210120
1202101210201021202102012102120210121020102120210201
1202101210201202120102012102120210121020120212010201
1202101210201202120121020102120210121020120212012102
1202101210201210120102012102120210121020121012010201
1202101210201210120212012102120210121020121012021201
1202101210212010201202120102120210121021201020120212
1202101210212010201210120102120210121021201020121012
1202101210212010210121020102120210121021201021012102
1202101210212012101202120102120210121021201210120212
1202101210212021012010201210120210121021202101201020
1202101210212021012021201020120210121021202101202120
1202101210212021012021201210120210121021202101202120
1202102010210120102120121020120210201021012010212012
1202102010210120212010201210120210201021012021201020
1202102010212010201202120102120210201021201020120212
1202102010212010201210120102120210201021201020121012
1202102010212012101202120102120210201021201210120212
1202102010212021012010201210120210201021202101201020
1202102010212021012021201020120210201021202101202120
1202102010212021012021201210120210201021202101202120
1202102010212021012102010210120210201021202101210201
1202102012021012010212012102120210201202101201021201
1202102012021201020121020102120210201202120102012102
1202102012021201210212010210120210201202120121021201
1202102012101201020121020102120210201210120102012102
1202102012101202120102012102120210201210120212010201
1202102012101202120121020102120210201210120212012102
1202102012102120102101201020120210201210212010210120
1202102012102120121012010210120210201210212012101201
1202102012102120210121020102120210201210212021012102
1202120102012021012010201210120212010201202101201020
1202120102012021012102010210120212010201202101210201
1202120102012021012102120210120212010201202101210212
1202120102012021020102120210120212010201202102010212
1202120102012101201021201210120212010201210120102120
1202120102012101202102010210120212010201210120210201
1202120102012101202120121020120212010201210120212012
1202120102012102010210121020120212010201210201021012
1202120102012102010212021020120212010201210201021202
1202120102012102120210121020120212010201210212021012
1202120102012102120210201210120212010201210212021020
1202120102101210201021201020120212010210121020102120
1202120102101210201021201210120212010210121020102120
1202120102101210212010201210120212010210121021201020
1202120102120210121021201020120212010212021012102120
1202120102120210121021201210120212010212021012102120
1202120102120210201021201020120212010212021020102120
1202120102120210201021201210120212010212021020102120
1202120121012021012102010210120212012101202101210201
1202120121012021012102120210120212012101202101210212
1202120121012021020102120210120212012101202102010212
1202120121020102101210201210120212012102010210121020
1202120121020102120210121020120212012102010212021012
1202120121020102120210201210120212012102010212021020
1202120121020120212010201210120212012102012021201020
1202120121021201021012021020120212012102120102101202
1202120121021202101210201210120212012102120210121020
1210120102012102010210121020121012010201210201021012
1210120102012102010212021020121012010201210201021202
1210120102012102120210121020121012010201210212021012
1210120102101202102012102120121012010210120210201210
1210120102101210201021201020121012010210121020102120
1210120102120121012021201020121012010212012101202120
1210120102120210121020102120121012010212021012102010
1210120102120210121021201020121012010212021012102120
1210120102120210201021201020121012010212021020102120
1210120210121020102101201020121012021012102010210120
1210120210121020102101202120121012021012102010210120
1210120210121021202101201020121012021012102120210120
1210120210121021202101202120121012021012102120210120
1210120210201021012021201020121012021020102101202120
1210120210201021202101201020121012021020102120210120
1210120210201021202101202120121012021020102120210120
1210120212010201202101201020121012021201020120210120
1210120212010201210120102120121012021201020121012010
1210120212010201210212021020121012021201020121021202
1210120212010210121020102120121012021201021012102010
1210120212010210121021201020121012021201021012102120
1210120212010212021012102120121012021201021202101210
1210120212010212021020102120121012021201021202102010
1210120212012102010210121020121012021201210201021012
1210120212012102010212021020121012021201210201021202
1210120212012102012021201020121012021201210201202120
1210120212012102120210121020121012021201210212021012
1210201021012010201210120210121020102101201020121012
1210201021012021020102120210121020102101202102010212
1210201021012021201020120210121020102101202120102012
1210201021012021201210120210121020102101202120121012
1210201021012102012021201020121020102101210201202120
1210201021012102012101201020121020102101210201210120
1210201021012102012101202120121020102101210201210120
1210201021201020120212010210121020102120102012021201
1210201021201020121012010210121020102120102012101201
1210201021201210120102120210121020102120121012010212
1210201021201210120212010210121020102120121012021201
1210201021202101201020120210121020102120210120102012
1210201021202101210201202120121020102120210121020120
1210201021202101210212010210121020102120210121021201
1210201021202102012021201020121020102120210201202120
1210201021202102012101201020121020102120210201210120
1210201021202102012101202120121020102120210201210120
1210201021202102012102120210121020102120210201210212
1210201202101201021012102120121020120210120102101210
1210201202102010210120102120121020120210201021012010
1210201202120102012101202120121020120212010201210120
1210201202120102012102010210121020120212010201210201
1210201202120102012102120210121020120212010201210212
1210201202120121020102120210121020120212012102010212
1210201210120102012102010210121020121012010201210201
1210201210120102012102120210121020121012010201210212
1210201210120212012102010210121020121012021201210201
1210201210120212012102120210121020121012021201210212
1210212010201202120102120210121021201020120212010212
1210212010201210120102120210121021201020121012010212
1210212010201210120212010210121021201020121012021201
1210212010210120102012021020121021201021012010201202
1210212010210120210201202120121021201021012021020120
1210212010210121020102120210121021201021012102010212
1210212012101201021012021020121021201210120102101202
1210212012101202120102120210121021201210120212010212
1210212012102012021012010210121021201210201202101201
1210212021012010201210120210121021202101201020121012
1210212021012021201020120210121021202101202120102012
1210212021012021201210120210121021202101202120121012
1210212021012102010212021020121021202101210201021202
1210212021012102012021201020121021202101210201202120
1210212021012102012101201020121021202101210201210120
1210212021012102012101202120121021202101210201210120
1210212021020120210120102120121021202102012021012010
1210212021020121012021201020121021202102012101202120
2010201202101201020121012021201020120210120102012101
2010201202101210201021012021201020120210121020102101
2010201202101210201021202101201020120210121020102120
2010201202101210212021012021201020120210121021202101
2010201202102010212021012021201020120210201021202101
2010201202102012102120102101201020120210201210212010
2010201202120102101210201021201020120212010210121020
2010201202120102120210121021201020120212010212021012
2010201202120102120210201021201020120212010212021020
2010201210120102101210201021201020121012010210121020
2010201210120102120121012021201020121012010212012101
2010201210120102120210121021201020121012010212021012
2010201210120102120210201021201020121012010212021020
2010201210120210121020102101201020121012021012102010
2010201210120210121021202101201020121012021012102120
2010201210120210201021012021201020121012021020102101
2010201210120210201021202101201020121012021020102120
2010201210120212010201202101201020121012021201020120
2010201210120212010210121021201020121012021201021012
2010201210120212012102012021201020121012021201210201
2010201210201021012102012021201020121020102101210201
2010201210201021012102012101201020121020102101210201
2010201210201021202102012021201020121020102120210201
2010201210201021202102012101201020121020102120210201
2010201210212021012102012021201020121021202101210201
2010201210212021012102012101201020121021202101210201
2010201210212021020121012021201020121021202102012101
2010210120102012021020121021201021012010201202102012
2010210120102012101202101210201021012010201210120210
2010210120102120121020120210201021012010212012102012
2010210120210201021202101210201021012021020102120210
2010210120210201202120121021201021012021020120212012
2010210120210201210212012101201021012021020121021201
2010210120212010201202101210201021012021201020120210
2010210120212010201210120210201021012021201020121012
2010210120212012101202101210201021012021201210120210
2010210121020102120102012021201021012102010212010201
2010210121020102120102012101201021012102010212010201
2010210121020102120121012021201021012102010212012101
2010210121020102120210121021201021012102010212021012
2010210121020120212010201210201021012102012021201020
2010210121020121012010201210201021012102012101201020
2010210121020121012021201210201021012102012101202120
2010210121021201020121012021201021012102120102012101
2010210121021201210201202101201021012102120121020120
2010212010201202120102101210201021201020120212010210
2010212010201202120102120210201021201020120212010212
2010212010201210120102101210201021201020121012010210
2010212010201210120102120210201021201020121012010212
2010212012101201021202101210201021201210120102120210
2010212012101202120102012101201021201210120212010201
2010212012101202120102101210201021201210120212010210
2010212012101202120102120210201021201210120212010212
2010212012102012021020102101201021201210201202102010
2010212012102120210201202101201021201210212021020120
2010212021012010201202101210201021202101201020120210
2010212021012010201210120210201021202101201020121012
2010212021012021201020120210201021202101202120102012
2010212021012021201210120210201021202101202120121012
2010212021012102010210120210201021202101210201021012
2010212021012102010212012101201021202101210201021201
2010212021012102012021201210201021202101210201202120
2010212021012102120102012021201021202101210212010201
2010212021012102120102012101201021202101210212010201
2010212021012102120102101210201021202101210212010210
2010212021012102120121012021201021202101210212012101
2010212021020102120102012021201021202102010212010201
2010212021020102120102012101201021202102010212010201
2010212021020102120121012021201021202102010212012101
2010212021020120212010201210201021202102012021201020
2010212021020121012010201210201021202102012101201020
2010212021020121012021201210201021202102012101202120
2010212021020121021202101210201021202102012102120210
2012021012010201210120212010201202101201020121012021
2012021012010210121021201210201202101201021012102120
2012021012010212012102120210201202101201021201210212
2012021012102010210120212010201202101210201021012021
2012021012102010212021012010201202101210201021202101
2012021012102120210120212010201202101210212021012021
2012021020102101201021201210201202102010210120102120
2012021020102120210120212010201202102010212021012021
2012021020121021201021012010201202102012102120102101
2012021201020121012021201210201202120102012101202120
2012021201020121020102101210201202120102012102010210
2012021201020121020102120210201202120102012102010212
2012021201020121021202101210201202120102012102120210
2012021201021012102010212010201202120102101210201021
2012021201021202101210212010201202120102120210121021
2012021201021202102010212010201202120102120210201021
2012021201210201021202101210201202120121020102120210
2012021201210212010210120210201202120121021201021012
2012101201020121020102101210201210120102012102010210
2012101201020121020102120210201210120102012102010212
2012101201020121021202101210201210120102012102120210
2012101201021012021020121021201210120102101202102012
2012101201021012102010212010201210120102101210201021
2012101201021201210120212010201210120102120121012021
2012101201021202101210201021201210120102120210121020
2012101201021202101210212010201210120102120210121021
2012101201021202102010212010201210120102120210201021
2012101202101210201021012010201210120210121020102101
2012101202101210201021012021201210120210121020102101
2012101202101210212021012010201210120210121021202101
2012101202101210212021012021201210120210121021202101
2012101202102010210120212010201210120210201021012021
2012101202102010212021012010201210120210201021202101
2012101202102010212021012021201210120210201021202101
2012101202120102012021012010201210120212010201202101
2012101202120102012101201021201210120212010201210120
2012101202120102012102120210201210120212010201210212
2012101202120102101210201021201210120212010210121020
2012101202120102101210212010201210120212010210121021
2012101202120102120210121021201210120212010212021012
2012101202120102120210201021201210120212010212021020
2012101202120121020102101210201210120212012102010210
2012101202120121020102120210201210120212012102010212
2012101202120121020120212010201210120212012102012021
2012101202120121021202101210201210120212012102120210
2012102010210121020120212010201210201021012102012021
2012102010210121020121012010201210201021012102012101
2012102010210121020121012021201210201021012102012101
2012102010212021012102012021201210201021202101210201
2012102010212021020120212010201210201021202102012021
2012102010212021020121012010201210201021202102012101
2012102010212021020121012021201210201021202102012101
2012102012021012010210121021201210201202101201021012
2012102012021020102101201021201210201202102010210120
2012102012021201020121012021201210201202120102012101
2012102120102101201020120210201210212010210120102012
2012102120102101202102012021201210212010210120210201
2012102120121012010210120210201210212012101201021012
2012102120210121020102120210201210212021012102010212
2012102120210121020120212010201210212021012102012021
2012102120210121020121012010201210212021012102012101
2012102120210121020121012021201210212021012102012101
2012102120210201202101201021201210212021020120210120
2012102120210201210120212010201210212021020121012021
2021012010201202101210201021202101201020120210121020
2021012010201210120210121021202101201020121012021012
2021012010201210120210201021202101201020121012021020
2021012010201210120212010201202101201020121012021201
2021012010210121021201210201202101201021012102120121
2021012010212012102120210201202101201021201210212021
2021012021201020120210121021202101202120102012021012
2021012021201020120210201021202101202120102012021020
2021012021201210120210121021202101202120121012021012
2021012021201210120210201021202101202120121012021020
2021012102010210120102012101202101210201021012010201
2021012102010210120210201021202101210201021012021020
2021012102010210120212010201202101210201021012021201
2021012102010210120212012101202101210201021012021201
2021012102010212012101201021202101210201021201210120
2021012102010212021012010201202101210201021202101201
2021012102010212021020121021202101210201021202102012
2021012102012021201020121021202101210201202120102012
2021012102012021201210201021202101210201202120121020
2021012102012101201020121021202101210201210120102012
2021012102012101202120121021202101210201210120212012
2021012102120102012021201021202101210212010201202120
2021012102120102012101201021202101210212010201210120
2021012102120102101210201021202101210212010210121020
2021012102120121012021201021202101210212012101202120
2021012102120210120102012101202101210212021012010201
2021012102120210120212010201202101210212021012021201
2021012102120210120212012101202101210212021012021201
2021020102101201021201210201202102010210120102120121
2021020102101202120102012101202102010210120212010201
2021020102120102012021201021202102010212010201202120
2021020102120102012101201021202102010212010201210120
2021020102120121012021201021202102010212012101202120
2021020102120210120102012101202102010212021012010201
2021020102120210120212010201202102010212021012021201
2021020102120210120212012101202102010212021012021201
2021020102120210121020102101202102010212021012102010
2021020120210120102120121021202102012021012010212012
2021020120212010201210201021202102012021201020121020
2021020120212012102120102101202102012021201210212010
2021020121012010201210201021202102012101201020121020
2021020121012021201020121021202102012101202120102012
2021020121012021201210201021202102012101202120121020
2021020121021201021012010201202102012102120102101201
2021020121021201210120102101202102012102120121012010
2021020121021202101210201021202102012102120210121020
2021201020120210120102012101202120102012021012010201
2021201020120210121020102101202120102012021012102010
2021201020120210121021202101202120102012021012102120
2021201020120210201021202101202120102012021020102120
2021201020121012010212012101202120102012101201021201
2021201020121012021020102101202120102012101202102010
2021201020121012021201210201202120102012101202120121
2021201020121020102101210201202120102012102010210121
2021201020121020102120210201202120102012102010212021
2021201020121021202101210201202120102012102120210121
2021201020121021202102012101202120102012102120210201
2021201021012102010212010201202120102101210201021201
2021201021012102010212012101202120102101210201021201
2021201021012102120102012101202120102101210212010201
2021201021202101210212010201202120102120210121021201
2021201021202101210212012101202120102120210121021201
2021201021202102010212010201202120102120210201021201
2021201021202102010212012101202120102120210201021201
2021201210120210121020102101202120121012021012102010
2021201210120210121021202101202120121012021012102120
2021201210120210201021202101202120121012021020102120
2021201210201021012102012101202120121020102101210201
2021201210201021202101210201202120121020102120210121
2021201210201021202102012101202120121020102120210201
2021201210201202120102012101202120121020120212010201
2021201210212010210120210201202120121021201021012021
2021201210212021012102012101202120121021202101210201
2101201020120210121020102120210120102012021012102010
2101201020120210201210212010210120102012021020121021
2101201020121012021012102010210120102012101202101210
2101201020121012021012102120210120102012101202101210
2101201020121012021020102120210120102012101202102010
2101201020121012021201020120210120102012101202120102
2101201020121020102101210201210120102012102010210121
2101201020121020102120210201210120102012102010212021
2101201020121021202101210201210120102012102120210121
2101201021012021020121021201210120102101202102012102
2101201021012102010212010201210120102101210201021201
2101201021012102120121020120210120102101210212012102
2101201021201210120212010201210120102120121012021201
2101201021201210201202102010210120102120121020120210
2101201021201210212021020120210120102120121021202102
2101201021202101210201021201210120102120210121020102
2101201021202101210212010201210120102120210121021201
2101201021202102010212010201210120102120210201021201
2101202101210201021012010201210120210121020102101201
2101202101210201021012021201210120210121020102101202
2101202101210212021012010201210120210121021202101201
2101202101210212021012021201210120210121021202101202
2101202102010210120212010201210120210201021012021201
2101202102010212021012010201210120210201021202101201
2101202102010212021012021201210120210201021202101202
2101202102010212021012102010210120210201021202101210
2101202102012021201210212010210120210201202120121021
2101202102012102120121012010210120210201210212012101
2101202120102012021012010201210120212010201202101201
2101202120102012021012102010210120212010201202101210
2101202120102012021012102120210120212010201202101210
2101202120102012021020102120210120212010201202102010
2101202120102012101201021201210120212010201210120102
2101202120102012101202102010210120212010201210120210
2101202120102012102120210201210120212010201210212021
2101202120102101210201021201210120212010210121020102
2101202120102101210212010201210120212010210121021201
2101202120102120210121021201210120212010212021012102
2101202120102120210201021201210120212010212021020102
2101202120121012021012102010210120212012101202101210
2101202120121012021012102120210120212012101202101210
2101202120121012021020102120210120212012101202102010
2101202120121020102101210201210120212012102010210121
2101202120121020102120210201210120212012102010212021
2101202120121020120212010201210120212012102012021201
2101202120121021202101210201210120212012102120210121
2101210201021012010201210120210121020102101201020121
2101210201021012021020102120210121020102101202102010
2101210201021012021201020120210121020102101202120102
2101210201021012021201210120210121020102101202120121
2101210201021201020120212010210121020102120102012021
2101210201021201020121012010210121020102120102012101
2101210201021201210120102120210121020102120121012010
2101210201021201210120212010210121020102120121012021
2101210201021202101201020120210121020102120210120102
2101210201021202101210212010210121020102120210121021
2101210201021202102012102120210121020102120210201210
2101210201202120102012102010210121020120212010201210
2101210201202120102012102120210121020120212010201210
2101210201202120121020102120210121020120212012102010
2101210201210120102012102010210121020121012010201210
2101210201210120102012102120210121020121012010201210
2101210201210120212012102010210121020121012021201210
2101210201210120212012102120210121020121012021201210
2101210212010201202120102120210121021201020120212010
2101210212010201210120102120210121021201020121012010
2101210212010201210120212010210121021201020121012021
2101210212010210121020102120210121021201021012102010
2101210212012101202120102120210121021201210120212010
2101210212012102012021012010210121021201210201202101
2101210212021012010201210120210121021202101201020121
2101210212021012021201020120210121021202101202120102
2101210212021012021201210120210121021202101202120121
2102010210120102012101202101210201021012010201210120
2102010210120102120121020120210201021012010212012102
2102010210120210201021202101210201021012021020102120
2102010210120212010201202101210201021012021201020120
2102010210120212010201210120210201021012021201020121
2102010210120212012101202101210201021012021201210120
2102010210121020120212010201210201021012102012021201
2102010210121020121012010201210201021012102012101201
2102010210121020121012021201210201021012102012101202
2102010212010201202120102101210201021201020120212010
2102010212010201202120102120210201021201020120212010
2102010212010201210120102101210201021201020121012010
2102010212010201210120102120210201021201020121012010
2102010212012101201021202101210201021201210120102120
2102010212012101202120102101210201021201210120212010
2102010212012101202120102120210201021201210120212010
2102010212021012010201202101210201021202101201020120
2102010212021012010201210120210201021202101201020121
2102010212021012021201020120210201021202101202120102
2102010212021012021201210120210201021202101202120121
2102010212021012102010210120210201021202101210201021
2102010212021012102012021201210201021202101210201202
2102010212021012102120102101210201021202101210212010
2102010212021020120212010201210201021202102012021201
2102010212021020121012010201210201021202102012101201
2102010212021020121012021201210201021202102012101202
2102010212021020121021202101210201021202102012102120
2102012021012010210121021201210201202101201021012102
2102012021012010212012102120210201202101201021201210
2102012021020102101201021201210201202102010210120102
2102012021201020121012021201210201202120102012101202
2102012021201020121020102101210201202120102012102010
2102012021201020121020102120210201202120102012102010
2102012021201020121021202101210201202120102012102120
2102012021201210201021202101210201202120121020102120
2102012021201210212010210120210201202120121021201021
2102012101201020121020102101210201210120102012102010
2102012101201020121020102120210201210120102012102010
2102012101201020121021202101210201210120102012102120
2102012101202120102012102120210201210120212010201210
2102012101202120121020102101210201210120212012102010
2102012101202120121020102120210201210120212012102010
2102012101202120121021202101210201210120212012102120
2102012102120102101201020120210201210212010210120102
2102012102120121012010210120210201210212012101201021
2102012102120210121020102120210201210212021012102010
2102120102012021201021202101210212010201202120102120
2102120102012101201021202101210212010201210120102120
2102120102012101202120102101210212010201210120212010
2102120102101201020120210201210212010210120102012021
2102120102101202102012021201210212010210120210201202
2102120102101210201021202101210212010210121020102120
2102120121012010210120210201210212012101201021012021
2102120121012021201021202101210212012101202120102120
2102120121020120210120102101210212012102012021012010
2102120210120102012101202101210212021012010201210120
2102120210120212010201202101210212021012021201020120
2102120210120212012101202101210212021012021201210120
2102120210121020102120210201210212021012102010212021
2102120210121020120212010201210212021012102012021201
2102120210121020121012010201210212021012102012101201
2102120210121020121012021201210212021012102012101202
2102120210201202101201021201210212021020120210120102
2102120210201210120212010201210212021020121012021201
2120102012021012010201210120212010201202101201020121
2120102012021012102010210120212010201202101210201021
2120102012021012102120210120212010201202101210212021
2120102012021020102120210120212010201202102010212021
2120102012021201021012102010212010201202120102101210
2120102012021201021202101210212010201202120102120210
2120102012021201021202102010212010201202120102120210
2120102012101201021012102010212010201210120102101210
2120102012101201021201210120212010201210120102120121
2120102012101201021202101210212010201210120102120210
2120102012101201021202102010212010201210120102120210
2120102012101202102010210120212010201210120210201021
2120102012101202120102101210212010201210120212010210
2120102012101202120121020120212010201210120212012102
2120102012102010210121020120212010201210201021012102
2120102012102010212021020120212010201210201021202102
2120102012102120210121020120212010201210212021012102
2120102012102120210201210120212010201210212021020121
2120102101201020120210201210212010210120102012021020
2120102101202102012021201210212010210120210201202120
2120102101210201021201020120212010210121020102120102
2120102101210201021201210120212010210121020102120121
2120102101210201021202101210212010210121020102120210
2120102101210212010201210120212010210121021201020121
2120102120210121021201020120212010212021012102120102
2120102120210121021201210120212010212021012102120121
2120102120210201021201020120212010212021020102120102
2120102120210201021201210120212010212021020102120121
2120121012010210120210201210212012101201021012021020
2120121012010212021012102010212012101201021202101210
2120121012021012102010210120212012101202101210201021
2120121012021012102120210120212012101202101210212021
2120121012021020102120210120212012101202102010212021
2120121012021201020121012010212012101202120102012101
2120121012021201021012102010212012101202120102101210
2120121012021201021202101210212012101202120102120210
2120121012021201021202102010212012101202120102120210
2120121020102101210201210120212012102010210121020121
2120121020102120210121020120212012102010212021012102
2120121020102120210201210120212012102010212021020121
2120121020120210120102101210212012102012021012010210
2120121020120210201021012010212012102012021020102101
2120121020120212010201210120212012102012021201020121
2120121021201021012021020120212012102120102101202102
2120121021202101210201210120212012102120210121020121
2120121021202102012021012010212012102120210201202101
2120210120102012021012102010212021012010201202101210
2120210120102012101202101210212021012010201210120210
2120210120102012101202102010212021012010201210120210
2120210120212010201202101210212021012021201020120210
2120210120212010201202102010212021012021201020120210
2120210120212012101202101210212021012021201210120210
2120210120212012101202102010212021012021201210120210
2120210121020102101202102010212021012102010210120210
2120210121020102120121012010212021012102010212012101
2120210121020102120210201210212021012102010212021020
2120210121020120212010201210212021012102012021201020
2120210121020120212012102010212021012102012021201210
2120210121020121012010201210212021012102012101201020
2120210121020121012021201210212021012102012101202120
2120210121021201020120212010212021012102120102012021
2120210121021201020121012010212021012102120102012101
2120210121021201021012102010212021012102120102101210
2120210121021201210120212010212021012102120121012021
2120210201021201020120212010212021020102120102012021
2120210201021201020121012010212021020102120102012101
2120210201021201210120212010212021020102120121012021
2120210201202101201021201210212021020120210120102120
2120210201202120102012102010212021020120212010201210
2120210201210120102012102010212021020121012010201210
2120210201210120212010201210212021020121012021201020
2120210201210120212012102010212021020121012021201210
2120210201210212021012102010212021020121021202101210
01020120210120102012101202101210212010201202101201020121012021012
01020120210120102012101202102010212010201202101201020121012021020
01020120210120102012102010210120212010201202101201020121020102101
01020120210120102012102120210120212010201202101201020121021202101
01020120210120102101210201210120212010201202101201021012102012101
01020120210120102120210121020120212010201202101201021202101210201
01020120210120102120210121020121012010201202101201021202101210201
01020120210120102120210201210120212010201202101201021202102012101
01020120210121020102101202102010212010201202101210201021012021020
01020120210121020102101202120121012010201202101210201021012021201
01020120210121020102101210212021012010201202101210201021012102120
01020120210121020102120121020120212010201202101210201021201210201
01020120210121020102120210201021012010201202101210201021202102010
01020120210121020102120210201210212010201202101210201021202102012
01020120210121020120212010212021012010201202101210201202120102120
01020120210121020120212012102010212010201202101210201202120121020
01020120210121020121012010201210212010201202101210201210120102012
01020120210121020121012010210120212010201202101210201210120102101
01020120210121020121012010212021012010201202101210201210120102120
01020120210121020121012021020120212010201202101210201210120210201
01020120210121020121012021201021012010201202101210201210120212010
01020120210121020121012021201210212010201202101210201210120212012
01020120210121021201021012102010212010201202101210212010210121020
01020120210121021202101202120121012010201202101210212021012021201
01020120210121021202102010210120212010201202101210212021020102101
01020120210121021202102010212021012010201202101210212021020102120
01020120210201021012010201210120212010201202102010210120102012101
01020120210201021012021201020121012010201202102010210120212010201
01020120210201021012102010212021012010201202102010210121020102120
01020120210201021012102120210120212010201202102010210121021202101
01020120210201021202101202120121012010201202102010212021012021201
01020120210201021202101210201021012010201202102010212021012102010
01020120210201210120102012102010212010201202102012101201020121020
01020120210201210120102120210120212010201202102012101201021202101
01020120210201210120210121020120212010201202102012101202101210201
01020120210201210120210121020121012010201202102012101202101210201
01020120210201210120212010212021012010201202102012101202120102120
01020120210201210120212012102010212010201202102012101202120121020
01020120210201210212010201210120212010201202102012102120102012101
01020120210201210212021012102010212010201202102012102120210121020
01020120212010201210120210201021012010201202120102012101202102010
01020120212010201210212021020121012010201202120102012102120210201
01020120212010210120102012102010212010201202120102101201020121020
01020120212010210120212012102010212010201202120102101202120121020
01020120212010210121020102120121012010201202120102101210201021201
01020120212010210121021201020121012010201202120102101210212010201
01020120212010210121021202102010212010201202120102101210212021020
01020120212010212021012010201210212010201202120102120210120102012
01020120212010212021012021201021012010201202120102120210120212010
01020120212010212021012021201210212010201202120102120210120212012
01020120212010212021012102012021012010201202120102120210121020120
01020120212010212021012102120121012010201202120102120210121021201
01020120212010212021020102101210212010201202120102120210201021012
01020120212010212021020102120121012010201202120102120210201021201
01020120212012101201021012102010212010201202120121012010210121020
01020120212012101201021202101210212010201202120121012010212021012
01020120212012101201021202102010212010201202120121012010212021020
01020120212012101202101210201021012010201202120121012021012102010
01020120212012101202101210212021012010201202120121012021012102120
01020120212012101202102010210120212010201202120121012021020102101
01020120212012101202102010212021012010201202120121012021020102120
01020120212012101202120102101210212010201202120121012021201021012
01020120212012102010210121020121012010201202120121020102101210201
01020120212012102010212021020121012010201202120121020102120210201
01020120212012102012021012102010212010201202120121020120210121020
01020120212012102120102012102010212010201202120121021201020121020
01020120212012102120210121020121012010201202120121021202101210201
01020120212012102120210201210120212010201202120121021202102012101
01020121012010201202102010210120212010201210120102012021020102101
01020121012010201202120102101210212010201210120102012021201021012
01020121012010210120210201210120212010201210120102101202102012101
01020121012010210120212010212021012010201210120102101202120102120
01020121012010210120212012102010212010201210120102101202120121020
01020121012010210121021201210120212010201210120102101210212012101
01020121012010210121021202102010212010201210120102101210212021020
01020121012010212012101202101210212010201210120102120121012021012
01020121012010212012101202102010212010201210120102120121012021020
01020121012010212012102010210120212010201210120102120121020102101
01020121012010212012102010212021012010201210120102120121020102120
01020121012010212012102120210120212010201210120102120121021202101
01020121012010212021012021201021012010201210120102120210120212010
01020121012010212021012021201210212010201210120102120210120212012
01020121012010212021012102012021012010201210120102120210121020120
01020121012010212021020102101210212010201210120102120210201021012
01020121012021012102012021201021012010201210120210121020120212010
01020121012021012102012021201210212010201210120210121020120212012
01020121012021012102120102012021012010201210120210121021201020120
01020121012021012102120121020120212010201210120210121021201210201
01020121012021012102120210201021012010201210120210121021202102010
01020121012021012102120210201210212010201210120210121021202102012
01020121012021020102101201020120212010201210120210201021012010201
01020121012021020102101202120121012010201210120210201021012021201
01020121012021020102101210212021012010201210120210201021012102120
01020121012021020102120102012021012010201210120210201021201020120
01020121012021020102120121020120212010201210120210201021201210201
01020121012021020102120210201210212010201210120210201021202102012
01020121012021020120212010212021012010201210120210201202120102120
01020121012021020120212012102010212010201210120210201202120121020
01020121012021020121021201210120212010201210120210201210212012101
01020121012021020121021202101210212010201210120210201210212021012
01020121012021020121021202102010212010201210120210201210212021020
01020121012021201020120210201021012010201210120212010201202102010
01020121012021201020120210201210212010201210120212010201202102012
01020121012021201020121021201021012010201210120212010201210212010
01020121012021201021012021020120212010201210120212010210120210201
01020121012021201021012102012021012010201210120212010210121020120
01020121012021201021012102120121012010201210120212010210121021201
01020121012021201021202102012021012010201210120212010212021020120
01020121012021201210120102101210212010201210120212012101201021012
01020121012021201210201202101210212010201210120212012102012021012
01020121012021201210201202102010212010201210120212012102012021020
01020121012021201210212010210120212010201210120212012102120102101
01020121012021201210212021020120212010201210120212012102120210201
01020121020102101201021201210120212010201210201021012010212012101
01020121020102101201021202101210212010201210201021012010212021012
01020121020102101201021202102010212010201210201021012010212021020
01020121020102101202102010212021012010201210201021012021020102120
01020121020102101202120102012021012010201210201021012021201020120
01020121020102101202120102101210212010201210201021012021201021012
01020121020102101202120121020120212010201210201021012021201210201
01020121020102101210201202101210212010201210201021012102012021012
01020121020102101210201202102010212010201210201021012102012021020
01020121020102101210201202120121012010201210201021012102012021201
01020121020102101210212010210120212010201210201021012102120102101
01020121020102101210212012102010212010201210201021012102120121020
01020121020102101210212021020120212010201210201021012102120210201
01020121020102101210212021020121012010201210201021012102120210201
01020121020102120102012021020121012010201210201021201020120210201
01020121020102120102012021201021012010201210201021201020120212010
01020121020102120102012021201210212010201210201021201020120212012
01020121020102120102012102120121012010201210201021201020121021201
01020121020102120121012010210120212010201210201021201210120102101
01020121020102120121012010212021012010201210201021201210120102120
01020121020102120121012021020120212010201210201021201210120210201
01020121020102120121012021020121012010201210201021201210120210201
01020121020102120121012021201021012010201210201021201210120212010
01020121020102120121012021201210212010201210201021201210120212012
01020121020102120121021202101210212010201210201021201210212021012
01020121020102120121021202102010212010201210201021201210212021020
01020121020102120210120102101210212010201210201021202101201021012
01020121020102120210120102120121012010201210201021202101201021201
01020121020102120210121021201021012010201210201021202101210212010
01020121020102120210201202101210212010201210201021202102012021012
01020121020102120210201202120121012010201210201021202102012021201
01020121020102120210201210212021012010201210201021202102012102120
01020121021201020120210121020121012010201210212010201202101210201
01020121021201020120212010212021012010201210212010201202120102120
01020121021201021012010201210120212010201210212010210120102012101
01020121021201021012102010210120212010201210212010210121020102101
01020121021201021012102010212021012010201210212010210121020102120
01020121021201021012102120210120212010201210212010210121021202101
01020121021201210120102012102010212010201210212012101201020121020
01020121021201210120102120210120212010201210212012101201021202101
01020121021201210120210121020120212010201210212012101202101210201
01020121021201210120210121020121012010201210212012101202101210201
01020121021201210120212010212021012010201210212012101202120102120
01020121021201210120212012102010212010201210212012101202120121020
01020121021202101201021012102010212010201210212021012010210121020
01020121021202101201021201210120212010201210212021012010212012101
01020121021202101201021202102010212010201210212021012010212021020
01020121021202101202120102012021012010201210212021012021201020120
01020121021202101202120102101210212010201210212021012021201021012
01020121021202101202120121020120212010201210212021012021201210201
01020121021202101210201202102010212010201210212021012102012021020
01020121021202101210201202120121012010201210212021012102012021201
01020121021202101210212010210120212010201210212021012102120102101
01020121021202101210212012102010212010201210212021012102120121020
01020121021202102010210121020120212010201210212021020102101210201
01020121021202102010210121020121012010201210212021020102101210201
01020121021202102012021012102010212010201210212021020120210121020
01020121021202102012021201210120212010201210212021020120212012101
01020121021202102012101201020120212010201210212021020121012010201
01020121021202102012101202101210212010201210212021020121012021012
01020121021202102012101202102010212010201210212021020121012021020
01020121021202102012101202120121012010201210212021020121012021201
01021012010201202101210201021202102010210120102012021012102010212
01021012010201202101210201210120212010210120102012021012102012101
01021012010201202102010212021012102010210120102012021020102120210
01021012010201202120102012101202102010210120102012021201020121012
01021012010201202120102120210120212010210120102012021201021202101
01021012010201202120121012021012102010210120102012021201210120210
01021012010201210120102120210120212010210120102012101201021202101
01021012010201210120210121020120212010210120102012101202101210201
01021012010201210120210121021202102010210120102012101202101210212
01021012010201210120212010201202102010210120102012101202120102012
01021012010201210120212010201210212010210120102012101202120102012
01021012010201210201021201020120212010210120102012102010212010201
01021012010201210201021201210120212010210120102012102010212012101
01021012010201210201021202101210212010210120102012102010212021012
01021012010212012101202120102012102010210120102120121012021201020
01021012010212012102010212021012102010210120102120121020102120210
01021012010212021012021201021012102010210120102120210120212010210
01021012010212021012021201021202102010210120102120210120212010212
01021012010212021012102012101202102010210120102120210121020121012
01021012010212021012102120102012102010210120102120210121021201020
01021012010212021020102120102012102010210120102120210201021201020
01021012010212021020121012021012102010210120102120210201210120210
01021012021020102101210201210120212010210120210201021012102012101
01021012021020102120102012021012102010210120210201021201020120210
01021012021020102120121012021012102010210120210201021201210120210
01021012021020102120210120102012102010210120210201021202101201020
01021012021020102120210120212012102010210120210201021202101202120
01021012021020102120210121020120212010210120210201021202101210201
01021012021020102120210121020121012010210120210201021202101210201
01021012021020102120210201210120212010210120210201021202102012101
01021012021020120212010201210120212010210120210201202120102012101
01021012021020120212010212021012102010210120210201202120102120210
01021012021020121012010212021012102010210120210201210120102120210
01021012021020121012021201020121012010210120210201210120212010201
01021012021020121012021201021012102010210120210201210120212010210
01021012021020121012021201021202102010210120210201210120212010212
01021012021201020120210120102012102010210120212010201202101201020
01021012021201020120210121020121012010210120212010201202101210201
01021012021201020120210121021202102010210120212010201202101210212
01021012021201020120212012101202102010210120212010201202120121012
01021012021201020121012010201202102010210120212010201210120102012
01021012021201020121012010212012102010210120212010201210120102120
01021012021201020121012021201210212010210120212010201210120212012
01021012021201020121020102101210212010210120212010201210201021012
01021012021201020121020102120121012010210120212010201210201021201
01021012021201020121021201021012102010210120212010201210212010210
01021012021201020121021202101210212010210120212010201210212021012
01021012021201021012102012101202102010210120212010210121020121012
01021012021201021012102120102012102010210120212010210121021201020
01021012021201021202101201020121012010210120212010212021012010201
01021012021201021202101201021012102010210120212010212021012010210
01021012021201021202101202120121012010210120212010212021012021201
01021012021201021202101210201202102010210120212010212021012102012
01021012021201021202101210212012102010210120212010212021012102120
01021012021201021202102010212012102010210120212010212021020102120
01021012021201021202102012021012102010210120212010212021020120210
01021012021201021202102012101202102010210120212010212021020121012
01021012021201210120102012021012102010210120212012101201020120210
01021012021201210120102012101202102010210120212012101201020121012
01021012021201210120210121020120212010210120212012101202101210201
01021012021201210120210121020121012010210120212012101202101210201
01021012021201210120210121021202102010210120212012101202101210212
01021012021201210201021201020120212010210120212012102010212010201
01021012021201210201021201020121012010210120212012102010212010201
01021012021201210201021202101210212010210120212012102010212021012
01021012021201210201202120102012102010210120212012102012021201020
01021012102010210120102120210120212010210121020102101201021202101
01021012102010210120210201210120212010210121020102101202102012101
01021012102010210120212010201210212010210121020102101202120102012
01021012102010210120212010212021012010210121020102101202120102120
01021012102010212010201202101210212010210121020102120102012021012
01021012102010212010201202120121012010210121020102120102012021201
01021012102010212010201210212021012010210121020102120102012102120
01021012102010212012101201020120212010210121020102120121012010201
01021012102010212012101201021202102010210121020102120121012010212
01021012102010212012101202101210212010210121020102120121012021012
01021012102010212012102120210120212010210121020102120121021202101
01021012102010212021012010201202102010210121020102120210120102012
01021012102010212021012010201210212010210121020102120210120102012
01021012102010212021012021201210212010210121020102120210120212012
01021012102010212021012102012021012010210121020102120210121020120
01021012102010212021012102120121012010210121020102120210121021201
01021012102012021012010201210120212010210121020120210120102012101
01021012102012021012102120102012102010210121020120210121021201020
01021012102012021012102120210120212010210121020120210121021202101
01021012102012021020102120102012102010210121020120210201021201020
01021012102012021020102120210120212010210121020120210201021202101
01021012102012021201020121021202102010210121020120212010201210212
01021012102012021201021202101210212010210121020120212010212021012
01021012102012021201210120102012102010210121020120212012101201020
01021012102012021201210201021202102010210121020120212012102010212
01021012102012101201020120212012102010210121020121012010201202120
01021012102012101201020121021202102010210121020121012010201210212
01021012102012101201021201210120212010210121020121012010212012101
01021012102012101201021202101210212010210121020121012010212021012
01021012102012101202101210201202102010210121020121012021012102012
01021012102012101202101210212012102010210121020121012021012102120
01021012102012101202101210212021012010210121020121012021012102120
01021012102012101202102010210120212010210121020121012021020102101
01021012102012101202102010212012102010210121020121012021020102120
01021012102012101202102010212021012010210121020121012021020102120
01021012102012101202120102012021012010210121020121012021201020120
01021012102012101202120102101202102010210121020121012021201021012
01021012102012101202120121020120212010210121020121012021201210201
01021012102012101202120121021202102010210121020121012021201210212
01021012102120102012021201021202102010210121021201020120212010212
01021012102120102012021201210120212010210121021201020120212012101
01021012102120102012101201020120212010210121021201020121012010201
01021012102120102012101201021202102010210121021201020121012010212
01021012102120102012101202120121012010210121021201020121012021201
01021012102120102012102010210120212010210121021201020121020102101
01021012102120102012102010212021012010210121021201020121020102120
01021012102120102012102120210120212010210121021201020121021202101
01021012102120102101202120102012102010210121021201021012021201020
01021012102120121012010201210120212010210121021201210120102012101
01021012102120121012010212021012102010210121021201210120102120210
01021012102120121012021201020121012010210121021201210120212010201
01021012102120121012021201021202102010210121021201210120212010212
01021012102120121020102120102012102010210121021201210201021201020
01021012102120121020102120210120212010210121021201210201021202101
01021012102120210120102012021012102010210121021202101201020120210
01021012102120210120102012101202102010210121021202101201020121012
01021012102120210120212010201202102010210121021202101202120102012
01021012102120210120212010201210212010210121021202101202120102012
01021012102120210120212010212021012010210121021202101202120102120
01021012102120210120212012101202102010210121021202101202120121012
01021012102120210121020102120121012010210121021202101210201021201
01021012102120210121020120212012102010210121021202101210201202120
01021012102120210201021201020120212010210121021202102010212010201
01021012102120210201021201020121012010210121021202102010212010201
01021012102120210201021201210120212010210121021202102010212012101
01021012102120210201202120102012102010210121021202102012021201020
01021012102120210201210120102012102010210121021202102012101201020
01021012102120210201210120212012102010210121021202102012101202120
01021201020120210120102012101202102010212010201202101201020121012
01021201020120210121020102101202102010212010201202101210201021012
01021201020120210121020120212012102010212010201202101210201202120
01021201020120210121021201021012102010212010201202101210212010210
01021201020120210201210120102012102010212010201202102012101201020
01021201020120210201210120212012102010212010201202102012101202120
01021201020120210201210212021012102010212010201202102012102120210
01021201020120212010210120102012102010212010201202120102101201020
01021201020120212010210120212012102010212010201202120102101202120
01021201020120212010210121021202102010212010201202120102101210212
01021201020120212012101201021012102010212010201202120121012010210
01021201020120212012101201021202102010212010201202120121012010212
01021201020120212012102012021012102010212010201202120121020120210
01021201020120212012102120102012102010212010201202120121021201020
01021201020121012010210120212012102010212010201210120102101202120
01021201020121012010210121021202102010212010201210120102101210212
01021201020121012010212012101202102010212010201210120102120121012
01021201020121012021020120212012102010212010201210120210201202120
01021201020121012021020121021202102010212010201210120210201210212
01021201020121012021201210201202102010212010201210120212012102012
01021201020121020102101201021202102010212010201210201021012010212
01021201020121020102101210201202102010212010201210201021012102012
01021201020121020102101210212012102010212010201210201021012102120
01021201020121020102120121021202102010212010201210201021201210212
01021201020121021201210120102012102010212010201210212012101201020
01021201020121021201210120212012102010212010201210212012101202120
01021201020121021202101201021012102010212010201210212021012010210
01021201020121021202101201021202102010212010201210212021012010212
01021201020121021202101210201202102010212010201210212021012102012
01021201020121021202101210212012102010212010201210212021012102120
01021201020121021202102012021012102010212010201210212021020120210
01021201020121021202102012101202102010212010201210212021020121012
01021201210120102012021201021012102010212012101201020120212010210
01021201210120102012021201021202102010212012101201020120212010212
01021201210120102012102010212021012010212012101201020121020102120
01021201210120102101202120102012102010212012101201021012021201020
01021201210120102101210212021012102010212012101201021012102120210
01021201210120102120210120102012102010212012101201021202101201020
01021201210120102120210120212012102010212012101201021202101202120
01021201210120102120210121021202102010212012101201021202101210212
01021201210120102120210201021012102010212012101201021202102010210
01021201210120210121020102101202102010212012101202101210201021012
01021201210120210121020120212012102010212012101202101210201202120
01021201210120210121021201020121012010212012101202101210212010201
01021201210120210121021201021012102010212012101202101210212010210
01021201210120210201021201020121012010212012101202102010212010201
01021201210120210201202120102012102010212012101202102012021201020
01021201210120210201210120102012102010212012101202102012101201020
01021201210120210201210212021012102010212012101202102012102120210
01021201210120212010201210201021012010212012101202120102012102010
01021201210120212010201210212021012010212012101202120102012102120
01021201210120212010210120102012102010212012101202120102101201020
01021201210120212010210121020121012010212012101202120102101210201
01021201210120212010210121021202102010212012101202120102101210212
01021201210120212010212021020121012010212012101202120102120210201
01021201210120212012102010212021012010212012101202120121020102120
01021201210120212012102012021012102010212012101202120121020120210
01021201210120212012102120102012102010212012101202120121021201020
01021201210201021012021201020121012010212012102010210120212010201
01021201210201021012021201021202102010212012102010210120212010212
01021201210201021012102012101202102010212012102010210121020121012
01021201210201021202101201020121012010212012102010212021012010201
01021201210201021202101202120121012010212012102010212021012021201
01021201210201021202101210201021012010212012102010212021012102010
01021201210201202102010212021012102010212012102012021020102120210
01021201210201202120102012021012102010212012102012021201020120210
01021201210201202120102012101202102010212012102012021201020121012
01021201210201202120121012021012102010212012102012021201210120210
01021201210212021012021201020121012010212012102120210120212010201
01021201210212021012021201021012102010212012102120210120212010210
01021201210212021012021201021202102010212012102120210120212010212
01021201210212021012102010212021012010212012102120210121020102120
01021201210212021012102012101202102010212012102120210121020121012
01021201210212021012102120102012102010212012102120210121021201020
01021201210212021020102120102012102010212012102120210201021201020
01021201210212021020121012021012102010212012102120210201210120210
01021202101201020120210121020120212010212021012010201202101210201
01021202101201020120210121020121012010212021012010201202101210201
01021202101201020120210121021202102010212021012010201202101210212
01021202101201020120210201021012102010212021012010201202102010210
01021202101201020120210201210120212010212021012010201202102012101
01021202101201020120212012101202102010212021012010201202120121012
01021202101201020121012010210120212010212021012010201210120102101
01021202101201020121012010212012102010212021012010201210120102120
01021202101201020121012021020120212010212021012010201210120210201
01021202101201020121020102101202102010212021012010201210201021012
01021202101201020121020102120121012010212021012010201210201021201
01021202101201020121021201020120212010212021012010201210212010201
01021202101201020121021201021012102010212021012010201210212010210
01021202101201020121021201210120212010212021012010201210212012101
01021202101201021012102010210120212010212021012010210121020102101
01021202101201021012102012101202102010212021012010210121020121012
01021202101201021012102120102012102010212021012010210121021201020
01021202101201021012102120210120212010212021012010210121021202101
01021202101201021201210120102012102010212021012010212012101201020
01021202101201021201210120212012102010212021012010212012101202120
01021202101201021201210212021012102010212021012010212012102120210
01021202101202120102012021020121012010212021012021201020120210201
01021202101202120102012102120121012010212021012021201020121021201
01021202101202120102101201020120212010212021012021201021012010201
01021202101202120102101201020121012010212021012021201021012010201
01021202101202120102101210201021012010212021012021201021012102010
01021202101202120102101210201202102010212021012021201021012102012
01021202101202120102101210212012102010212021012021201021012102120
01021202101202120102120210201021012010212021012021201021202102010
01021202101202120121012010201202102010212021012021201210120102012
01021202101202120121012010210120212010212021012021201210120102101
01021202101202120121012010212012102010212021012021201210120102120
01021202101202120121012021020120212010212021012021201210120210201
01021202101202120121012021020121012010212021012021201210120210201
01021202101202120121020102101202102010212021012021201210201021012
01021202101202120121020102120121012010212021012021201210201021201
01021202101202120121021201020120212010212021012021201210212010201
01021202101202120121021201020121012010212021012021201210212010201
01021202101202120121021201021012102010212021012021201210212010210
01021202101210201021012010201202102010212021012102010210120102012
01021202101210201021012010212012102010212021012102010210120102120
01021202101210201021012021020120212010212021012102010210120210201
01021202101210201021012021020121012010212021012102010210120210201
01021202101210201021012102120121012010212021012102010210121021201
01021202101210201021201210201202102010212021012102010212012102012
01021202101210201021202102012021012010212021012102010212021020120
01021202101210201202101201020120212010212021012102012021012010201
01021202101210201202101201020121012010212021012102012021012010201
01021202101210201202101201021012102010212021012102012021012010210
01021202101210201202102010210120212010212021012102012021020102101
01021202101210201202120102012021012010212021012102012021201020120
01021202101210201202120102101202102010212021012102012021201021012
01021202101210201202120121021202102010212021012102012021201210212
01021202101210201210120102012021012010212021012102012101201020120
01021202101210201210120102101202102010212021012102012101201021012
01021202101210201210120210201021012010212021012102012101202102010
01021202101210212010201202120121012010212021012102120102012021201
01021202101210212010201210201021012010212021012102120102012102010
01021202101210212010210120102012102010212021012102120102101201020
01021202101210212010210120212012102010212021012102120102101202120
01021202101210212010210121020120212010212021012102120102101210201
01021202101210212010210121020121012010212021012102120102101210201
01021202101210212012101201020120212010212021012102120121012010201
01021202101210212012101201021012102010212021012102120121012010210
01021202101210212012102010210120212010212021012102120121020102101
01021202101210212012102012021012102010212021012102120121020120210
01021202101210212021020102120121012010212021012102120210201021201
01021202101210212021020120212012102010212021012102120210201202120
01021202102010210120102012021012102010212021020102101201020120210
01021202102010210120102120210120212010212021020102101201021202101
01021202102010210120210201210120212010212021020102101202102012101
01021202102010210121020102120121012010212021020102101210201021201
01021202102010210121020120212012102010212021020102101210201202120
01021202102010210121021201020120212010212021020102101210212010201
01021202102010210121021201020121012010212021020102101210212010201
01021202102010210121021201210120212010212021020102101210212012101
01021202102010212010201202120121012010212021020102120102012021201
01021202102010212010201210201021012010212021020102120102012102010
01021202102010212010201210212021012010212021020102120102012102120
01021202102010212012101201020120212010212021020102120121012010201
01021202102010212012102010210120212010212021020102120121020102101
01021202102010212012102120210120212010212021020102120121021202101
01021202102012021012010201210120212010212021020120210120102012101
01021202102012021012010212021012102010212021020120210120102120210
01021202102012021012102010210120212010212021020120210121020102101
01021202102012021012102012101202102010212021020120210121020121012
01021202102012021012102120102012102010212021020120210121021201020
01021202102012021012102120210120212010212021020120210121021202101
01021202102012021201210120102012102010212021020120212012101201020
01021202102012021201210212021012102010212021020120212012102120210
01021202102012101201020120212012102010212021020121012010201202120
01021202102012101201021201210120212010212021020121012010212012101
01021202102012101202101210201021012010212021020121012021012102010
01021202102012101202101210201202102010212021020121012021012102012
01021202102012101202101210212012102010212021020121012021012102120
01021202102012101202101210212021012010212021020121012021012102120
01021202102012101202102010210120212010212021020121012021020102101
01021202102012101202120102012021012010212021020121012021201020120
01021202102012101202120102101202102010212021020121012021201021012
01021202102012101202120121020120212010212021020121012021201210201
01021202102012102120102012021012102010212021020121021201020120210
01021202102012102120102012101202102010212021020121021201020121012
01021202102012102120121012021012102010212021020121021201210120210
01021202102012102120210120102012102010212021020121021202101201020
01021202102012102120210120212012102010212021020121021202101202120
01021202102012102120210121020120212010212021020121021202101210201
01021202102012102120210121020121012010212021020121021202101210201
01201020120210120102120210121020121012010201202101201021202101210
01201020120210121020102101202120121012010201202101210201021012021
01201020120210121020102101210212021012010201202101210201021012102
01201020120210121020102120210201021012010201202101210201021202102
01201020120210121020120212010212021012010201202101210201202120102
01201020120210121020121012010212021012010201202101210201210120102
01201020120210121020121012021201021012010201202101210201210120212
01201020120210121021202101202120121012010201202101210212021012021
01201020120210121021202102010212021012010201202101210212021020102
01201020120210201021012021201020121012010201202102010210120212010
01201020120210201021012102010212021012010201202102010210121020102
01201020120210201021202101202120121012010201202102010212021012021
01201020120210201021202101210201021012010201202102010212021012102
01201020120210201210120210121020121012010201202102012101202101210
01201020120210201210120212010212021012010201202102012101202120102
01201020120212010201210120210201021012010201202120102012101202102
01201020120212010201210212021020121012010201202120102012102120210
01201020120212010210121020102120121012010201202120102101210201021
01201020120212010210121021201020121012010201202120102101210212010
01201020120212010212021012021201021012010201202120102120210120212
01201020120212010212021012102012021012010201202120102120210121020
01201020120212010212021012102120121012010201202120102120210121021
01201020120212010212021020102120121012010201202120102120210201021
01201020120212012101202101210201021012010201202120121012021012102
01201020120212012101202101210212021012010201202120121012021012102
01201020120212012101202102010212021012010201202120121012021020102
01201020120212012102010210121020121012010201202120121020102101210
01201020120212012102010212021020121012010201202120121020102120210
01201020120212012102120210121020121012010201202120121021202101210
01201020121012010210120212010212021012010201210120102101202120102
01201020121012010212012102010212021012010201210120102120121020102
01201020121012010212021012021201021012010201210120102120210120212
01201020121012010212021012102012021012010201210120102120210121020
01201020121012021012102012021201021012010201210120210121020120212
01201020121012021012102120102012021012010201210120210121021201020
01201020121012021012102120210201021012010201210120210121021202102
01201020121012021020102101202120121012010201210120210201021012021
01201020121012021020102101210212021012010201210120210201021012102
01201020121012021020102120102012021012010201210120210201021201020
01201020121012021020120212010212021012010201210120210201202120102
01201020121012021201020120210201021012010201210120212010201202102
01201020121012021201020121021201021012010201210120212010201210212
01201020121012021201021012102012021012010201210120212010210121020
01201020121012021201021012102120121012010201210120212010210121021
01201020121012021201021202102012021012010201210120212010212021020
01201020121020102101202102010212021012010201210201021012021020102
01201020121020102101202120102012021012010201210201021012021201020
01201020121020102101210201202120121012010201210201021012102012021
01201020121020102101210212021020121012010201210201021012102120210
01201020121020102120102012021020121012010201210201021201020120210
01201020121020102120102012021201021012010201210201021201020120212
01201020121020102120102012102120121012010201210201021201020121021
01201020121020102120121012010212021012010201210201021201210120102
01201020121020102120121012021020121012010201210201021201210120210
01201020121020102120121012021201021012010201210201021201210120212
01201020121020102120210120102120121012010201210201021202101201021
01201020121020102120210121021201021012010201210201021202101210212
01201020121020102120210201202120121012010201210201021202102012021
01201020121020102120210201210212021012010201210201021202102012102
01201020121021201020120210121020121012010201210212010201202101210
01201020121021201020120212010212021012010201210212010201202120102
01201020121021201021012102010212021012010201210212010210121020102
01201020121021201210120210121020121012010201210212012101202101210
01201020121021201210120212010212021012010201210212012101202120102
01201020121021202101202120102012021012010201210212021012021201020
01201020121021202101210201202120121012010201210212021012102012021
01201020121021202102010210121020121012010201210212021020102101210
01201020121021202102012101202120121012010201210212021020121012021
01201021012021020102120210121020121012010210120210201021202101210
01201021012021020121012021201020121012010210120210201210120212010
01201021012021201020120210121020121012010210120212010201202101210
01201021012021201020121020102120121012010210120212010201210201021
01201021012021201021202101201020121012010210120212010212021012010
01201021012021201021202101202120121012010210120212010212021012021
01201021012021201210120210121020121012010210120212012101202101210
01201021012021201210201021201020121012010210120212012102010212010
01201021012102010210120212010212021012010210121020102101202120102
01201021012102010212010201202120121012010210121020102120102012021
01201021012102010212010201210212021012010210121020102120102012102
01201021012102010212021012102012021012010210121020102120210121020
01201021012102010212021012102120121012010210121020102120210121021
01201021012102012101202101210212021012010210121020121012021012102
01201021012102012101202102010212021012010210121020121012021020102
01201021012102012101202120102012021012010210121020121012021201020
01201021012102120102012101202120121012010210121021201020121012021
01201021012102120102012102010212021012010210121021201020121020102
01201021012102120121012021201020121012010210121021201210120212010
01201021012102120210120212010212021012010210121021202101202120102
01201021012102120210121020102120121012010210121021202101210201021
01201021012102120210201021201020121012010210121021202102010212010
01201021201210120102012102010212021012010212012101201020121020102
01201021201210120210121021201020121012010212012101202101210212010
01201021201210120210201021201020121012010212012101202102010212010
01201021201210120212010201210201021012010212012101202120102012102
01201021201210120212010201210212021012010212012101202120102012102
01201021201210120212010210121020121012010212012101202120102101210
01201021201210120212010212021020121012010212012101202120102120210
01201021201210120212012102010212021012010212012101202120121020102
01201021201210201021012021201020121012010212012102010210120212010
01201021201210201021202101201020121012010212012102010212021012010
01201021201210201021202101202120121012010212012102010212021012021
01201021201210201021202101210201021012010212012102010212021012102
01201021201210212021012021201020121012010212012102120210120212010
01201021201210212021012102010212021012010212012102120210121020102
01201021202101201020120210121020121012010212021012010201202101210
01201021202101201020121020102120121012010212021012010201210201021
01201021202101202120102012021020121012010212021012021201020120210
01201021202101202120102012102120121012010212021012021201020121021
01201021202101202120102101201020121012010212021012021201021012010
01201021202101202120102101210201021012010212021012021201021012102
01201021202101202120102120210201021012010212021012021201021202102
01201021202101202120121012021020121012010212021012021201210120210
01201021202101202120121020102120121012010212021012021201210201021
01201021202101202120121021201020121012010212021012021201210212010
01201021202101210201021012021020121012010212021012102010210120210
01201021202101210201021012102120121012010212021012102010210121021
01201021202101210201021202102012021012010212021012102010212021020
01201021202101210201202101201020121012010212021012102012021012010
01201021202101210201202120102012021012010212021012102012021201020
01201021202101210201210120102012021012010212021012102012101201020
01201021202101210201210120210201021012010212021012102012101202102
01201021202101210212010201202120121012010212021012102120102012021
01201021202101210212010201210201021012010212021012102120102012102
01201021202101210212010210121020121012010212021012102120102101210
01201021202101210212021020102120121012010212021012102120210201021
01201021202102010210121020102120121012010212021020102101210201021
01201021202102010210121021201020121012010212021020102101210212010
01201021202102010212010201202120121012010212021020102120102012021
01201021202102010212010201210201021012010212021020102120102012102
01201021202102010212010201210212021012010212021020102120102012102
01201021202102012101202101210201021012010212021020121012021012102
01201021202102012101202101210212021012010212021020121012021012102
01201021202102012101202120102012021012010212021020121012021201020
01201021202102012102120210121020121012010212021020121021202101210
01202101201020120212010212021012102012021012010201202120102120210
01202101201020121012010212021012102012021012010201210120102120210
01202101201020121012021012102120102012021012010201210120210121021
01202101201020121012021020102120102012021012010201210120210201021
01202101201020121012021201021012102012021012010201210120212010210
01202101201020121012021201021202102012021012010201210120212010212
01202101201020121020102101202120102012021012010201210201021012021
01202101201020121021202101202120102012021012010201210212021012021
01202101201021012102010212021012102012021012010210121020102120210
01202101201021012102012101202120102012021012010210121020121012021
01202101201021202101210201021202102012021012010212021012102010212
01202101201021202101210201202120102012021012010212021012102012021
01202101201021202101210201210120102012021012010212021012102012101
01202101201021202102012101202120102012021012010212021020121012021
01202101210201021012010201202120121012021012102010210120102012021
01202101210201021012010212021020121012021012102010210120102120210
01202101210201021012021020102120102012021012102010210120210201021
01202101210201021012021020102120121012021012102010210120210201021
01202101210201021012021201021202102012021012102010210120212010212
01202101210201021012021201210120102012021012102010210120212012101
01202101210201021012102120210120102012021012102010210121021202101
01202101210201021201020120212012102012021012102010212010201202120
01202101210201021201020121021202102012021012102010212010201210212
01202101210201021201210120212012102012021012102010212012101202120
01202101210201021201210201202120102012021012102010212012102012021
01202101210201021201210201202120121012021012102010212012102012021
01202101210201021201210212021020121012021012102010212012102120210
01202101210201021202101210212012102012021012102010212021012102120
01202101210201021202102010210120102012021012102010212021020102101
01202101210201021202102012102120102012021012102010212021020121021
01202101210201021202102012102120121012021012102010212021020121021
01202101210201202102010210121020121012021012102012021020102101210
01202101210201202102010212021020121012021012102012021020102120210
01202101210201202120102012021020121012021012102012021201020120210
01202101210201202120102012102120121012021012102012021201020121021
01202101210201202120102101201020121012021012102012021201021012010
01202101210201202120102101202120121012021012102012021201021012021
01202101210201202120102120210120102012021012102012021201021202101
01202101210201202120121020102120102012021012102012021201210201021
01202101210201202120121020102120121012021012102012021201210201021
01202101210201202120121021201020121012021012102012021201210212010
01202101210201210120102012021020121012021012102012101201020120210
01202101210201210120102012102120102012021012102012101201020121021
01202101210201210120102012102120121012021012102012101201020121021
01202101210201210120102101202120102012021012102012101201021012021
01202101210201210120102101202120121012021012102012101201021012021
01202101210201210120102120210120102012021012102012101201021202101
01202101210201210120210121021202102012021012102012101202101210212
01202101210201210120210201021202102012021012102012101202102010212
01202101210201210120210201202120102012021012102012101202102012021
01202101210201210120210201202120121012021012102012101202102012021
01202101210201210120212010210120102012021012102012101202120102101
01202101210201210120212012102120102012021012102012101202120121021
01202101210212010201202101201020121012021012102120102012021012010
01202101210212010201210120102120121012021012102120102012101201021
01202101210212010201210120212012102012021012102120102012101202120
01202101210212010201210201021012102012021012102120102012102010210
01202101210212010201210201021202102012021012102120102012102010212
01202101210212010201210212021020121012021012102120102012102120210
01202101210212010210121020102120102012021012102120102101210201021
01202101210212010210121020102120121012021012102120102101210201021
01202101210212012102010210121020121012021012102120121020102101210
01202101210212012102010212021020121012021012102120121020102120210
01202101210212012102012021201020121012021012102120121020120212010
01202101210212021012010201202120121012021012102120210120102012021
01202101210212021012010210121020121012021012102120210120102101210
01202101210212021012010212021020121012021012102120210120102120210
01202101210212021012021201021012102012021012102120210120212010210
01202101210212021012021201021202102012021012102120210120212010212
01202101210212021012021201210120102012021012102120210120212012101
01202101210212021020102101201020121012021012102120210201021012010
01202101210212021020102101202120102012021012102120210201021012021
01202101210212021020102101202120121012021012102120210201021012021
01202101210212021020102120210120102012021012102120210201021202101
01202101210212021020120210121020121012021012102120210201202101210
01202101210212021020121021201020121012021012102120210201210212010
01202102010210120102012021201020121012021020102101201020120212010
01202102010210120102012101202120102012021020102101201020121012021
01202102010210120102120210121020121012021020102101201021202101210
01202102010210120212010201202120121012021020102101202120102012021
01202102010210120212010201210120102012021020102101202120102012101
01202102010210120212010210121020121012021020102101202120102101210
01202102010210120212010212021012102012021020102101202120102120210
01202102010210120212010212021020121012021020102101202120102120210
01202102010210120212012101201020121012021020102101202120121012010
01202102010210121020102120210120102012021020102101210201021202101
01202102010210121020121012021012102012021020102101210201210120210
01202102010210121020121012021201021012021020102101210201210120212
01202102010210121021202101201020121012021020102101210212021012010
01202102010210121021202101202120102012021020102101210212021012021
01202102010210121021202101202120121012021020102101210212021012021
01202102010212010201202101201020121012021020102120102012021012010
01202102010212010201202101210201021012021020102120102012021012102
01202102010212010201210120102120121012021020102120102012101201021
01202102010212010201210120212012102012021020102120102012101202120
01202102010212010201210201021012102012021020102120102012102010210
01202102010212010201210212021012102012021020102120102012102120210
01202102010212010201210212021020121012021020102120102012102120210
01202102010212012101202101210201021012021020102120121012021012102
01202102010212012102010210121020121012021020102120121020102101210
01202102010212012102012021201020121012021020102120121020120212010
01202102010212012102120210121020121012021020102120121021202101210
01202102010212021012010201202120121012021020102120210120102012021
01202102010212021012010201210201021012021020102120210120102012102
01202102010212021012010210121020121012021020102120210120102101210
01202102010212021012021201021012102012021020102120210120212010210
01202102010212021012021201210120102012021020102120210120212012101
01202102010212021012021201210201021012021020102120210120212012102
01202102010212021012102010210120102012021020102120210121020102101
01202102010212021012102010212012102012021020102120210121020102120
01202102010212021012102012021201021012021020102120210121020120212
01202102010212021012102012101201021012021020102120210121020121012
01202102010212021020120210121020121012021020102120210201202101210
01202102010212021020121012021012102012021020102120210201210120210
01202102010212021020121012021201021012021020102120210201210120212
01202102010212021020121021201020121012021020102120210201210212010
01202102012021201020120210121020121012021020120212010201202101210
01202102012021201020121012021201021012021020120212010201210120212
01202102012021201020121020102120121012021020120212010201210201021
01202102012021201021202101201020121012021020120212010212021012010
01202102012021201021202101202120121012021020120212010212021012021
01202102012021201021202101210201021012021020120212010212021012102
01202102012021201210120210121020121012021020120212012101202101210
01202102012021201210201021201020121012021020120212012102010212010
01202102012101201020121020102120102012021020121012010201210201021
01202102012101201020121020102120121012021020121012010201210201021
01202102012101201021202101202120102012021020121012010212021012021
01202102012101201021202101202120121012021020121012010212021012021
01202102012101201021202101210201021012021020121012010212021012102
01202102012101202101210201202120102012021020121012021012102012021
01202102012101202101210201210120102012021020121012021012102012101
01202102012101202120102012101201021012021020121012021201020121012
01202102012101202120102101210201021012021020121012021201021012102
01202102012101202120102120210120102012021020121012021201021202101
01202102012101202120102120210201021012021020121012021201021202102
01202102012101202120121020102120102012021020121012021201210201021
01202102012102120102012101202120102012021020121021201020121012021
01202102012102120121012021201020121012021020121021201210120212010
01202102012102120210121020102120102012021020121021202101210201021
01202102012102120210121020102120121012021020121021202101210201021
01202102012102120210121021201020121012021020121021202101210212010
01202102012102120210201021201020121012021020121021202102010212010
01202120102012021012010201210201021012021201020120210120102012102
01202120102012021012010201210212021012021201020120210120102012102
01202120102012021012010210121020121012021201020120210120102101210
01202120102012021012010212021012102012021201020120210120102120210
01202120102012021012010212021020121012021201020120210120102120210
01202120102012021012102010212012102012021201020120210121020102120
01202120102012021012102012101201021012021201020120210121020121012
01202120102012021012102012101202102012021201020120210121020121012
01202120102012021012102120210201021012021201020120210121021202102
01202120102012021020102101201020121012021201020120210201021012010
01202120102012021020102101210212021012021201020120210201021012102
01202120102012021020121012010212021012021201020120210201210120102
01202120102012021020121012021012102012021201020120210201210120210
01202120102012021020121021201020121012021201020120210201210212010
01202120102012021201210120210201021012021201020120212012101202102
01202120102012021201210212021020121012021201020120212012102120210
01202120102012101201020120210201021012021201020121012010201202102
01202120102012101201021012021020121012021201020121012010210120210
01202120102012101201021012102120121012021201020121012010210121021
01202120102012101201021201210201021012021201020121012010212012102
01202120102012101201021201210212021012021201020121012010212012102
01202120102012101202101210212012102012021201020121012021012102120
01202120102012101202102010210120102012021201020121012021020102101
01202120102012101202102010212012102012021201020121012021020102120
01202120102012101202102012102120121012021201020121012021020121021
01202120102012101202120102101202102012021201020121012021201021012
01202120102012101202120121021201021012021201020121012021201210212
01202120102012101202120121021202102012021201020121012021201210212
01202120102012102010210120102120121012021201020121020102101201021
01202120102012102010210120212012102012021201020121020102101202120
01202120102012102010210121021201021012021201020121020102101210212
01202120102012102010210121021202102012021201020121020102101210212
01202120102012102010212012101201021012021201020121020102120121012
01202120102012102010212012101202102012021201020121020102120121012
01202120102012102120102101201020121012021201020121021201021012010
01202120102012102120102101210201021012021201020121021201021012102
01202120102012102120102101210212021012021201020121021201021012102
01202120102012102120121012010212021012021201020121021201210120102
01202120102012102120121012021012102012021201020121021201210120210
01202120102012102120210120102120121012021201020121021202101201021
01202120102012102120210120212012102012021201020121021202101202120
01202120102012102120210121021201021012021201020121021202101210212
01202120102012102120210201021012102012021201020121021202102010210
01202120102012102120210201202120121012021201020121021202102012021
01202120102012102120210201210120102012021201020121021202102012101
01202120102101201020120210121020121012021201021012010201202101210
01202120102101201020120212010212021012021201021012010201202120102
01202120102101201020121012010212021012021201021012010201210120102
01202120102101201020121012021012102012021201021012010201210120210
01202120102101201020121020102120102012021201021012010201210201021
01202120102101201020121020102120121012021201021012010201210201021
01202120102101202102010210121020121012021201021012021020102101210
01202120102101202102010212021012102012021201021012021020102120210
01202120102101202102010212021020121012021201021012021020102120210
01202120102101202102012021201020121012021201021012021020120212010
01202120102101202120121012021012102012021201021012021201210120210
01202120102101202120121020102120102012021201021012021201210201021
01202120102101210201021012010212021012021201021012102010210120102
01202120102101210201021012021020121012021201021012102010210120210
01202120102101210201021201210120102012021201021012102010212012101
01202120102101210201021201210212021012021201021012102010212012102
01202120102101210201202101201020121012021201021012102012021012010
01202120102101210201202101210212021012021201021012102012021012102
01202120102101210201202102010212021012021201021012102012021020102
01202120102101210201210120102120121012021201021012102012101201021
01202120102101210201210120210201021012021201021012102012101202102
01202120102101210201210120212012102012021201021012102012101202120
01202120102101210212010201202120121012021201021012102120102012021
01202120102101210212010201210120102012021201021012102120102012101
01202120102101210212010201210201021012021201021012102120102012102
01202120102101210212010201210212021012021201021012102120102012102
01202120102101210212012101201020121012021201021012102120121012010
01202120102101210212012102010212021012021201021012102120121020102
01202120102101210212021020102120102012021201021012102120210201021
01202120102101210212021020102120121012021201021012102120210201021
01202120102120210120102012021012102012021201021202101201020120210
01202120102120210120102012021020121012021201021202101201020120210
01202120102120210120102012101201021012021201021202101201020121012
01202120102120210120102012101202102012021201021202101201020121012
01202120102120210120102012102120102012021201021202101201020121021
01202120102120210120102012102120121012021201021202101201020121021
01202120102120210120102101210201021012021201021202101201021012102
01202120102120210120102101210212021012021201021202101201021012102
01202120102120210120212010210120102012021201021202101202120102101
01202120102120210120212012101201021012021201021202101202120121012
01202120102120210120212012101202102012021201021202101202120121012
01202120102120210120212012102120102012021201021202101202120121021
01202120102120210121020102101202102012021201021202101210201021012
01202120102120210121020120210120102012021201021202101210201202101
01202120102120210121020120210201021012021201021202101210201202102
01202120102120210121021201021012102012021201021202101210212010210
01202120102120210121021201210120102012021201021202101210212012101
01202120102120210121021201210201021012021201021202101210212012102
01202120102120210201021012010212021012021201021202102010210120102
01202120102120210201021012021020121012021201021202102010210120210
01202120102120210201021012102120102012021201021202102010210121021
01202120102120210201021012102120121012021201021202102010210121021
01202120102120210201021201210120102012021201021202102010212012101
01202120102120210201021201210201021012021201021202102010212012102
01202120102120210201021201210212021012021201021202102010212012102
01202120102120210201202101201020121012021201021202102012021012010
01202120102120210201202101210201021012021201021202102012021012102
01202120102120210201202101210212021012021201021202102012021012102
01202120102120210201210120102120121012021201021202102012101201021
01202120102120210201210120210201021012021201021202102012101202102
01202120102120210201210120212012102012021201021202102012101202120
01202120102120210201210212021012102012021201021202102012102120210
01202120121012010201202101210201021012021201210120102012021012102
01202120121012010201202101210212021012021201210120102012021012102
01202120121012010201202102010212021012021201210120102012021020102
01202120121012010201210120210201021012021201210120102012101202102
01202120121012010201210201021012102012021201210120102012102010210
01202120121012010201210201021202102012021201210120102012102010212
01202120121012010201210212021012102012021201210120102012102120210
01202120121012010201210212021020121012021201210120102012102120210
01202120121012010210120212010212021012021201210120102101202120102
01202120121012010210121020102120102012021201210120102101210201021
01202120121012010210121021201020121012021201210120102101210212010
01202120121012010212012102010212021012021201210120102120121020102
01202120121012010212021012102120102012021201210120102120210121021
01202120121012010212021020102120102012021201210120102120210201021
01202120121012021012102010210120102012021201210120210121020102101
01202120121012021012102010212012102012021201210120210121020102120
01202120121012021012102012021201021012021201210120210121020120212
01202120121012021012102012101201021012021201210120210121020121012
01202120121012021012102012101202102012021201210120210121020121012
01202120121012021012102120210120102012021201210120210121021202101
01202120121012021012102120210201021012021201210120210121021202102
01202120121012021020102101202120102012021201210120210201021012021
01202120121012021020102101210212021012021201210120210201021012102
01202120121012021020102120210120102012021201210120210201021202101
01202120121012021020120212010212021012021201210120210201202120102
01202120121012021020121012010212021012021201210120210201210120102
01202120121012021201020121021202102012021201210120212010201210212
01202120121012021201021012102120102012021201210120212010210121021
01202120121020102101202102010212021012021201210201021012021020102
01202120121020102101210201210120102012021201210201021012102012101
01202120121020102101210212021012102012021201210201021012102120210
01202120121020102101210212021020121012021201210201021012102120210
01202120121020102120102012021012102012021201210201021201020120210
01202120121020102120102012021020121012021201210201021201020120210
01202120121020102120102012021201021012021201210201021201020120212
01202120121020102120102012101201021012021201210201021201020121012
01202120121020102120102012101202102012021201210201021201020121012
01202120121020102120102012102120121012021201210201021201020121021
01202120121020102120121012010212021012021201210201021201210120102
01202120121020102120121012021012102012021201210201021201210120210
01202120121020102120210120102120121012021201210201021202101201021
01202120121020102120210121021201021012021201210201021202101210212
01202120121020102120210121021202102012021201210201021202101210212
01202120121020102120210201021012102012021201210201021202102010210
01202120121020102120210201210120102012021201210201021202102012101
01202120121020102120210201210212021012021201210201021202102012102
01202120121020120210121020102120102012021201210201202101210201021
01202120121020120210121020102120121012021201210201202101210201021
01202120121020120210121021201020121012021201210201202101210212010
01202120121020120210201021201020121012021201210201202102010212010
01202120121020120212010201210201021012021201210201202120102012102
01202120121020120212010201210212021012021201210201202120102012102
01202120121020120212010210121020121012021201210201202120102101210
01202120121020120212010212021020121012021201210201202120102120210
01202120121021201020120210121020121012021201210212010201202101210
01202120121021201020120212010212021012021201210212010201202120102
01202120121021201020121012010212021012021201210212010201210120102
01202120121021201020121012021012102012021201210212010201210120210
01202120121021201020121020102120102012021201210212010201210201021
01202120121021201020121020102120121012021201210212010201210201021
01202120121021201021012021201020121012021201210212010210120212010
01202120121021201021012102010212021012021201210212010210121020102
01202120121021202101210201021202102012021201210212021012102010212
01202120121021202101210201210120102012021201210212021012102012101
01202120121021202102010210121020121012021201210212021020102101210
01202120121021202102010212021012102012021201210212021020102120210
01202120121021202102012021201020121012021201210212021020120212010
01202120121021202102012101202120102012021201210212021020121012021
01210120102012021012010212021012102012101201020120210120102120210
01210120102012021012102010210120212012101201020120210121020102101
01210120102012021012102120210120212012101201020120210121021202101
01210120102012021020102101202120102012101201020120210201021012021
01210120102012021020102120210120212012101201020120210201021202101
01210120102012021020121012021012102012101201020120210201210120210
01210120102012021201020121021202102012101201020120212010201210212
01210120102012021201021012102010212012101201020120212010210121020
01210120102012021201021012102120102012101201020120212010210121021
01210120102012021201021202101210212012101201020120212010212021012
01210120102012021201021202102010212012101201020120212010212021020
01210120102012021201210201021012102012101201020120212012102010210
01210120102012021201210201021202102012101201020120212012102010212
01210120102012021201210212021012102012101201020120212012102120210
01210120102012101202102010210120212012101201020121012021020102101
01210120102012101202120102101210212012101201020121012021201021012
01210120102012102010210121020120212012101201020121020102101210201
01210120102012102010210121021202102012101201020121020102101210212
01210120102012102010212010201202102012101201020121020102120102012
01210120102012102010212010201210212012101201020121020102120102012
01210120102012102010212012101202102012101201020121020102120121012
01210120102012102010212021012010212012101201020121020102120210120
01210120102012102010212021020120212012101201020121020102120210201
01210120102012102120102012021012102012101201020121021201020120210
01210120102012102120121012021012102012101201020121021201210120210
01210120102012102120210121020120212012101201020121021202101210201
01210120102012102120210201021012102012101201020121021202102010210
01210120102012102120210201210120212012101201020121021202102012101
01210120102101202102010212021012102012101201021012021020102120210
01210120102101202102012101202120102012101201021012021020121012021
01210120102101202120102012021012102012101201021012021201020120210
01210120102101202120102012102010212012101201021012021201020121020
01210120102101202120102120210120102012101201021012021201021202101
01210120102101202120102120210120212012101201021012021201021202101
01210120102101202120121012021012102012101201021012021201210120210
01210120102101202120121020102120102012101201021012021201210201021
01210120102101210201021201020120212012101201021012102010212010201
01210120102101210201021202101210212012101201021012102010212021012
01210120102101210212010201210120212012101201021012102120102012101
01210120102101210212012101202120102012101201021012102120121012021
01210120102101210212021012102010212012101201021012102120210121020
01210120102101210212021020102120102012101201021012102120210201021
01210120102120121012021012102120102012101201021201210120210121021
01210120102120121012021020102120102012101201021201210120210201021
01210120102120121012021201021012102012101201021201210120212010210
01210120102120121012021201021202102012101201021201210120212010212
01210120102120121020102101202120102012101201021201210201021012021
01210120102120121020102120210120102012101201021201210201021202101
01210120102120121020102120210120212012101201021201210201021202101
01210120102120121021202101202120102012101201021201210212021012021
01210120102120210120102012021012102012101201021202101201020120210
01210120102120210120102012102010212012101201021202101201020121020
01210120102120210120212010201202102012101201021202101202120102012
01210120102120210120212010201210212012101201021202101202120102012
01210120102120210120212010210120102012101201021202101202120102101
01210120102120210120212012101202102012101201021202101202120121012
01210120102120210120212012102010212012101201021202101202120121020
01210120102120210120212012102120102012101201021202101202120121021
01210120102120210121020102101202102012101201021202101210201021012
01210120102120210121020102101210212012101201021202101210201021012
01210120102120210121020120210120102012101201021202101210201202101
01210120102120210121021201020120212012101201021202101210212010201
01210120102120210121021201021012102012101201021202101210212010210
01210120102120210121021202102010212012101201021202101210212021020
01210120102120210201021012102010212012101201021202102010210121020
01210120102120210201021012102120102012101201021202102010210121021
01210120102120210201021201020120212012101201021202102010212010201
01210120102120210201210212021012102012101201021202102012102120210
01210120210121020102101201020120212012101202101210201021012010201
01210120210121020102101201021202102012101202101210201021012010212
01210120210121020102101202102010212012101202101210201021012021020
01210120210121020102120121020120212012101202101210201021201210201
01210120210121020102120121021202102012101202101210201021201210212
01210120210121020102120210201210212012101202101210201021202102012
01210120210121020120210201021012102012101202101210201202102010210
01210120210121020120210201021202102012101202101210201202102010212
01210120210121020120212010201202102012101202101210201202120102012
01210120210121020120212010201210212012101202101210201202120102012
01210120210121020120212010210120102012101202101210201202120102101
01210120210121020120212010210120212012101202101210201202120102101
01210120210121020120212012102010212012101202101210201202120121020
01210120210121020120212012102120102012101202101210201202120121021
01210120210121020121012010201202102012101202101210201210120102012
01210120210121020121012010201210212012101202101210201210120102012
01210120210121020121012010210120212012101202101210201210120102101
01210120210121020121012021020120212012101202101210201210120210201
01210120210121021201020120210120102012101202101210212010201202101
01210120210121021201020121012010212012101202101210212010201210120
01210120210121021201020121021202102012101202101210212010201210212
01210120210121021201021012102010212012101202101210212010210121020
01210120210121021201210201021012102012101202101210212012102010210
01210120210121021201210201021202102012101202101210212012102010212
01210120210121021201210201202120102012101202101210212012102012021
01210120210121021202101201020120212012101202101210212021012010201
01210120210121021202101201021012102012101202101210212021012010210
01210120210121021202101201021202102012101202101210212021012010212
01210120210121021202102010210120102012101202101210212021020102101
01210120210121021202102010210120212012101202101210212021020102101
01210120210121021202102012021012102012101202101210212021020120210
01210120210121021202102012102120102012101202101210212021020121021
01210120210201021012010201202120102012101202102010210120102012021
01210120210201021012010212021012102012101202102010210120102120210
01210120210201021012021201020120212012101202102010210120212010201
01210120210201021012021201021012102012101202102010210120212010210
01210120210201021012021201021202102012101202102010210120212010212
01210120210201021012021201210120102012101202102010210120212012101
01210120210201021012102120210120102012101202102010210121021202101
01210120210201021012102120210120212012101202102010210121021202101
01210120210201021201020120210120102012101202102010212010201202101
01210120210201021201020121012010212012101202102010212010201210120
01210120210201021201020121021202102012101202102010212010201210212
01210120210201021201210201021012102012101202102010212012102010210
01210120210201021201210201202120102012101202102010212012102012021
01210120210201021201210212021012102012101202102010212012102120210
01210120210201021202101201020120212012101202102010212021012010201
01210120210201021202101201021012102012101202102010212021012010210
01210120210201021202102012021012102012101202102010212021020120210
01210120210201021202102012102120102012101202102010212021020121021
01210120210201202120102012021012102012101202102012021201020120210
01210120210201202120102012102010212012101202102012021201020121020
01210120210201202120102120210120102012101202102012021201021202101
01210120210201202120102120210120212012101202102012021201021202101
01210120210201202120121012021012102012101202102012021201210120210
01210120210201202120121020102120102012101202102012021201210201021
01210120210201210120102012102010212012101202102012101201020121020
01210120210201210120102120210120212012101202102012101201021202101
01210120210201210212012101202120102012101202102012102120121012021
01210120210201210212021012102010212012101202102012102120210121020
01210120210201210212021012102120102012101202102012102120210121021
01210120210201210212021020102120102012101202102012102120210201021
01210120212010201202101201021012102012101202120102012021012010210
01210120212010201202101201021202102012101202120102012021012010212
01210120212010201202102010210120102012101202120102012021020102101
01210120212010201202102012102120102012101202120102012021020121021
01210120212010201202120121021202102012101202120102012021201210212
01210120212010201210120102101202102012101202120102012101201021012
01210120212010201210120102101210212012101202120102012101201021012
01210120212010201210120210201210212012101202120102012101202102012
01210120212010201210201021012010212012101202120102012102010210120
01210120212010201210212010210120102012101202120102012102120102101
01210120212010201210212021012010212012101202120102012102120210120
01210120212010201210212021020120212012101202120102012102120210201
01210120212010210120102012021012102012101202120102101201020120210
01210120212010210120102012102010212012101202120102101201020121020
01210120212010210120210201021012102012101202120102101202102010210
01210120212010210120210201021202102012101202120102101202102010212
01210120212010210120210201202120102012101202120102101202102012021
01210120212010210121020102101202102012101202120102101210201021012
01210120212010210121020120210120102012101202120102101210201202101
01210120212010210121020121012010212012101202120102101210201210120
01210120212010210121021201020120212012101202120102101210212010201
01210120212010210121021201210120102012101202120102101210212012101
01210120212010210121021202102010212012101202120102101210212021020
01210120212010212021012010201202102012101202120102120210120102012
01210120212010212021012010201210212012101202120102120210120102012
01210120212010212021020102101202102012101202120102120210201021012
01210120212010212021020102101210212012101202120102120210201021012
01210120212010212021020120210120102012101202120102120210201202101
01210120212010212021020121012010212012101202120102120210201210120
01210120212012101201020121021202102012101202120121012010201210212
01210120212012101201021012102120102012101202120121012010210121021
01210120212012102010210121021202102012101202120121020102101210212
01210120212012102010212010201202102012101202120121020102120102012
01210120212012102010212010201210212012101202120121020102120102012
01210120212012102010212021012010212012101202120121020102120210120
01210120212012102012021012102010212012101202120121020120210121020
01210120212012102012021012102120102012101202120121020120210121021
01210120212012102012021020102120102012101202120121020120210201021
01210120212012102012021201021012102012101202120121020120212010210
01210120212012102012021201021202102012101202120121020120212010212
01210120212012102120102012021012102012101202120121021201020120210
01210120212012102120102012102010212012101202120121021201020121020
01210120212012102120102101202120102012101202120121021201021012021
01210120212012102120210201021012102012101202120121021202102010210
01210120212012102120210201202120102012101202120121021202102012021
01210201021012010201202102010212021012102010210120102012021020102
01210201021012010201202120121012021012102010210120102012021201210
01210201021012010212012101202120102012102010210120102120121012021
01210201021012010212012102010212021012102010210120102120121020102
01210201021012010212021012021201021012102010210120102120210120212
01210201021012010212021012102120102012102010210120102120210121021
01210201021012010212021020102120102012102010210120102120210201021
01210201021012010212021020121012021012102010210120102120210201210
01210201021012021020102120102012021012102010210120210201021201020
01210201021012021020102120121012021012102010210120210201021201210
01210201021012021020102120210120102012102010210120210201021202101
01210201021012021020102120210120212012102010210120210201021202101
01210201021012021020120212010212021012102010210120210201202120102
01210201021012021020121012010212021012102010210120210201210120102
01210201021012021020121012021201021012102010210120210201210120212
01210201021012021201020120210120102012102010210120212010201202101
01210201021012021201020121012010212012102010210120212010201210120
01210201021012021201020121021201021012102010210120212010201210212
01210201021012021201021012102120102012102010210120212010210121021
01210201021012021201021202101201021012102010210120212010212021012
01210201021012021201021202101210212012102010210120212010212021012
01210201021012021201021202102010212012102010210120212010212021020
01210201021012021201021202102012021012102010210120212010212021020
01210201021012021201210120102012021012102010210120212012101201020
01210201021012021201210201202120102012102010210120212012102012021
01210201021012102012021012102120102012102010210121020120210121021
01210201021012102012021020102120102012102010210121020120210201021
01210201021012102012021201210120102012102010210121020120212012101
01210201021012102012101201020120212012102010210121020121012010201
01210201021012102012101202101210212012102010210121020121012021012
01210201021012102012101202102010212012102010210121020121012021020
01210201021012102120102101202120102012102010210121021201021012021
01210201021012102120121012010212021012102010210121021201210120102
01210201021012102120121020102120102012102010210121021201210201021
01210201021012102120210120102012021012102010210121021202101201020
01210201021012102120210121020120212012102010210121021202101210201
01210201021012102120210201202120102012102010210121021202102012021
01210201021012102120210201210120102012102010210121021202102012101
01210201021012102120210201210120212012102010210121021202102012101
01210201021201020120210121020120212012102010212010201202101210201
01210201021201020120210121021201021012102010212010201202101210212
01210201021201020120210201210120102012102010212010201202102012101
01210201021201020120210201210120212012102010212010201202102012101
01210201021201020120210201210212021012102010212010201202102012102
01210201021201020120212010210120102012102010212010201202120102101
01210201021201020120212010210120212012102010212010201202120102101
01210201021201020120212012101201021012102010212010201202120121012
01210201021201020120212012102012021012102010212010201202120121020
01210201021201020120212012102120102012102010212010201202120121021
01210201021201020121012010210120212012102010212010201210120102101
01210201021201020121012021020120212012102010212010201210120210201
01210201021201020121020102101210212012102010212010201210201021012
01210201021201020121021201210120102012102010212010201210212012101
01210201021201020121021201210120212012102010212010201210212012101
01210201021201020121021202101201021012102010212010201210212021012
01210201021201020121021202101210212012102010212010201210212021012
01210201021201020121021202102012021012102010212010201210212021020
01210201021201210120102012021201021012102010212012101201020120212
01210201021201210120102101202120102012102010212012101201021012021
01210201021201210120102101210212021012102010212012101201021012102
01210201021201210120102120210120102012102010212012101201021202101
01210201021201210120102120210120212012102010212012101201021202101
01210201021201210120102120210201021012102010212012101201021202102
01210201021201210120210121020120212012102010212012101202101210201
01210201021201210120210121021201021012102010212012101202101210212
01210201021201210120210201202120102012102010212012101202102012021
01210201021201210120210201210120102012102010212012101202102012101
01210201021201210120210201210212021012102010212012101202102012102
01210201021201210120212010210120102012102010212012101202120102101
01210201021201210120212012102012021012102010212012101202120121020
01210201021201210120212012102120102012102010212012101202120121021
01210201021201210201202102010212021012102010212012102012021020102
01210201021201210201202120102012021012102010212012102012021201020
01210201021201210201202120121012021012102010212012102012021201210
01210201021201210212021012021201021012102010212012102120210120212
01210201021201210212021012102120102012102010212012102120210121021
01210201021201210212021020102120102012102010212012102120210201021
01210201021201210212021020121012021012102010212012102120210201210
01210201021202101201020120210201021012102010212021012010201202102
01210201021202101201020121012010212012102010212021012010201210120
01210201021202101201020121021201021012102010212021012010201210212
01210201021202101201021012102120102012102010212021012010210121021
01210201021202101201021201210120102012102010212021012010212012101
01210201021202101201021201210120212012102010212021012010212012101
01210201021202101201021201210212021012102010212021012010212012102
01210201021202101202120102101210212012102010212021012021201021012
01210201021202101202120121012010212012102010212021012021201210120
01210201021202101202120121021201021012102010212021012021201210212
01210201021202101210201021012010212012102010212021012102010210120
01210201021202101210201202101201021012102010212021012102012021012
01210201021202101210212010210120102012102010212021012102120102101
01210201021202101210212010210120212012102010212021012102120102101
01210201021202101210212012101201021012102010212021012102120121012
01210201021202101210212012102012021012102010212021012102120121020
01210201021202101210212021020120212012102010212021012102120210201
01210201021202102010210120102012021012102010212021020102101201020
01210201021202102010210121020120212012102010212021020102101210201
01210201021202102012021012010212021012102010212021020120210120102
01210201021202102012021012102120102012102010212021020120210121021
01210201021202102012021201210120102012102010212021020120212012101
01210201021202102012021201210212021012102010212021020120212012102
01210201021202102012101201020120212012102010212021020121012010201
01210201021202102012101202101210212012102010212021020121012021012
01210201021202102012102120102012021012102010212021020121021201020
01210201021202102012102120121012021012102010212021020121021201210
01210201021202102012102120210120102012102010212021020121021202101
01210201021202102012102120210120212012102010212021020121021202101
01210201202101201020120212010212021012102012021012010201202120102
01210201202101201020121012010212021012102012021012010201210120102
01210201202101201020121012021201021012102012021012010201210120212
01210201202101201021012102010212021012102012021012010210121020102
01210201202101210201021201020120212012102012021012102010212010201
01210201202101210201021201210120212012102012021012102010212012101
01210201202101210201021202101210212012102012021012102010212021012
01210201202101210212010201210120212012102012021012102120102012101
01210201202101210212010201210201021012102012021012102120102012102
01210201202101210212021012021201021012102012021012102120210120212
01210201202102010210120212010212021012102012021020102101202120102
01210201202102010210121020121012021012102012021020102101210201210
01210201202102010212010201210120212012102012021020102120102012101
01210201202102010212010201210201021012102012021020102120102012102
01210201202102010212010201210212021012102012021020102120102012102
01210201202102010212021012021201021012102012021020102120210120212
01210201202102010212021012102010212012102012021020102120210121020
01210201202102010212021020121012021012102012021020102120210201210
01210201202120102012021012010212021012102012021201020120210120102
01210201202120102012021012102010212012102012021201020120210121020
01210201202120102012021020121012021012102012021201020120210201210
01210201202120102012101202101210212012102012021201020121012021012
01210201202120102012101202102010212012102012021201020121012021020
01210201202120102012102010210120212012102012021201020121020102101
01210201202120102012102120121012021012102012021201020121021201210
01210201202120102012102120210120212012102012021201020121021202101
01210201202120102012102120210201021012102012021201020121021202102
01210201202120102101201020121012021012102012021201021012010201210
01210201202120102101202102010212021012102012021201021012021020102
01210201202120102101202120121012021012102012021201021012021201210
01210201202120102101210201210120212012102012021201021012102012101
01210201202120102120210120102012021012102012021201021202101201020
01210201202120102120210121021201021012102012021201021202101210212
01210201202120102120210201210120212012102012021201021202102012101
01210201202120102120210201210212021012102012021201021202102012102
01210201202120121012010201210201021012102012021201210120102012102
01210201202120121012010201210212021012102012021201210120102012102
01210201202120121012021012102010212012102012021201210120210121020
01210201202120121020102101210212021012102012021201210201021012102
01210201202120121020102120102012021012102012021201210201021201020
01210201202120121020102120121012021012102012021201210201021201210
01210201202120121020102120210201021012102012021201210201021202102
01210201202120121021201020121012021012102012021201210212010201210
01210201202120121021202102010212021012102012021201210212021020102
01210201210120102012021012010212021012102012101201020120210120102
01210201210120102012021020121012021012102012101201020120210201210
01210201210120102012021201210201021012102012101201020120212012102
01210201210120102012021201210212021012102012101201020120212012102
01210201210120102012102120102012021012102012101201020121021201020
01210201210120102012102120121012021012102012101201020121021201210
01210201210120102012102120210201021012102012101201020121021202102
01210201210120102101202102010212021012102012101201021012021020102
01210201210120102101202120102012021012102012101201021012021201020
01210201210120102101202120121012021012102012101201021012021201210
01210201210120102120121012021201021012102012101201021201210120212
01210201210120102120210120102012021012102012101201021202101201020
01210201210120102120210121021201021012102012101201021202101210212
01210201210120102120210201210212021012102012101201021202102012102
01210201210120210121020120210201021012102012101202101210201202102
01210201210120210121021201210201021012102012101202101210212012102
01210201210120210121021202101201021012102012101202101210212021012
01210201210120210121021202102012021012102012101202101210212021020
01210201210120210201021012010212021012102012101202102010210120102
01210201210120210201021012021201021012102012101202102010210120212
01210201210120210201021201210201021012102012101202102010212012102
01210201210120210201021201210212021012102012101202102010212012102
01210201210120210201021202101201021012102012101202102010212021012
01210201210120210201021202102012021012102012101202102010212021020
01210201210120210201202120102012021012102012101202102012021201020
01210201210120210201202120121012021012102012101202102012021201210
01210201210120212010201202101201021012102012101202120102012021012
01210201210120212010210120102012021012102012101202120102101201020
01210201210120212010210120210201021012102012101202120102101202102
01210201210120212012102012021201021012102012101202120121020120212
01210201210120212012102120102012021012102012101202120121021201020
01210201210120212012102120210201021012102012101202120121021202102
01210212010201202101201020121012021012102120102012021012010201210
01210212010201202101210201021202102012102120102012021012102010212
01210212010201202101210201210120102012102120102012021012102012101
01210212010201202101210201210120212012102120102012021012102012101
01210212010201202120102120210120102012102120102012021201021202101
01210212010201202120102120210120212012102120102012021201021202101
01210212010201202120102120210201021012102120102012021201021202102
01210212010201202120121012010212021012102120102012021201210120102
01210212010201202120121012021201021012102120102012021201210120212
01210212010201210120102012021201021012102120102012101201020120212
01210212010201210120102120121012021012102120102012101201021201210
01210212010201210120102120210120212012102120102012101201021202101
01210212010201210120102120210201021012102120102012101201021202102
01210212010201210120210121020120212012102120102012101202101210201
01210212010201210120210121021202102012102120102012101202101210212
01210212010201210120210201021202102012102120102012101202102010212
01210212010201210120210201210212021012102120102012101202102012102
01210212010201210120212010201202102012102120102012101202120102012
01210212010201210120212012101201021012102120102012101202120121012
01210212010201210120212012102012021012102120102012101202120121020
01210212010201210201021012010212021012102120102012102010210120102
01210212010201210201021012021201021012102120102012102010210120212
01210212010201210201021012102012021012102120102012102010210121020
01210212010201210201021201020120212012102120102012102010212010201
01210212010201210201021201210120212012102120102012102010212012101
01210212010201210201021201210212021012102120102012102010212012102
01210212010201210201021202101201021012102120102012102010212021012
01210212010201210201021202102012021012102120102012102010212021020
01210212010201210212021012021201021012102120102012102120210120212
01210212010201210212021020121012021012102120102012102120210201210
01210212010210120102012101202120102012102120102101201020121012021
01210212010210120102012102010212021012102120102101201020121020102
01210212010210120212010201210120212012102120102101202120102012101
01210212010210120212010201210201021012102120102101202120102012102
01210212010210120212010201210212021012102120102101202120102012102
01210212010210120212012102010212021012102120102101202120121020102
01210212010210121020102101202120102012102120102101210201021012021
01210212010210121020102120102012021012102120102101210201021201020
01210212010210121020102120121012021012102120102101210201021201210
01210212010210121020102120210120102012102120102101210201021202101
01210212010210121020102120210120212012102120102101210201021202101
01210212010210121020120212010212021012102120102101210201202120102
01210212010210121020121012010212021012102120102101210201210120102
01210212010210121021202101202120102012102120102101210212021012021
01210212012101201020120212010212021012102120121012010201202120102
01210212012101201020121012021201021012102120121012010201210120212
01210212012101201020121020102120102012102120121012010201210201021
01210212012101201021012102010212021012102120121012010210121020102
01210212012101201021202101202120102012102120121012010212021012021
01210212012101201021202101210201021012102120121012010212021012102
01210212012101202101210201021202102012102120121012021012102010212
01210212012101202101210201202120102012102120121012021012102012021
01210212012101202101210201210120102012102120121012021012102012101
01210212012101202120102012101201021012102120121012021201020121012
01210212012101202120102012101202102012102120121012021201020121012
01210212012101202120102120210120102012102120121012021201021202101
01210212012101202120102120210201021012102120121012021201021202102
01210212012101202120121020102120102012102120121012021201210201021
01210212012102010210120212010212021012102120121020102101202120102
01210212012102010210121020121012021012102120121020102101210201210
01210212012102010212010201210201021012102120121020102120102012102
01210212012102010212010201210212021012102120121020102120102012102
01210212012102010212021012021201021012102120121020102120210120212
01210212012102010212021020121012021012102120121020102120210201210
01210212012102012021012102010212021012102120121020120210121020102
01210212012102012021201020121012021012102120121020120212010201210
01210212021012010201202101210201021012102120210120102012021012102
01210212021012010201202120121012021012102120210120102012021201210
01210212021012010201210120210201021012102120210120102012101202102
01210212021012010201210201021202102012102120210120102012102010212
01210212021012010210121020102120102012102120210120102101210201021
01210212021012010210121020121012021012102120210120102101210201210
01210212021012010212012101202120102012102120210120102120121012021
01210212021012010212021020102120102012102120210120102120210201021
01210212021012010212021020121012021012102120210120102120210201210
01210212021012021201020120210120102012102120210120212010201202101
01210212021012021201020120210201021012102120210120212010201202102
01210212021012021201020121012010212012102120210120212010201210120
01210212021012021201020121021201021012102120210120212010201210212
01210212021012021201021012102010212012102120210120212010210121020
01210212021012021201021012102012021012102120210120212010210121020
01210212021012021201021012102120102012102120210120212010210121021
01210212021012021201021202101201021012102120210120212010212021012
01210212021012021201021202102010212012102120210120212010212021020
01210212021012021201021202102012021012102120210120212010212021020
01210212021012021201210120102012021012102120210120212012101201020
01210212021012021201210120210201021012102120210120212012101202102
01210212021012021201210201021202102012102120210120212012102010212
01210212021012021201210201202120102012102120210120212012102012021
01210212021012102010212010201202102012102120210121020102120102012
01210212021012102010212012101201021012102120210121020102120121012
01210212021012102010212012101202102012102120210121020102120121012
01210212021012102010212021012010212012102120210121020102120210120
01210212021012102010212021020120212012102120210121020102120210201
01210212021012102012021020102120102012102120210121020120210201021
01210212021012102012021201021202102012102120210121020120212010212
01210212021012102012021201210120102012102120210121020120212012101
01210212021012102012021201210201021012102120210121020120212012102
01210212021012102012101201020120212012102120210121020121012010201
01210212021012102012101201021202102012102120210121020121012010212
01210212021012102012101202102010212012102120210121020121012021020
01210212021012102120102012101202102012102120210121021201020121012
01210212021012102120102012102010212012102120210121021201020121020
01210212021012102120102101202120102012102120210121021201021012021
01210212021012102120121020102120102012102120210121021201210201021
01210212021020102101201020121012021012102120210201021012010201210
01210212021020102101202120102012021012102120210201021012021201020
01210212021020102101202120121012021012102120210201021012021201210
01210212021020102101210201202120102012102120210201021012102012021
01210212021020102101210201210120102012102120210201021012102012101
01210212021020102101210201210120212012102120210201021012102012101
01210212021020102120102012021201021012102120210201021201020120212
01210212021020102120102012101201021012102120210201021201020121012
01210212021020102120102012101202102012102120210201021201020121012
01210212021020102120102012102010212012102120210201021201020121020
01210212021020102120121012010212021012102120210201021201210120102
01210212021020102120121012021201021012102120210201021201210120212
01210212021020102120210120102012021012102120210201021202101201020
01210212021020102120210121020120212012102120210201021202101210201
01210212021020120210121020102120102012102120210201202101210201021
01210212021020120210121020121012021012102120210201202101210201210
01210212021020120212010201210120212012102120210201202120102012101
01210212021020120212010201210201021012102120210201202120102012102
01210212021020120212012101202120102012102120210201202120121012021
01210212021020120212012102010212021012102120210201202120121020102
01210212021020121012010201202120102012102120210201210120102012021
01210212021020121012010201210201021012102120210201210120102012102
01210212021020121012021012102010212012102120210201210120210121020
01210212021020121012021012102120102012102120210201210120210121021
01210212021020121012021020102120102012102120210201210120210201021
01210212021020121012021201020120212012102120210201210120212010201
01210212021020121012021201210120102012102120210201210120212012101
01210212021020121012021201210201021012102120210201210120212012102
01210212021020121021201020121012021012102120210201210212010201210
02010210120102012021012102010212021020102101201020120210121020102
02010210120102012021020102120210121020102101201020120210201021202
02010210120102012021201020121012021020102101201020120212010201210
02010210120102012021201210120210121020102101201020120212012101202
02010210120102012101202101210212021020102101201020121012021012102
02010210120102012101202120102012021020102101201020121012021201020
02010210120102120121012021201020121020102101201021201210120212010
02010210120102120121020102120210121020102101201021201210201021202
02010210120102120210120212010210121020102101201021202101202120102
02010210120102120210120212010212021020102101201021202101202120102
02010210120102120210121020121012021020102101201021202101210201210
02010210120102120210121021201020121020102101201021202101210212010
02010210120102120210201021201020121020102101201021202102010212010
02010210120102120210201210120210121020102101201021202102012101202
02010210120210201021201020120210121020102101202102010212010201202
02010210120210201021201210120210121020102101202102010212012101202
02010210120210201021202101201020121020102101202102010212021012010
02010210120210201021202101202120121020102101202102010212021012021
02010210120210201202120102120210121020102101202102012021201021202
02010210120210201210120102120210121020102101202102012101201021202
02010210120210201210120212010210121020102101202102012101202120102
02010210120210201210120212010212021020102101202102012101202120102
02010210120212010201202101201020121020102101202120102012021012010
02010210120212010201202101210212021020102101202120102012021012102
02010210120212010201202120121012021020102101202120102012021201210
02010210120212010201210120102012021020102101202120102012101201020
02010210120212010201210120102120121020102101202120102012101201021
02010210120212010201210212010210121020102101202120102012102120102
02010210120212010210121020121012021020102101202120102101210201210
02010210120212010210121021201020121020102101202120102101210212010
02010210120212010212021012010210121020102101202120102120210120102
02010210120212010212021012102012021020102101202120102120210121020
02010210120212010212021012102120121020102101202120102120210121021
02010210120212010212021020102120121020102101202120102120210201021
02010210120212010212021020120210121020102101202120102120210201202
02010210120212010212021020121012021020102101202120102120210201210
02010210120212012101201020120210121020102101202120121012010201202
02010210120212012101201020121012021020102101202120121012010201210
02010210120212012101202101210212021020102101202120121012021012102
02010210120212012102012021201020121020102101202120121020120212010
02010210121020102120121012010212021020102101210201021201210120102
02010210121020102120210120102012021020102101210201021202101201020
02010210121020120210121021201020121020102101210201202101210212010
02010210121020120210201021201020121020102101210201202102010212010
02010210121020120212010201210212021020102101210201202120102012102
02010210121020120212012101201020121020102101210201202120121012010
02010210121020120212012102010212021020102101210201202120121020102
02010210121020121012010201202120121020102101210201210120102012021
02010210121020121012010201210212021020102101210201210120102012102
02010210121020121012021012102012021020102101210201210120210121020
02010210121020121012021012102120121020102101210201210120210121021
02010210121020121012021020102120121020102101210201210120210201021
02010210121020121012021201021012021020102101210201210120212010210
02010210121020121012021201210212021020102101210201210120212012102
02010210121021201020120212010212021020102101210212010201202120102
02010210121021201020121012010212021020102101210212010201210120102
02010210121021201021012021201020121020102101210212010210120212010
02010210121021201210120102120210121020102101210212012101201021202
02010210121021201210120212010212021020102101210212012101202120102
02010210121021201210201021201020121020102101210212012102010212010
02010210121021202101201020120210121020102101210212021012010201202
02010210121021202101201020121012021020102101210212021012010201210
02010210121021202101202120102012021020102101210212021012021201020
02010210121021202101202120121012021020102101210212021012021201210
02010210121021202101210201202120121020102101210212021012102012021
02010210121021202102012021201020121020102101210212021020120212010
02010210121021202102012101201020121020102101210212021020121012010
02010210121021202102012101202120121020102101210212021020121012021
02010212010201202101201020121012021020102120102012021012010201210
02010212010201202101210201021012021020102120102012021012102010210
02010212010201202101210201202120121020102120102012021012102012021
02010212010201202101210212010210121020102120102012021012102120102
02010212010201202102012101201020121020102120102012021020121012010
02010212010201202102012101202120121020102120102012021020121012021
02010212010201202102012102120210121020102120102012021020121021202
02010212010201202120102101201020121020102120102012021201021012010
02010212010201202120102101202120121020102120102012021201021012021
02010212010201202120102101210212021020102120102012021201021012102
02010212010201202120121012010210121020102120102012021201210120102
02010212010201202120121012010212021020102120102012021201210120102
02010212010201202120121020120210121020102120102012021201210201202
02010212010201202120121021201020121020102120102012021201210212010
02010212010201210120102101202120121020102120102012101201021012021
02010212010201210120102101210212021020102120102012101201021012102
02010212010201210120102120121012021020102120102012101201021201210
02010212010201210120210201202120121020102120102012101202102012021
02010212010201210120210201210212021020102120102012101202102012102
02010212010201210120212012102012021020102120102012101202120121020
02010212010201210201021012010212021020102120102012102010210120102
02010212010201210201021012102012021020102120102012102010210121020
02010212010201210201021012102120121020102120102012102010210121021
02010212010201210201021201210212021020102120102012102010212012102
02010212010201210212012101201020121020102120102012102120121012010
02010212010201210212012101202120121020102120102012102120121012021
02010212010201210212021012010210121020102120102012102120210120102
02010212010201210212021012010212021020102120102012102120210120102
02010212010201210212021012102012021020102120102012102120210121020
02010212010201210212021012102120121020102120102012102120210121021
02010212010201210212021020120210121020102120102012102120210201202
02010212010201210212021020121012021020102120102012102120210201210
02010212012101201020120212010210121020102120121012010201202120102
02010212012101201020120212010212021020102120121012010201202120102
02010212012101201021012021201020121020102120121012010210120212010
02010212012101201021012102120210121020102120121012010210121021202
02010212012101201021202101201020121020102120121012010212021012010
02010212012101201021202101202120121020102120121012010212021012021
02010212012101201021202101210212021020102120121012010212021012102
02010212012101201021202102010210121020102120121012010212021020102
02010212012101202101210201021012021020102120121012021012102010210
02010212012101202101210201202120121020102120121012021012102012021
02010212012101202101210212010210121020102120121012021012102120102
02010212012101202102012021201020121020102120121012021020120212010
02010212012101202102012101201020121020102120121012021020121012010
02010212012101202102012102120210121020102120121012021020121021202
02010212012101202120102101201020121020102120121012021201021012010
02010212012101202120102101210212021020102120121012021201021012102
02010212012101202120121020120210121020102120121012021201210201202
02010212012101202120121021201020121020102120121012021201210212010
02010212012102010210120212010212021020102120121020102101202120102
02010212012102010210121020121012021020102120121020102101210201210
02010212012102012021020102120210121020102120121020120210201021202
02010212012102012021201020120210121020102120121020120212010201202
02010212012102012021201020121012021020102120121020120212010201210
02010212012102012021201210120210121020102120121020120212012101202
02010212012102120210120212010210121020102120121021202101202120102
02010212012102120210120212010212021020102120121021202101202120102
02010212012102120210121020121012021020102120121021202101210201210
02010212012102120210121021201020121020102120121021202101210212010
02010212012102120210201021201020121020102120121021202102010212010
02010212012102120210201210120210121020102120121021202102012101202
02010212021012010201202101210212021020102120210120102012021012102
02010212021012010201202102010210121020102120210120102012021020102
02010212021012010201202120121012021020102120210120102012021201210
02010212021012010201210120102120121020102120210120102012101201021
02010212021012010201210201021012021020102120210120102012102010210
02010212021012010201210212010210121020102120210120102012102120102
02010212021012010210121020121012021020102120210120102101210201210
02010212021012010210121021201020121020102120210120102101210212010
02010212021012010212012101201020121020102120210120102120121012010
02010212021012010212012101202120121020102120210120102120121012021
02010212021012010212012102120210121020102120210120102120121021202
02010212021012021201021012102012021020102120210120212010210121020
02010212021012021201021012102120121020102120210120212010210121021
02010212021012021201210120102012021020102120210120212012101201020
02010212021012021201210120102120121020102120210120212012101201021
02010212021012021201210201021012021020102120210120212012102010210
02010212021012021201210212010210121020102120210120212012102120102
02010212021012102010210120102012021020102120210121020102101201020
02010212021012102010210120102120121020102120210121020102101201021
02010212021012102010212012102012021020102120210121020102120121020
02010212021012102012021012010210121020102120210121020120210120102
02010212021012102012021201021012021020102120210121020120212010210
02010212021012102012021201210212021020102120210121020120212012102
02010212021012102012101201021012021020102120210121020121012010210
02010212021012102120102101201020121020102120210121021201021012010
02010212021012102120102101202120121020102120210121021201021012021
02010212021012102120121012010210121020102120210121021201210120102
02010212021012102120121020120210121020102120210121021201210201202
02010212021012102120210201202120121020102120210121021202102012021
02010212021020102101201020120210121020102120210201021012010201202
02010212021020102101210201202120121020102120210201021012102012021
02010212021020120210120102120210121020102120210201202101201021202
02010212021020120210121020121012021020102120210201202101210201210
02010212021020120210121021201020121020102120210201202101210212010
02010212021020120212012101201020121020102120210201202120121012010
02010212021020120212012102120210121020102120210201202120121021202
02010212021020121012010201202120121020102120210201210120102012021
02010212021020121012021012102012021020102120210201210120210121020
02010212021020121012021012102120121020102120210201210120210121021
02010212021020121012021201021012021020102120210201210120212010210
02010212021020121021201020120210121020102120210201210212010201202
02010212021020121021201020121012021020102120210201210212010201210
02010212021020121021201210120210121020102120210201210212012101202
02010212021020121021202101201020121020102120210201210212021012010
02010212021020121021202101202120121020102120210201210212021012021
02012021012010201202120102120210121020120210120102012021201021202
02012021012010201210120102120210121020120210120102012101201021202
02012021012010201210120210121021201020120210120102012101202101210
02012021012010201210120210201021201020120210120102012101202102010
02012021012010201210120212010210121020120210120102012101202120102
02012021012010201210120212010212021020120210120102012101202120102
02012021012010201210201021012021201020120210120102012102010210120
02012021012010201210212021012021201020120210120102012102120210120
02012021012010210121020102120210121020120210120102101210201021202
02012021012010210121020121012021201020120210120102101210201210120
02012021012010212021012102010212021020120210120102120210121020102
02012021012010212021012102012021201020120210120102120210121020120
02012021012010212021012102012101201020120210120102120210121020121
02012021012010212021020121012021201020120210120102120210201210120
02012021012102010210120210201021201020120210121020102101202102010
02012021012102010210120212010212021020120210121020102101202120102
02012021012102010210120212012101201020120210121020102101202120121
02012021012102010210121021202101201020120210121020102101210212021
02012021012102010212010201202120121020120210121020102120102012021
02012021012102010212010201210212021020120210121020102120102012102
02012021012102010212012101202120121020120210121020102120121012021
02012021012102010212012102012021201020120210121020102120121020120
02012021012102010212021012102120121020120210121020102120210121021
02012021012102010212021020102101201020120210121020102120210201021
02012021012102010212021020121021201020120210121020102120210201210
02012021012102012021201021202101201020120210121020120212010212021
02012021012102012021201210201021201020120210121020120212012102010
02012021012102012101201020121021201020120210121020121012010201210
02012021012102012101201021012021201020120210121020121012010210120
02012021012102012101201021202101201020120210121020121012010212021
02012021012102012101202101210212021020120210121020121012021012102
02012021012102012101202102010212021020120210121020121012021020102
02012021012102012101202102012021201020120210121020121012021020120
02012021012102012101202120102101201020120210121020121012021201021
02012021012102012101202120121021201020120210121020121012021201210
02012021012102120102012101202120121020120210121021201020121012021
02012021012102120102012102010210121020120210121021201020121020102
02012021012102120102012102010212021020120210121021201020121020102
02012021012102120102101210201021201020120210121021201021012102010
02012021012102120210120212010210121020120210121021202101202120102
02012021012102120210120212010212021020120210121021202101202120102
02012021012102120210120212012101201020120210121021202101202120121
02012021012102120210201021012021201020120210121021202102010210120
02012021012102120210201021202101201020120210121021202102010212021
02012021020102101201020121012021201020120210201021012010201210120
02012021020102101202120102012101201020120210201021012021201020121
02012021020102101202120102120210121020120210201021012021201021202
02012021020102101210201021202101201020120210201021012102010212021
02012021020102101210201210120210121020120210201021012102012101202
02012021020102101210212021012021201020120210201021012102120210120
02012021020102120102012101202120121020120210201021201020121012021
02012021020102120102012102010210121020120210201021201020121020102
02012021020102120102012102120210121020120210201021201020121021202
02012021020102120210120212010210121020120210201021202101202120102
02012021020102120210120212012101201020120210201021202101202120121
02012021020102120210121020102101201020120210201021202101210201021
02012021020102120210121020102120121020120210201021202101210201021
02012021020102120210201210120210121020120210201021202102012101202
02012021020121012010201210201021201020120210201210120102012102010
02012021020121012010212021012021201020120210201210120102120210120
02012021020121012021012102012021201020120210201210120210121020120
02012021020121012021012102012101201020120210201210120210121020121
02012021020121012021201021202101201020120210201210120212010212021
02012021020121012021201210201021201020120210201210120212012102010
02012021020121021201020121012021201020120210201210212010201210120
02012021020121021202101210201021201020120210201210212021012102010
02012021201020120210120102120210121020120212010201202101201021202
02012021201020120210121020102120121020120212010201202101210201021
02012021201020120210121020121012021020120212010201202101210201210
02012021201020120210201210120210121020120212010201202102012101202
02012021201020121012021012102120121020120212010201210120210121021
02012021201020121012021020102101201020120212010201210120210201021
02012021201020121012021020102120121020120212010201210120210201021
02012021201020121012021201021012021020120212010201210120212010210
02012021201020121012021201210212021020120212010201210120212012102
02012021201020121020102101202120121020120212010201210201021012021
02012021201020121020102101210212021020120212010201210201021012102
02012021201020121020102120121012021020120212010201210201021201210
02012021201020121021201210120210121020120212010201210212012101202
02012021201020121021202101202120121020120212010201210212021012021
02012021201020121021202102010210121020120212010201210212021020102
02012021201020121021202102012101201020120212010201210212021020121
02012021201021012010201210120210121020120212010210120102012101202
02012021201021012010201210201021201020120212010210120102012102010
02012021201021012021020102120210121020120212010210120210201021202
02012021201021012021201210120210121020120212010210120212012101202
02012021201021012021201210201021201020120212010210120212012102010
02012021201021012102010212012101201020120212010210121020102120121
02012021201021012102012101202120121020120212010210121020121012021
02012021201021012102120102012101201020120212010210121021201020121
02012021201021012102120210201021201020120212010210121021202102010
02012021201021202101201020120210121020120212010212021012010201202
02012021201021202101201020121012021020120212010212021012010201210
02012021201021202101201020121021201020120212010212021012010201210
02012021201021202101202120102101201020120212010212021012021201021
02012021201021202101202120121012021020120212010212021012021201210
02012021201021202101202120121021201020120212010212021012021201210
02012021201021202101210201021012021020120212010212021012102010210
02012021201021202101210201202101201020120212010212021012102012021
02012021201021202101210212010210121020120212010212021012102120102
02012021201021202101210212012101201020120212010212021012102120121
02012021201021202102010210121021201020120212010212021020102101210
02012021201021202102010212012101201020120212010212021020102120121
02012021201021202102012101202120121020120212010212021020121012021
02012021201021202102012102120210121020120212010212021020121021202
02012021201210120102012102010210121020120212012101201020121020102
02012021201210120102012102010212021020120212012101201020121020102
02012021201210120102012102120210121020120212012101201020121021202
02012021201210120102101210201021201020120212012101201021012102010
02012021201210120102120210121021201020120212012101201021202101210
02012021201210120102120210201021201020120212012101201021202102010
02012021201210120210121020102101201020120212012101202101210201021
02012021201210120210121020102120121020120212012101202101210201021
02012021201210120210121020121012021020120212012101202101210201210
02012021201210120210121021202101201020120212012101202101210212021
02012021201210120210201021012021201020120212012101202102010210120
02012021201210120210201021202101201020120212012101202102010212021
02012021201210120212010201210212021020120212012101202120102012102
02012021201210120212010210121021201020120212012101202120102101210
02012021201210201021012102012101201020120212012102010210121020121
02012021201210201021012102120210121020120212012102010210121021202
02012021201210201021201020120210121020120212012102010212010201202
02012021201210201021201020121012021020120212012102010212010201210
02012021201210201021201210120210121020120212012102010212012101202
02012021201210201021202101210212021020120212012102010212021012102
02012021201210201021202102010210121020120212012102010212021020102
02012021201210201021202102012101201020120212012102010212021020121
02012021201210201202101210201021201020120212012102012021012102010
02012021201210212010201210120210121020120212012102120102012101202
02012021201210212010201210201021201020120212012102120102012102010
02012021201210212021012102010212021020120212012102120210121020102
02012021201210212021012102012101201020120212012102120210121020121
02012021201210212021020102120210121020120212012102120210201021202
02012021201210212021020121012021201020120212012102120210201210120
02012101201020120210120102120210121020121012010201202101201021202
02012101201020120210201021012021201020121012010201202102010210120
02012101201020120210201210120210121020121012010201202102012101202
02012101201020120212010201210212021020121012010201202120102012102
02012101201020120212010210121021201020121012010201202120102101210
02012101201020120212012102010210121020121012010201202120121020102
02012101201020120212012102010212021020121012010201202120121020102
02012101201020120212012102120210121020121012010201202120121021202
02012101201020121020102101210212021020121012010201210201021012102
02012101201020121020102120102012021020121012010201210201021201020
02012101201020121020102120121012021020121012010201210201021201210
02012101201020121021201020120210121020121012010201210212010201202
02012101201020121021201210120210121020121012010201210212012101202
02012101201020121021202102010210121020121012010201210212021020102
02012101201021012021020102120210121020121012010210120210201021202
02012101201021012021020121012021201020121012010210120210201210120
02012101201021012021201020120210121020121012010210120212010201202
02012101201021012021201021202101201020121012010210120212010212021
02012101201021012021201210120210121020121012010210120212012101202
02012101201021012021201210201021201020121012010210120212012102010
02012101201021012102120121012021201020121012010210121021201210120
02012101201021012102120210201021201020121012010210121021202102010
02012101201021201210120210121021201020121012010212012101202101210
02012101201021201210120210201021201020121012010212012101202102010
02012101201021201210120212010210121020121012010212012101202120102
02012101201021201210120212010212021020121012010212012101202120102
02012101201021201210201021012021201020121012010212012102010210120
02012101201021201210201021202101201020121012010212012102010212021
02012101201021201210212021012021201020121012010212012102120210120
02012101201021202101201020120210121020121012010212021012010201202
02012101201021202101202120102012021020121012010212021012021201020
02012101201021202101202120102101201020121012010212021012021201021
02012101201021202101202120121012021020121012010212021012021201210
02012101201021202101202120121021201020121012010212021012021201210
02012101201021202101210201021012021020121012010212021012102010210
02012101201021202101210201202101201020121012010212021012102012021
02012101201021202101210212010210121020121012010212021012102120102
02012101201021202102010210121021201020121012010212021020102101210
02012101201021202102012102120210121020121012010212021020121021202
02012101202101210201021012010212021020121012021012102010210120102
02012101202101210201021201210212021020121012021012102010212012102
02012101202101210201202102010210121020121012021012102012021020102
02012101202101210201202102010212021020121012021012102012021020102
02012101202101210201202120102012021020121012021012102012021201020
02012101202101210201202120102101201020121012021012102012021201021
02012101202101210201202120121021201020121012021012102012021201210
02012101202101210201210120102012021020121012021012102012101201020
02012101202101210212010201202101201020121012021012102120102012021
02012101202101210212010201210212021020121012021012102120102012102
02012101202101210212012102010210121020121012021012102120121020102
02012101202101210212012102010212021020121012021012102120121020102
02012101202101210212012102012021201020121012021012102120121020120
02012101202101210212021012010210121020121012021012102120210120102
02012101202101210212021012010212021020121012021012102120210120102
02012101202101210212021020102101201020121012021012102120210201021
02012101202101210212021020120210121020121012021012102120210201202
02012101202101210212021020121021201020121012021012102120210201210
02012101202102010210120102012021201020121012021020102101201020120
02012101202102010210120102120210121020121012021020102101201021202
02012101202102010210120212010210121020121012021020102101202120102
02012101202102010210120212010212021020121012021020102101202120102
02012101202102010210120212012101201020121012021020102101202120121
02012101202102010210121021202101201020121012021020102101210212021
02012101202102010212010201202101201020121012021020102120102012021
02012101202102010212010201210212021020121012021020102120102012102
02012101202102010212012102010210121020121012021020102120121020102
02012101202102010212012102012021201020121012021020102120121020120
02012101202102010212012102120210121020121012021020102120121021202
02012101202102010212021012010210121020121012021020102120210120102
02012101202102010212021020120210121020121012021020102120210201202
02012101202102010212021020121021201020121012021020102120210201210
02012101202102012021201020120210121020121012021020120212010201202
02012101202102012021201021202101201020121012021020120212010212021
02012101202102012021201210120210121020121012021020120212012101202
02012101202102012021201210201021201020121012021020120212012102010
02012101202102012102120121012021201020121012021020121021201210120
02012101202102012102120210121021201020121012021020121021202101210
02012101202102012102120210201021201020121012021020121021202102010
02012101202120102012021012010210121020121012021201020120210120102
02012101202120102012021012010212021020121012021201020120210120102
02012101202120102012021020102101201020121012021201020120210201021
02012101202120102012021020121021201020121012021201020120210201210
02012101202120102012021201210212021020121012021201020120212012102
02012101202120102012101201021012021020121012021201020121012010210
02012101202120102012102120102101201020121012021201020121021201021
02012101202120102101201020120210121020121012021201021012010201202
02012101202120102101202102010210121020121012021201021012021020102
02012101202120102101202102010212021020121012021201021012021020102
02012101202120102101202102012021201020121012021201021012021020120
02012101202120102101210201021012021020121012021201021012102010210
02012101202120102101210201202101201020121012021201021012102012021
02012101202120102101210212012101201020121012021201021012102120121
02012101202120102120210120102012021020121012021201021202101201020
02012101202120102120210201021012021020121012021201021202102010210
02012101202120102120210201202101201020121012021201021202102012021
02012101202120121012010201210212021020121012021201210120102012102
02012101202120121012010210121021201020121012021201210120102101210
02012101202120121020102101210212021020121012021201210201021012102
02012101202120121020102120102012021020121012021201210201021201020
02012101202120121020120210121021201020121012021201210201202101210
02012101202120121020120210201021201020121012021201210201202102010
02012101202120121020120212010210121020121012021201210201202120102
02012101202120121020120212010212021020121012021201210201202120102
02012101202120121021201020120210121020121012021201210212010201202
02012101202120121021201021012021201020121012021201210212010210120
02012101202120121021202102010210121020121012021201210212021020102
02012101202120121021202102012021201020121012021201210212021020120
02012102010210120102120121012021201020121020102101201021201210120
02012102010210120102120210121021201020121020102101201021202101210
02012102010210120102120210201021201020121020102101201021202102010
02012102010210120210201021202101201020121020102101202102010212021
02012102010210120212010201202101201020121020102101202120102012021
02012102010210120212010210121021201020121020102101202120102101210
02012102010210120212012102012021201020121020102101202120121020120
02012102010210121020120210121021201020121020102101210201202101210
02012102010210121020120210201021201020121020102101210201202102010
02012102010210121020120212012101201020121020102101210201202120121
02012102010210121021201021012021201020121020102101210212010210120
02012102010210121021201210201021201020121020102101210212012102010
02012102010210121021202102012021201020121020102101210212021020120
02012102010210121021202102012101201020121020102101210212021020121
02012102010212010201202102012101201020121020102120102012021020121
02012102010212010201202120102101201020121020102120102012021201021
02012102010212010201202120121021201020121020102120102012021201210
02012102010212010201210212012101201020121020102120102012102120121
02012102010212012101201021012021201020121020102120121012010210120
02012102010212012101201021202101201020121020102120121012010212021
02012102010212012101202102012021201020121020102120121012021020120
02012102010212012101202102012101201020121020102120121012021020121
02012102010212012101202120102101201020121020102120121012021201021
02012102010212012101202120121021201020121020102120121012021201210
02012102010212012102120210121021201020121020102120121021202101210
02012102010212012102120210201021201020121020102120121021202102010
02012102010212021012010210121021201020121020102120210120102101210
02012102010212021012010212012101201020121020102120210120102120121
02012102010212021012102120102101201020121020102120210121021201021
02012102010212021020120210121021201020121020102120210201202101210
02012102010212021020120212012101201020121020102120210201202120121
02012102010212021020121021202101201020121020102120210201210212021
02012102120102012021012102010212021020121021201020120210121020102
02012102120102012021012102012101201020121021201020120210121020121
02012102120102012021201021202101201020121021201020120212010212021
02012102120102012101202101210212021020121021201020121012021012102
02012102120102012101202102010212021020121021201020121012021020102
02012102120102012101202120102012021020121021201020121012021201020
02012102120102101201020121012021201020121021201021012010201210120
02012102120102101210201021012021201020121021201021012102010210120
02012102120102101210201021202101201020121021201021012102010212021
02012102120102101210212021012021201020121021201021012102120210120
02012102120121012010201210201021201020121021201210120102012102010
02012102120121012010212021012021201020121021201210120102120210120
02012102120121012021012102010212021020121021201210120210121020102
02012102120121012021012102012021201020121021201210120210121020120
02012102120121012021012102012101201020121021201210120210121020121
02012102120121012021201020121012021020121021201210120212010201210
02012102120121012021201021202101201020121021201210120212010212021
02012102120121012021201210201021201020121021201210120212012102010
02012102120210120102012102010212021020121021202101201020121020102
02012102120210120102101210201021201020121021202101201021012102010
02012102120210120102120121012021201020121021202101201021201210120
02012102120210120102120210201021201020121021202101201021202102010
02012102120210120212010201202101201020121021202101202120102012021
02012102120210120212010210121021201020121021202101202120102101210
02012102120210120212012102010212021020121021202101202120121020102
02012102120210120212012102012021201020121021202101202120121020120
02012102120210121020102120102012021020121021202101210201021201020
02012102120210121020102120121012021020121021202101210201021201210
02012102120210121020120210201021201020121021202101210201202102010
02012102120210121020120212010212021020121021202101210201202120102
02012102120210121020120212012101201020121021202101210201202120121
02012102120210121020121012010212021020121021202101210201210120102
02012102120210121021201020121012021020121021202101210212010201210
02012102120210121021201021012021201020121021202101210212010210120
02012102120210121021201210201021201020121021202101210212012102010
02012102120210201021012102012021201020121021202102010210121020120
02012102120210201021012102012101201020121021202102010210121020121
02012102120210201021201020121012021020121021202102010212010201210
02012102120210201202101210201021201020121021202102012021012102010
02012102120210201202120121012021201020121021202102012021201210120
02012102120210201210120102012021201020121021202102012101201020120
02012102120210201210120210121021201020121021202102012101202101210
02012102120210201210120210201021201020121021202102012101202102010
02012102120210201210120212012101201020121021202102012101202120121
02101201020120210121020102101210212021012010201202101210201021012
02101201020120210121020102120210201021012010201202101210201021202
02101201020120210121020120212010212021012010201202101210201202120
02101201020120210121020121012010212021012010201202101210201210120
02101201020120210121020121012021201021012010201202101210201210120
02101201020120210121021202102010212021012010201202101210212021020
02101201020120210201021012102010212021012010201202102010210121020
02101201020120210201021202101210201021012010201202102010212021012
02101201020120210201210120212010212021012010201202102012101202120
02101201020120212010201210120210201021012010201202120102012101202
02101201020120212010212021012021201021012010201202120102120210120
02101201020120212010212021012102012021012010201202120102120210121
02101201020120212012101202101210201021012010201202120121012021012
02101201020120212012101202101210212021012010201202120121012021012
02101201020120212012101202102010212021012010201202120121012021020
02101201020121012010210120212010212021012010201210120102101202120
02101201020121012010212012102010212021012010201210120102120121020
02101201020121012010212021012021201021012010201210120102120210120
02101201020121012010212021012102012021012010201210120102120210121
02101201020121012021012102012021201021012010201210120210121020120
02101201020121012021012102120102012021012010201210120210121021201
02101201020121012021012102120210201021012010201210120210121021202
02101201020121012021020102101210212021012010201210120210201021012
02101201020121012021020102120102012021012010201210120210201021201
02101201020121012021020120212010212021012010201210120210201202120
02101201020121012021201020120210201021012010201210120212010201202
02101201020121012021201020121021201021012010201210120212010201210
02101201020121012021201021012102012021012010201210120212010210121
02101201020121012021201021202102012021012010201210120212010212021
02101201020121020102101202102010212021012010201210201021012021020
02101201020121020102101202120102012021012010201210201021012021201
02101201020121020102120102012021201021012010201210201021201020120
02101201020121020102120121012010212021012010201210201021201210120
02101201020121020102120121012021201021012010201210201021201210120
02101201020121020102120210121021201021012010201210201021202101210
02101201020121020102120210201210212021012010201210201021202102012
02101201020121021201020120212010212021012010201210212010201202120
02101201020121021201021012102010212021012010201210212010210121020
02101201020121021201210120212010212021012010201210212012101202120
02101201020121021202101202120102012021012010201210212021012021201
02101201021012102010210120212010212021012010210121020102101202120
02101201021012102010212010201210212021012010210121020102120102012
02101201021012102010212021012102012021012010210121020102120210121
02101201021012102012101202101210212021012010210121020121012021012
02101201021012102012101202102010212021012010210121020121012021020
02101201021012102012101202120102012021012010210121020121012021201
02101201021012102120102012102010212021012010210121021201020121020
02101201021012102120210120212010212021012010210121021202101202120
02101201021201210120102012102010212021012010212012101201020121020
02101201021201210120212010201210201021012010212012101202120102012
02101201021201210120212010201210212021012010212012101202120102012
02101201021201210120212012102010212021012010212012101202120121020
02101201021201210201021202101210201021012010212012102010212021012
02101201021201210212021012102010212021012010212012102120210121020
02101201021202101202120102101210201021012010212021012021201021012
02101201021202101202120102120210201021012010212021012021201021202
02101201021202101210201021202102012021012010212021012102010212021
02101201021202101210201202120102012021012010212021012102012021201
02101201021202101210201210120102012021012010212021012102012101201
02101201021202101210201210120210201021012010212021012102012101202
02101201021202101210212010201210201021012010212021012102120102012
02101201021202102010212010201210201021012010212021020102120102012
02101201021202102010212010201210212021012010212021020102120102012
02101201021202102012101202101210201021012010212021020121012021012
02101201021202102012101202101210212021012010212021020121012021012
02101201021202102012101202120102012021012010212021020121012021201
02101202102010210121020121012021201021012021020102101210201210120
02101202102010212010201202101210201021012021020102120102012021012
02101202102010212012101202101210201021012021020102120121012021012
02101202102010212021012010201210201021012021020102120210120102012
02101202102010212021012021201210201021012021020102120210120212012
02101202102010212021012102012021201021012021020102120210121020120
02101202102010212021012102012101201021012021020102120210121020121
02101202102010212021020121012021201021012021020102120210201210120
02101202102012021201020121012021201021012021020120212010201210120
02101202102012021201021202101210201021012021020120212010212021012
02101202102012101201021202101210201021012021020121012010212021012
02101202102012101202120102012101201021012021020121012021201020121
02101202102012101202120102101210201021012021020121012021201021012
02101202102012101202120102120210201021012021020121012021201021202
02101202120102012021012010201210201021012021201020120210120102012
02101202120102012021012010201210212021012021201020120210120102012
02101202120102012021012102012101201021012021201020120210121020121
02101202120102012021012102120210201021012021201020120210121021202
02101202120102012021020102101210212021012021201020120210201021012
02101202120102012021020121012010212021012021201020120210201210120
02101202120102012021201210120210201021012021201020120212012101202
02101202120102012101201020120210201021012021201020121012010201202
02101202120102012101201021201210201021012021201020121012010212012
02101202120102012101201021201210212021012021201020121012010212012
02101202120102012101202120121021201021012021201020121012021201210
02101202120102012102010210121021201021012021201020121020102101210
02101202120102012102010212012101201021012021201020121020102120121
02101202120102012102120102101210201021012021201020121021201021012
02101202120102012102120102101210212021012021201020121021201021012
02101202120102012102120121012010212021012021201020121021201210120
02101202120102012102120210121021201021012021201020121021202101210
02101202120102101201020120212010212021012021201021012010201202120
02101202120102101201020121012010212021012021201021012010201210120
02101202120102101210201021012010212021012021201021012102010210120
02101202120102101210201021201210212021012021201021012102010212012
02101202120102101210201202101210212021012021201021012102012021012
02101202120102101210201202102010212021012021201021012102012021020
02101202120102101210201210120210201021012021201021012102012101202
02101202120102101210212010201210201021012021201021012102120102012
02101202120102101210212010201210212021012021201021012102120102012
02101202120102101210212012102010212021012021201021012102120121020
02101202120102120210120102012101201021012021201021202101201020121
02101202120102120210120102101210201021012021201021202101201021012
02101202120102120210120102101210212021012021201021202101201021012
02101202120102120210120212012101201021012021201021202101202120121
02101202120102120210121020120210201021012021201021202101210201202
02101202120102120210121021201210201021012021201021202101210212012
02101202120102120210201021012010212021012021201021202102010210120
02101202120102120210201021201210201021012021201021202102010212012
02101202120102120210201021201210212021012021201021202102010212012
02101202120102120210201202101210201021012021201021202102012021012
02101202120102120210201202101210212021012021201021202102012021012
02101202120102120210201210120210201021012021201021202102012101202
02101202120121012010201202101210201021012021201210120102012021012
02101202120121012010201202101210212021012021201210120102012021012
02101202120121012010201202102010212021012021201210120102012021020
02101202120121012010201210120210201021012021201210120102012101202
02101202120121012010210120212010212021012021201210120102101202120
02101202120121012010212012102010212021012021201210120102120121020
02101202120121012021012102012021201021012021201210120210121020120
02101202120121012021012102012101201021012021201210120210121020121
02101202120121012021012102120210201021012021201210120210121021202
02101202120121012021020102101210212021012021201210120210201021012
02101202120121012021020120212010212021012021201210120210201202120
02101202120121012021020121012010212021012021201210120210201210120
02101202120121020102101202102010212021012021201210201021012021020
02101202120121020102120102012021201021012021201210201021201020120
02101202120121020102120102012101201021012021201210201021201020121
02101202120121020102120121012010212021012021201210201021201210120
02101202120121020102120210121021201021012021201210201021202101210
02101202120121020102120210201210212021012021201210201021202102012
02101202120121020120212010201210201021012021201210201202120102012
02101202120121020120212010201210212021012021201210201202120102012
02101202120121021201020120212010212021012021201210212010201202120
02101202120121021201020121012010212021012021201210212010201210120
02101202120121021201021012102010212021012021201210212010210121020
02101210201021012010201202102010212021012102010210120102012021020
02101210201021012010201202120121012021012102010210120102012021201
02101210201021012010212012102010212021012102010210120102120121020
02101210201021012010212021012021201021012102010210120102120210120
02101210201021012010212021020121012021012102010210120102120210201
02101210201021012021020102120102012021012102010210120210201021201
02101210201021012021020102120121012021012102010210120210201021201
02101210201021012021020120212010212021012102010210120210201202120
02101210201021012021020121012010212021012102010210120210201210120
02101210201021012021020121012021201021012102010210120210201210120
02101210201021012021201020121021201021012102010210120212010201210
02101210201021012021201021202101201021012102010210120212010212021
02101210201021012021201021202102012021012102010210120212010212021
02101210201021012021201210120102012021012102010210120212012101201
02101210201021012102120121012010212021012102010210121021201210120
02101210201021012102120210120102012021012102010210121021202101201
02101210201021201020120210121021201021012102010212010201202101210
02101210201021201020120210201210212021012102010212010201202102012
02101210201021201020120212012101201021012102010212010201202120121
02101210201021201020120212012102012021012102010212010201202120121
02101210201021201020121021202101201021012102010212010201210212021
02101210201021201020121021202102012021012102010212010201210212021
02101210201021201210120102012021201021012102010212012101201020120
02101210201021201210120102101210212021012102010212012101201021012
02101210201021201210120102120210201021012102010212012101201021202
02101210201021201210120210121021201021012102010212012101202101210
02101210201021201210120210201210212021012102010212012101202102012
02101210201021201210120212012102012021012102010212012101202120121
02101210201021201210201202102010212021012102010212012102012021020
02101210201021201210201202120102012021012102010212012102012021201
02101210201021201210201202120121012021012102010212012102012021201
02101210201021201210212021012021201021012102010212012102120210120
02101210201021201210212021020121012021012102010212012102120210201
02101210201021202101201020120210201021012102010212021012010201202
02101210201021202101201020121021201021012102010212021012010201210
02101210201021202101201021201210212021012102010212021012010212012
02101210201021202101202120121021201021012102010212021012021201210
02101210201021202101210201202101201021012102010212021012102012021
02101210201021202101210212012101201021012102010212021012102120121
02101210201021202101210212012102012021012102010212021012102120121
02101210201021202102010210120102012021012102010212021020102101201
02101210201021202102012021012010212021012102010212021020120210120
02101210201021202102012021201210212021012102010212021020120212012
02101210201021202102012102120102012021012102010212021020121021201
02101210201021202102012102120121012021012102010212021020121021201
02101210201202101201020120212010212021012102012021012010201202120
02101210201202101201020121012010212021012102012021012010201210120
02101210201202101201020121012021201021012102012021012010201210120
02101210201202101201021012102010212021012102012021012010210121020
02101210201202101210212010201210201021012102012021012102120102012
02101210201202101210212021012021201021012102012021012102120210120
02101210201202102010210120212010212021012102012021020102101202120
02101210201202102010210121020121012021012102012021020102101210201
02101210201202102010212010201210201021012102012021020102120102012
02101210201202102010212010201210212021012102012021020102120102012
02101210201202102010212021012021201021012102012021020102120210120
02101210201202102010212021020121012021012102012021020102120210201
02101210201202120102012021012010212021012102012021201020120210120
02101210201202120102012021020121012021012102012021201020120210201
02101210201202120102012102120121012021012102012021201020121021201
02101210201202120102012102120210201021012102012021201020121021202
02101210201202120102101201020121012021012102012021201021012010201
02101210201202120102101202102010212021012102012021201021012021020
02101210201202120102101202120121012021012102012021201021012021201
02101210201202120102120210120102012021012102012021201021202101201
02101210201202120102120210121021201021012102012021201021202101210
02101210201202120102120210201210212021012102012021201021202102012
02101210201202120121012010201210201021012102012021201210120102012
02101210201202120121012010201210212021012102012021201210120102012
02101210201202120121020102101210212021012102012021201210201021012
02101210201202120121020102120102012021012102012021201210201021201
02101210201202120121020102120121012021012102012021201210201021201
02101210201202120121020102120210201021012102012021201210201021202
02101210201202120121021201020121012021012102012021201210212010201
02101210201202120121021202102010212021012102012021201210212021020
02101210201210120102012021012010212021012102012101201020120210120
02101210201210120102012021020121012021012102012101201020120210201
02101210201210120102012021201210201021012102012101201020120212012
02101210201210120102012021201210212021012102012101201020120212012
02101210201210120102012102120102012021012102012101201020121021201
02101210201210120102012102120121012021012102012101201020121021201
02101210201210120102012102120210201021012102012101201020121021202
02101210201210120102101202102010212021012102012101201021012021020
02101210201210120102101202120102012021012102012101201021012021201
02101210201210120102101202120121012021012102012101201021012021201
02101210201210120102120121012021201021012102012101201021201210120
02101210201210120102120210120102012021012102012101201021202101201
02101210201210120102120210121021201021012102012101201021202101210
02101210201210120102120210201210212021012102012101201021202102012
02101210201210120210121020120210201021012102012101202101210201202
02101210201210120210121021201210201021012102012101202101210212012
02101210201210120210121021202101201021012102012101202101210212021
02101210201210120210121021202102012021012102012101202101210212021
02101210201210120210201021012010212021012102012101202102010210120
02101210201210120210201021012021201021012102012101202102010210120
02101210201210120210201021201210201021012102012101202102010212012
02101210201210120210201021201210212021012102012101202102010212012
02101210201210120210201021202101201021012102012101202102010212021
02101210201210120210201021202102012021012102012101202102010212021
02101210201210120210201202120102012021012102012101202102012021201
02101210201210120210201202120121012021012102012101202102012021201
02101210201210120212010201202101201021012102012101202120102012021
02101210201210120212010210120102012021012102012101202120102101201
02101210201210120212010210120210201021012102012101202120102101202
02101210201210120212012102012021201021012102012101202120121020120
02101210201210120212012102120102012021012102012101202120121021201
02101210201210120212012102120210201021012102012101202120121021202
02101210212010201202101201020121012021012102120102012021012010201
02101210212010201202120102120210201021012102120102012021201021202
02101210212010201202120121012010212021012102120102012021201210120
02101210212010201202120121012021201021012102120102012021201210120
02101210212010201210120102012021201021012102120102012101201020120
02101210212010201210120102120121012021012102120102012101201021201
02101210212010201210120102120210201021012102120102012101201021202
02101210212010201210120210201210212021012102120102012101202102012
02101210212010201210120212012101201021012102120102012101202120121
02101210212010201210120212012102012021012102120102012101202120121
02101210212010201210201021012010212021012102120102012102010210120
02101210212010201210201021012021201021012102120102012102010210120
02101210212010201210201021012102012021012102120102012102010210121
02101210212010201210201021201210212021012102120102012102010212012
02101210212010201210201021202101201021012102120102012102010212021
02101210212010201210201021202102012021012102120102012102010212021
02101210212010201210212021012021201021012102120102012102120210120
02101210212010201210212021020121012021012102120102012102120210201
02101210212010210120102012102010212021012102120102101201020121020
02101210212010210120212010201210201021012102120102101202120102012
02101210212010210120212010201210212021012102120102101202120102012
02101210212010210120212012102010212021012102120102101202120121020
02101210212010210121020102120102012021012102120102101210201021201
02101210212010210121020102120121012021012102120102101210201021201
02101210212010210121020120212010212021012102120102101210201202120
02101210212010210121020121012010212021012102120102101210201210120
02101210212012101201020120212010212021012102120121012010201202120
02101210212012101201020121012021201021012102120121012010201210120
02101210212012101201021012102010212021012102120121012010210121020
02101210212012101201021202101210201021012102120121012010212021012
02101210212012101202120102012101201021012102120121012021201020121
02101210212012101202120102120210201021012102120121012021201021202
02101210212012102010210120212010212021012102120121020102101202120
02101210212012102010210121020121012021012102120121020102101210201
02101210212012102010212010201210201021012102120121020102120102012
02101210212012102010212010201210212021012102120121020102120102012
02101210212012102010212021012021201021012102120121020102120210120
02101210212012102010212021020121012021012102120121020102120210201
02101210212012102012021012102010212021012102120121020120210121020
02101210212012102012021201020121012021012102120121020120212010201
02101210212021012010201202101210201021012102120210120102012021012
02101210212021012010201202120121012021012102120210120102012021201
02101210212021012010201210120210201021012102120210120102012101202
02101210212021012010210121020121012021012102120210120102101210201
02101210212021012010212021020121012021012102120210120102120210201
02101210212021012021201020120210201021012102120210120212010201202
02101210212021012021201020121021201021012102120210120212010201210
02101210212021012021201021012102012021012102120210120212010210121
02101210212021012021201021202101201021012102120210120212010212021
02101210212021012021201021202102012021012102120210120212010212021
02101210212021012021201210120102012021012102120210120212012101201
02101210212021012021201210120210201021012102120210120212012101202
02101210212021012102010212012101201021012102120210121020102120121
02101210212021012102012021201210201021012102120210121020120212012
02101210212021020102101201020121012021012102120210201021012010201
02101210212021020102101202120102012021012102120210201021012021201
02101210212021020102101202120121012021012102120210201021012021201
02101210212021020102120102012021201021012102120210201021201020120
02101210212021020102120102012101201021012102120210201021201020121
02101210212021020102120121012010212021012102120210201021201210120
02101210212021020102120121012021201021012102120210201021201210120
02101210212021020102120210120102012021012102120210201021202101201
02101210212021020120210121020121012021012102120210201202101210201
02101210212021020120212010201210201021012102120210201202120102012
02101210212021020120212012102010212021012102120210201202120121020
02101210212021020121012010201210201021012102120210201210120102012
02101210212021020121012021201210201021012102120210201210120212012
02101210212021020121021201020121012021012102120210201210212010201
02102010210120102012021012102010212021020102101201020120210121020
02102010210120102012021201020121012021020102101201020120212010201
02102010210120102012101202101210212021020102101201020121012021012
02102010210120102012101202120102012021020102101201020121012021201
02102010210120102120210120212010212021020102101201021202101202120
02102010210120102120210121020121012021020102101201021202101210201
02102010210120210201210120212010212021020102101202102012101202120
02102010210120212010201202101210212021020102101202120102012021012
02102010210120212010201202120121012021020102101202120102012021201
02102010210120212010201210120102012021020102101202120102012101201
02102010210120212010210121020121012021020102101202120102101210201
02102010210120212010212021012102012021020102101202120102120210121
02102010210120212010212021020121012021020102101202120102120210201
02102010210120212012101201020121012021020102101202120121012010201
02102010210120212012101202101210212021020102101202120121012021012
02102010210121020102120121012010212021020102101210201021201210120
02102010210121020102120210120102012021020102101210201021202101201
02102010210121020120212010201210212021020102101210201202120102012
02102010210121020120212012102010212021020102101210201202120121020
02102010210121020121012010201210212021020102101210201210120102012
02102010210121020121012021012102012021020102101210201210120210121
02102010210121020121012021201021012021020102101210201210120212010
02102010210121020121012021201210212021020102101210201210120212012
02102010210121021201020120212010212021020102101210212010201202120
02102010210121021201020121012010212021020102101210212010201210120
02102010210121021201210120212010212021020102101210212012101202120
02102010210121021202101201020121012021020102101210212021012010201
02102010210121021202101202120102012021020102101210212021012021201
02102010210121021202101202120121012021020102101210212021012021201
02102010212010201202101201020121012021020102120102012021012010201
02102010212010201202101210201021012021020102120102012021012102010
02102010212010201202120102101210212021020102120102012021201021012
02102010212010201202120121012010212021020102120102012021201210120
02102010212010201210120102101210212021020102120102012101201021012
02102010212010201210120102120121012021020102120102012101201021201
02102010212010201210120210201210212021020102120102012101202102012
02102010212010201210120212012102012021020102120102012101202120121
02102010212010201210201021012010212021020102120102012102010210120
02102010212010201210201021012102012021020102120102012102010210121
02102010212010201210201021201210212021020102120102012102010212012
02102010212010201210212021012010212021020102120102012102120210120
02102010212010201210212021012102012021020102120102012102120210121
02102010212010201210212021020121012021020102120102012102120210201
02102010212012101201020120212010212021020102120121012010201202120
02102010212012101201021202101210212021020102120121012010212021012
02102010212012101202101210201021012021020102120121012021012102010
02102010212012101202120102101210212021020102120121012021201021012
02102010212012102010210120212010212021020102120121020102101202120
02102010212012102010210121020121012021020102120121020102101210201
02102010212012102012021201020121012021020102120121020120212010201
02102010212012102120210120212010212021020102120121021202101202120
02102010212012102120210121020121012021020102120121021202101210201
02102010212021012010201202101210212021020102120210120102012021012
02102010212021012010201202120121012021020102120210120102012021201
02102010212021012010201210201021012021020102120210120102012102010
02102010212021012010210121020121012021020102120210120102101210201
02102010212021012021201021012102012021020102120210120212010210121
02102010212021012021201210120102012021020102120210120212012101201
02102010212021012021201210201021012021020102120210120212012102010
02102010212021012102010210120102012021020102120210121020102101201
02102010212021012102010212012102012021020102120210121020102120121
02102010212021012102012021201021012021020102120210121020120212010
02102010212021012102012021201210212021020102120210121020120212012
02102010212021012102012101201021012021020102120210121020121012010
02102010212021020120210121020121012021020102120210201202101210201
02102010212021020121012021012102012021020102120210201210120210121
02102010212021020121012021201021012021020102120210201210120212010
02102010212021020121021201020121012021020102120210201210212010201
02102012021012010201210120212010212021020120210120102012101202120
02102012021012010212021012102010212021020120210120102120210121020
02102012021012102010210120212010212021020120210121020102101202120
02102012021012102010212010201210212021020120210121020102120102012
02102012021012102012101202101210212021020120210121020121012021012
02102012021012102012101202102010212021020120210121020121012021020
02102012021012102120102012102010212021020120210121021201020121020
02102012021012102120210120212010212021020120210121021202101202120
02102012021201020120210121020121012021020120212010201202101210201
02102012021201020121012021201021012021020120212010201210120212010
02102012021201020121012021201210212021020120212010201210120212012
02102012021201020121020102101210212021020120212010201210201021012
02102012021201020121020102120121012021020120212010201210201021201
02102012021201021202101201020121012021020120212010212021012010201
02102012021201021202101202120121012021020120212010212021012021201
02102012021201021202101210201021012021020120212010212021012102010
02102012021201210120102012102010212021020120212012101201020121020
02102012021201210120210121020121012021020120212012101202101210201
02102012021201210120212010201210212021020120212012101202120102012
02102012021201210201021201020121012021020120212012102010212010201
02102012021201210201021202101210212021020120212012102010212021012
02102012021201210212021012102010212021020120212012102120210121020
02102012101201020120212010201210212021020121012010201202120102012
02102012101201020120212012102010212021020121012010201202120121020
02102012101201020121020102101210212021020121012010201210201021012
02102012101201020121020102120102012021020121012010201210201021201
02102012101201020121020102120121012021020121012010201210201021201
02102012101201021201210120212010212021020121012010212012101202120
02102012101201021202101202120102012021020121012010212021012021201
02102012101201021202101202120121012021020121012010212021012021201
02102012101201021202101210201021012021020121012010212021012102010
02102012101202101210201021012010212021020121012021012102010210120
02102012101202101210201021201210212021020121012021012102010212012
02102012101202101210201202102010212021020121012021012102012021020
02102012101202101210201202120102012021020121012021012102012021201
02102012101202101210201210120102012021020121012021012102012101201
02102012101202101210212010201210212021020121012021012102120102012
02102012101202101210212012102010212021020121012021012102120121020
02102012101202101210212021012010212021020121012021012102120210120
02102012101202102010210120212010212021020121012021020102101202120
02102012101202102010212010201210212021020121012021020102120102012
02102012101202120102012021012010212021020121012021201020120210120
02102012101202120102012021201210212021020121012021201020120212012
02102012101202120102012101201021012021020121012021201020121012010
02102012101202120102101202102010212021020121012021201021012021020
02102012101202120102101210201021012021020121012021201021012102010
02102012101202120102120210120102012021020121012021201021202101201
02102012101202120102120210201021012021020121012021201021202102010
02102012101202120121012010201210212021020121012021201210120102012
02102012101202120121020102101210212021020121012021201210201021012
02102012101202120121020102120102012021020121012021201210201021201
02102012101202120121020120212010212021020121012021201210201202120
02102012102120102012021012102010212021020121021201020120210121020
02102012102120102012101202101210212021020121021201020121012021012
02102012102120102012101202102010212021020121021201020121012021020
02102012102120102012101202120102012021020121021201020121012021201
02102012102120121012021012102010212021020121021201210120210121020
02102012102120121012021201020121012021020121021201210120212010201
02102012102120210120102012102010212021020121021202101201020121020
02102012102120210120212012102010212021020121021202101202120121020
02102012102120210121020102120102012021020121021202101210201021201
02102012102120210121020102120121012021020121021202101210201021201
02102012102120210121020120212010212021020121021202101210201202120
02102012102120210121020121012010212021020121021202101210201210120
02102012102120210121021201020121012021020121021202101210212010201
02102012102120210201021201020121012021020121021202102010212010201
02120102012021012010201210120210121021201020120210120102012101202
02120102012021012010201210120210201021201020120210120102012101202
02120102012021012010201210201021012021201020120210120102012102010
02120102012021012010201210212021012021201020120210120102012102120
02120102012021012010210121020121012021201020120210120102101210201
02120102012021012010212021012102012021201020120210120102120210121
02120102012021012010212021020121012021201020120210120102120210201
02120102012021012102010210120210201021201020120210121020102101202
02120102012021012102010212012102012021201020120210121020102120121
02120102012021012102010212021020121021201020120210121020102120210
02120102012021012102012021201210201021201020120210121020120212012
02120102012021012102012101201020121021201020120210121020121012010
02120102012021012102012101201021012021201020120210121020121012010
02120102012021012102012101202102012021201020120210121020121012021
02120102012021012102012101202120121021201020120210121020121012021
02120102012021012102120102101210201021201020120210121021201021012
02120102012021012102120210201021012021201020120210121021202102010
02120102012021020102101201020121012021201020120210201021012010201
02120102012021020102101210212021012021201020120210201021012102120
02120102012021020121012010201210201021201020120210201210120102012
02120102012021020121012010212021012021201020120210201210120102120
02120102012021020121012021012102012021201020120210201210120210121
02120102012021020121012021201210201021201020120210201210120212012
02120102012021020121021201020121012021201020120210201210212010201
02120102012021020121021202101210201021201020120210201210212021012
02120102012021201021012010201210201021201020120212010210120102012
02120102012021201021012021201210201021201020120212010210120212012
02120102012021201021012102120210201021201020120212010210121021202
02120102012021201021202101201020121021201020120212010212021012010
02120102012021201021202101202120121021201020120212010212021012021
02120102012021201021202102010210121021201020120212010212021020102
02120102012021201210120102101210201021201020120212012101201021012
02120102012021201210120102120210121021201020120212012101201021202
02120102012021201210120102120210201021201020120212012101201021202
02120102012021201210120210201021012021201020120212012101202102010
02120102012021201210120212010210121021201020120212012101202120102
02120102012021201210201202101210201021201020120212012102012021012
02120102012021201210212010201210201021201020120212012102120102012
02120102012021201210212021020121012021201020120212012102120210201
02120102012101201020120210201021012021201020121012010201202102010
02120102012101201020120212010210121021201020121012010201202120102
02120102012101201021012021020121012021201020121012010210120210201
02120102012101201021012021201210201021201020121012010210120212012
02120102012101201021012102120121012021201020121012010210121021201
02120102012101201021012102120210201021201020121012010210121021202
02120102012101201021201210120210121021201020121012010212012101202
02120102012101201021201210120210201021201020121012010212012101202
02120102012101201021201210201021012021201020121012010212012102010
02120102012101201021201210212021012021201020121012010212012102120
02120102012101201021202101202120121021201020121012010212021012021
02120102012101201021202102010210121021201020121012010212021020102
02120102012101202101210201202120121021201020121012021012102012021
02120102012101202101210212012102012021201020121012021012102120121
02120102012101202101210212021020121021201020121012021012102120210
02120102012101202102010210120102012021201020121012021020102101201
02120102012101202102010212012102012021201020121012021020102120121
02120102012101202102010212021020121021201020121012021020102120210
02120102012101202102012021201210201021201020121012021020120212012
02120102012101202102012102120121012021201020121012021020121021201
02120102012101202102012102120210121021201020121012021020121021202
02120102012101202102012102120210201021201020121012021020121021202
02120102012101202120102012021020121021201020121012021201020120210
02120102012101202120102101202102012021201020121012021201021012021
02120102012101202120121012010210121021201020121012021201210120102
02120102012101202120121020120210121021201020121012021201210201202
02120102012101202120121020120210201021201020121012021201210201202
02120102012101202120121021201021012021201020121012021201210212010
02120102012101202120121021202102012021201020121012021201210212021
02120102012102010210120102120121012021201020121020102101201021201
02120102012102010210120102120210121021201020121020102101201021202
02120102012102010210120102120210201021201020121020102101201021202
02120102012102010210120212010210121021201020121020102101202120102
02120102012102010210120212012102012021201020121020102101202120121
02120102012102010210121020120210121021201020121020102101210201202
02120102012102010210121020120210201021201020121020102101210201202
02120102012102010210121021201021012021201020121020102101210212010
02120102012102010210121021201210201021201020121020102101210212012
02120102012102010210121021202102012021201020121020102101210212021
02120102012102010212010201202120121021201020121020102120102012021
02120102012102010212012101201021012021201020121020102120121012010
02120102012102010212012101202102012021201020121020102120121012021
02120102012102010212012101202120121021201020121020102120121012021
02120102012102010212012102120210121021201020121020102120121021202
02120102012102010212012102120210201021201020121020102120121021202
02120102012102010212021012010210121021201020121020102120210120102
02120102012102010212021020120210121021201020121020102120210201202
02120102012102120102101201020121012021201020121021201021012010201
02120102012102120102101210201021012021201020121021201021012102010
02120102012102120102101210212021012021201020121021201021012102120
02120102012102120121012010201210201021201020121021201210120102012
02120102012102120121012010212021012021201020121021201210120102120
02120102012102120121012021012102012021201020121021201210120210121
02120102012102120121012021201210201021201020121021201210120212012
02120102012102120210120102101210201021201020121021202101201021012
02120102012102120210120102120121012021201020121021202101201021201
02120102012102120210120102120210201021201020121021202101201021202
02120102012102120210120212010210121021201020121021202101202120102
02120102012102120210120212012102012021201020121021202101202120121
02120102012102120210121020120210201021201020121021202101210201202
02120102012102120210121021201021012021201020121021202101210212010
02120102012102120210121021201210201021201020121021202101210212012
02120102012102120210201021012102012021201020121021202102010210121
02120102012102120210201202101210201021201020121021202102012021012
02120102012102120210201202120121012021201020121021202102012021201
02120102012102120210201210120102012021201020121021202102012101201
02120102012102120210201210120210121021201020121021202102012101202
02120102012102120210201210120210201021201020121021202102012101202
02120102101201020120210121020121012021201021012010201202101210201
02120102101201020120212010212021012021201021012010201202120102120
02120102101201020121012010212021012021201021012010201210120102120
02120102101201020121012021012102012021201021012010201210120210121
02120102101201020121012021201020121021201021012010201210120212010
02120102101201020121020102120102012021201021012010201210201021201
02120102101201020121020102120121012021201021012010201210201021201
02120102101201020121020102120210121021201021012010201210201021202
02120102101202102010210121020121012021201021012021020102101210201
02120102101202102010212021012102012021201021012021020102120210121
02120102101202102010212021020121012021201021012021020102120210201
02120102101202102012021201020121012021201021012021020120212010201
02120102101202120102012101202120121021201021012021201020121012021
02120102101202120102012102010210121021201021012021201020121020102
02120102101202120102012102120210121021201021012021201020121021202
02120102101202120121012021012102012021201021012021201210120210121
02120102101202120121020102120102012021201021012021201210201021201
02120102101202120121020102120210121021201021012021201210201021202
02120102101210201021012010212021012021201021012102010210120102120
02120102101210201021012021020121012021201021012102010210120210201
02120102101210201021012021201020121021201021012102010210120212010
02120102101210201021201020120210121021201021012102010212010201202
02120102101210201021201210120102012021201021012102010212012101201
02120102101210201021201210120210121021201021012102010212012101202
02120102101210201021201210212021012021201021012102010212012102120
02120102101210201021202101201020121021201021012102010212021012010
02120102101210201021202101202120121021201021012102010212021012021
02120102101210201202101201020121012021201021012102012021012010201
02120102101210201202101210212021012021201021012102012021012102120
02120102101210201202102010212021012021201021012102012021020102120
02120102101210201202120102120210121021201021012102012021201021202
02120102101210201210120102120121012021201021012102012101201021201
02120102101210201210120102120210121021201021012102012101201021202
02120102101210201210120210201021012021201021012102012101202102010
02120102101210201210120212012102012021201021012102012101202120121
02120102101210212010201202120121012021201021012102120102012021201
02120102101210212010201210120102012021201021012102120102012101201
02120102101210212010201210201021012021201021012102120102012102010
02120102101210212010201210212021012021201021012102120102012102120
02120102101210212012101201020121012021201021012102120121012010201
02120102101210212012102010212021012021201021012102120121020102120
02120102101210212021012021201020121021201021012102120210120212010
02120102101210212021020102120102012021201021012102120210201021201
02120102101210212021020102120121012021201021012102120210201021201
02120102120210120102012021012102012021201021202101201020120210121
02120102120210120102012021020121012021201021202101201020120210201
02120102120210120102012101201021012021201021202101201020121012010
02120102120210120102012101202102012021201021202101201020121012021
02120102120210120102012102120102012021201021202101201020121021201
02120102120210120102012102120121012021201021202101201020121021201
02120102120210120102101210201021012021201021202101201021012102010
02120102120210120102101210212021012021201021202101201021012102120
02120102120210120212010210120102012021201021202101202120102101201
02120102120210120212012101201021012021201021202101202120121012010
02120102120210120212012101202102012021201021202101202120121012021
02120102120210120212012102120102012021201021202101202120121021201
02120102120210121020102101202102012021201021202101210201021012021
02120102120210121020120210120102012021201021202101210201202101201
02120102120210121020120210201021012021201021202101210201202102010
02120102120210121021201021012102012021201021202101210212010210121
02120102120210121021201210120102012021201021202101210212012101201
02120102120210121021201210201021012021201021202101210212012102010
02120102120210201021012010212021012021201021202102010210120102120
02120102120210201021012021020121012021201021202102010210120210201
02120102120210201021012102120102012021201021202102010210121021201
02120102120210201021012102120121012021201021202102010210121021201
02120102120210201021201210120102012021201021202102010212012101201
02120102120210201021201210201021012021201021202102010212012102010
02120102120210201021201210212021012021201021202102010212012102120
02120102120210201202101201020121012021201021202102012021012010201
02120102120210201202101210201021012021201021202102012021012102010
02120102120210201202101210212021012021201021202102012021012102120
02120102120210201210120102120121012021201021202102012101201021201
02120102120210201210120210201021012021201021202102012101202102010
02120102120210201210120212012102012021201021202102012101202120121
02120102120210201210212021012102012021201021202102012102120210121
02120121012010201202101210201021012021201210120102012021012102010
02120121012010201202101210212021012021201210120102012021012102120
02120121012010201202102010212021012021201210120102012021020102120
02120121012010201202120102101210201021201210120102012021201021012
02120121012010201202120102120210121021201210120102012021201021202
02120121012010201202120102120210201021201210120102012021201021202
02120121012010201210120210201021012021201210120102012101202102010
02120121012010201210120212010210121021201210120102012101202120102
02120121012010201210201021012102012021201210120102012102010210121
02120121012010201210201021201020121021201210120102012102010212010
02120121012010201210201021202101201021201210120102012102010212021
02120121012010201210201021202102012021201210120102012102010212021
02120121012010201210212021012102012021201210120102012102120210121
02120121012010201210212021020121012021201210120102012102120210201
02120121012010210120212010201210201021201210120102101202120102012
02120121012010210120212010212021012021201210120102101202120102120
02120121012010210121020102120102012021201210120102101210201021201
02120121012010210121020102120210121021201210120102101210201021202
02120121012010210121021201020121012021201210120102101210212010201
02120121012010210121021202101210201021201210120102101210212021012
02120121012010212012102010212021012021201210120102120121020102120
02120121012010212021012010201210201021201210120102120210120102012
02120121012010212021012021201020121021201210120102120210120212010
02120121012010212021012021201210201021201210120102120210120212012
02120121012010212021012102010210121021201210120102120210121020102
02120121012010212021012102120102012021201210120102120210121021201
02120121012010212021012102120210201021201210120102120210121021202
02120121012010212021020102101210201021201210120102120210201021012
02120121012010212021020102120102012021201210120102120210201021201
02120121012021012102010210120102012021201210120210121020102101201
02120121012021012102010210120210201021201210120210121020102101202
02120121012021012102010212012102012021201210120210121020102120121
02120121012021012102010212021020121021201210120210121020102120210
02120121012021012102012021201020121021201210120210121020120212010
02120121012021012102012021201021012021201210120210121020120212010
02120121012021012102012021201210201021201210120210121020120212012
02120121012021012102012101201020121021201210120210121020121012010
02120121012021012102012101201021012021201210120210121020121012010
02120121012021012102012101202102012021201210120210121020121012021
02120121012021012102120102012101201021201210120210121021201020121
02120121012021012102120102101210201021201210120210121021201021012
02120121012021012102120210120102012021201210120210121021202101201
02120121012021012102120210201021012021201210120210121021202102010
02120121012021020102101202120102012021201210120210201021012021201
02120121012021020102101210212021012021201210120210201021012102120
02120121012021020102120102012101201021201210120210201021201020121
02120121012021020102120210120102012021201210120210201021202101201
02120121012021020120212010201210201021201210120210201202120102012
02120121012021020120212010212021012021201210120210201202120102120
02120121012021020121012010201210201021201210120210201210120102012
02120121012021020121012010212021012021201210120210201210120102120
02120121012021020121021202101210201021201210120210201210212021012
02120121012021201020121012010210121021201210120212010201210120102
02120121012021201020121012021020121021201210120212010201210120210
02120121012021201020121020102101201021201210120212010201210201021
02120121012021201020121021202101201021201210120212010201210212021
02120121012021201020121021202102012021201210120212010201210212021
02120121012021201021012010201210201021201210120212010210120102012
02120121012021201021012102012101201021201210120212010210121020121
02120121012021201021012102120102012021201210120212010210121021201
02120121012021201021012102120210201021201210120212010210121021202
02120121012021201021202101201020121021201210120212010212021012010
02120121012021201021202102010210121021201210120212010212021020102
02120121012021201021202102012101201021201210120212010212021020121
02120121012021201210201021201020121021201210120212012102010212010
02120121012021201210201021202101201021201210120212012102010212021
02120121012021201210201202101210201021201210120212012102012021012
02120121012021201210212010201210201021201210120212012102120102012
02120121020102101202102010212021012021201210201021012021020102120
02120121020102101202120102012101201021201210201021012021201020121
02120121020102101202120102120210121021201210201021012021201021202
02120121020102101202120102120210201021201210201021012021201021202
02120121020102101210201210120102012021201210201021012102012101201
02120121020102101210201210120210121021201210201021012102012101202
02120121020102101210201210120210201021201210201021012102012101202
02120121020102101210212021012102012021201210201021012102120210121
02120121020102101210212021020121012021201210201021012102120210201
02120121020102120102012021012102012021201210201021201020120210121
02120121020102120102012021020121012021201210201021201020120210201
02120121020102120102012021201021012021201210201021201020120212010
02120121020102120102012101201021012021201210201021201020121012010
02120121020102120102012101202102012021201210201021201020121012021
02120121020102120102012102010210121021201210201021201020121020102
02120121020102120102012102120121012021201210201021201020121021201
02120121020102120102012102120210121021201210201021201020121021202
02120121020102120121012010212021012021201210201021201210120102120
02120121020102120121012021012102012021201210201021201210120210121
02120121020102120210120102012101201021201210201021202101201020121
02120121020102120210120102120121012021201210201021202101201021201
02120121020102120210120212010210121021201210201021202101202120102
02120121020102120210120212012101201021201210201021202101202120121
02120121020102120210121020102101201021201210201021202101210201021
02120121020102120210121021201021012021201210201021202101210212010
02120121020102120210121021202102012021201210201021202101210212021
02120121020102120210201021012102012021201210201021202102010210121
02120121020102120210201210120102012021201210201021202102012101201
02120121020102120210201210120210121021201210201021202102012101202
02120121020102120210201210212021012021201210201021202102012102120
02120121020120210121020102120102012021201210201202101210201021201
02120121020120210121020102120121012021201210201202101210201021201
02120121020120210121020102120210121021201210201202101210201021202
02120121020120210121021201020121012021201210201202101210212010201
02120121020120210201021201020121012021201210201202102010212010201
02120121020120210201021202101210201021201210201202102010212021012
02120121020120212010201202101210201021201210201202120102012021012
02120121020120212010201210120210121021201210201202120102012101202
02120121020120212010201210120210201021201210201202120102012101202
02120121020120212010201210201021012021201210201202120102012102010
02120121020120212010201210212021012021201210201202120102012102120
02120121020120212010210121020121012021201210201202120102101210201
02120121020120212010212021020121012021201210201202120102120210201
02120121020120212012101202101210201021201210201202120121012021012
02120121021201020120210121020121012021201210212010201202101210201
02120121021201020120212010212021012021201210212010201202120102120
02120121021201020121012010212021012021201210212010201210120102120
02120121021201020121012021012102012021201210212010201210120210121
02120121021201020121020102120102012021201210212010201210201021201
02120121021201020121020102120121012021201210212010201210201021201
02120121021201021012021201020121012021201210212010210120212010201
02120121021201021012102010212021012021201210212010210121020102120
02120121021202101202120102012101201021201210212021012021201020121
02120121021202101202120102101210201021201210212021012021201021012
02120121021202101202120102120210201021201210212021012021201021202
02120121021202101210201021202101201021201210212021012102010212021
02120121021202101210201021202102012021201210212021012102010212021
02120121021202101210201210120102012021201210212021012102012101201
02120121021202101210201210120210201021201210212021012102012101202
02120121021202101210212010201210201021201210212021012102120102012
02120121021202102010210121020121012021201210212021020102101210201
02120121021202102010212010201210201021201210212021020102120102012
02120121021202102010212021012102012021201210212021020102120210121
02120121021202102012021201020121012021201210212021020120212010201
02120121021202102012101202101210201021201210212021020121012021012
02120121021202102012101202120102012021201210212021020121012021201
02120210120102012021012102010210121021202101201020120210121020102
02120210120102012021012102012021201021202101201020120210121020120
02120210120102012021012102012101201021202101201020120210121020121
02120210120102012021012102120210201021202101201020120210121021202
02120210120102012021020102101210201021202101201020120210201021012
02120210120102012021020121012021201021202101201020120210201210120
02120210120102012021201210120210121021202101201020120212012101202
02120210120102012021201210120210201021202101201020120212012101202
02120210120102012101201021012021201021202101201020121012010210120
02120210120102012101201021201210201021202101201020121012010212012
02120210120102012101202102010210121021202101201020121012021020102
02120210120102012101202102012021201021202101201020121012021020120
02120210120102012102010210120210201021202101201020121020102101202
02120210120102012102010212012101201021202101201020121020102120121
02120210120102012102010212021020121021202101201020121020102120210
02120210120102012102120102012021201021202101201020121021201020120
02120210120102012102120102101210201021202101201020121021201021012
02120210120102012102120121012021201021202101201020121021201210120
02120210120102101210201021012021201021202101201021012102010210120
02120210120102101210201021201020121021202101201021012102010212010
02120210120102101210201210120210121021202101201021012102012101202
02120210120102101210201210120210201021202101201021012102012101202
02120210120102101210212010201210201021202101201021012102120102012
02120210120102101210212021012021201021202101201021012102120210120
02120210120102120121012010201210201021202101201021201210120102012
02120210120102120121012021201020121021202101201021201210120212010
02120210120102120121012021201210201021202101201021201210120212012
02120210120102120121021202101210201021202101201021201210212021012
02120210120102120210201021201020121021202101201021202102010212010
02120210120102120210201210120210121021202101201021202102012101202
02120210120212010201202101201020121021202101202120102012021012010
02120210120212010201202102010210121021202101202120102012021020102
02120210120212010201202102012101201021202101202120102012021020121
02120210120212010201210120102120121021202101202120102012101201021
02120210120212010201210212010210121021202101202120102012102120102
02120210120212010201210212012101201021202101202120102012102120121
02120210120212010210120102012021201021202101202120102101201020120
02120210120212010210120102012101201021202101202120102101201020121
02120210120212010210121020102101201021202101202120102101210201021
02120210120212010210121020102120121021202101202120102101210201021
02120210120212010210121020120210121021202101202120102101210201202
02120210120212010210121020120210201021202101202120102101210201202
02120210120212010210121021201020121021202101202120102101210212010
02120210120212010210121021201210201021202101202120102101210212012
02120210120212010212021012010210121021202101202120102120210120102
02120210120212010212021020102101201021202101202120102120210201021
02120210120212010212021020102120121021202101202120102120210201021
02120210120212010212021020120210121021202101202120102120210201202
02120210120212012101201020120210121021202101202120121012010201202
02120210120212012101201020120210201021202101202120121012010201202
02120210120212012101201021012021201021202101202120121012010210120
02120210120212012101201021201210201021202101202120121012010212012
02120210120212012101202102010210121021202101202120121012021020102
02120210120212012101202102012021201021202101202120121012021020120
02120210120212012101202102012101201021202101202120121012021020121
02120210120212012102010210120210201021202101202120121020102101202
02120210120212012102010212012101201021202101202120121020102120121
02120210120212012102010212021020121021202101202120121020102120210
02120210120212012102012021201020121021202101202120121020120212010
02120210120212012102120102012021201021202101202120121021201020120
02120210120212012102120102012101201021202101202120121021201020121
02120210120212012102120102101210201021202101202120121021201021012
02120210121020102101201020120210201021202101210201021012010201202
02120210121020102101201021201210201021202101210201021012010212012
02120210121020102101202102012021201021202101210201021012021020120
02120210121020102101202102012101201021202101210201021012021020121
02120210121020102101210212012101201021202101210201021012102120121
02120210121020102120102012021020121021202101210201021201020120210
02120210121020102120121012010210121021202101210201021201210120102
02120210121020102120121012021020121021202101210201021201210120210
02120210121020102120121020120210201021202101210201021201210201202
02120210121020102120210120102120121021202101210201021202101201021
02120210121020102120210201202101201021202101210201021202102012021
02120210121020102120210201202120121021202101210201021202102012021
02120210121020120210120102012021201021202101210201202101201020120
02120210121020120210120102012101201021202101210201202101201020121
02120210121020120210120102101210201021202101210201202101201021012
02120210121020120210201021012021201021202101210201202102010210120
02120210121020120210201021201020121021202101210201202102010212010
02120210121020120212010201202101201021202101210201202120102012021
02120210121020120212010210120210201021202101210201202120102101202
02120210121020120212010212021020121021202101210201202120102120210
02120210121020120212012101201020121021202101210201202120121012010
02120210121020120212012102010210121021202101210201202120121020102
02120210121020120212012102120210201021202101210201202120121021202
02120210121020121012010201202101201021202101210201210120102012021
02120210121020121012010201202120121021202101210201210120102012021
02120210121020121012010210120210201021202101210201210120102101202
02120210121020121012010212021020121021202101210201210120102120210
02120210121020121012021020102101201021202101210201210120210201021
02120210121020121012021020102120121021202101210201210120210201021
02120210121021201020120212012101201021202101210212010201202120121
02120210121021201020121012021020121021202101210212010201210120210
02120210121021201020121020102101201021202101210212010201210201021
02120210121021201020121020102120121021202101210212010201210201021
02120210121021201021012010201210201021202101210212010210120102012
02120210121021201021012021201020121021202101210212010210120212010
02120210121021201021012021201210201021202101210212010210120212012
02120210121021201021012102012021201021202101210212010210121020120
02120210121021201021012102012101201021202101210212010210121020121
02120210121021201210120102012021201021202101210212012101201020120
02120210121021201210120102101210201021202101210212012101201021012
02120210121021201210201021012021201021202101210212012102010210120
02120210121021201210201021201020121021202101210212012102010212010
02120210121021201210201202101210201021202101210212012102012021012
02120210121021202102010212012101201021202101210212021020102120121
02120210121021202102012021201210201021202101210212021020120212012
02120210201021012010201202101210201021202102010210120102012021012
02120210201021012010201210120210121021202102010210120102012101202
02120210201021012010212021012021201021202102010210120102120210120
02120210201021012021020121012021201021202102010210120210201210120
02120210201021012021201020120210121021202102010210120212010201202
02120210201021012021201210120210121021202102010210120212012101202
02120210201021012102010212012101201021202102010210121020102120121
02120210201021012102012021201020121021202102010210121020120212010
02120210201021012102012021201210201021202102010210121020120212012
02120210201021012102012101201020121021202102010210121020121012010
02120210201021012102012101202120121021202102010210121020121012021
02120210201021012102120102012021201021202102010210121021201020120
02120210201021012102120102012101201021202102010210121021201020121
02120210201021012102120121012021201021202102010210121021201210120
02120210201021201020120212010210121021202102010212010201202120102
02120210201021201020120212012101201021202102010212010201202120121
02120210201021201020121012010210121021202102010212010201210120102
02120210201021201020121012021020121021202102010212010201210120210
02120210201021201020121020102101201021202102010212010201210201021
02120210201021201020121020102120121021202102010212010201210201021
02120210201021201020121021202101201021202102010212010201210212021
02120210201021201210120102012021201021202102010212012101201020120
02120210201021201210120102120210121021202102010212012101201021202
02120210201021201210120212010210121021202102010212012101202120102
02120210201021201210201021012021201021202102010212012102010210120
02120210201021201210212021012021201021202102010212012102120210120
02120210201021202101201020120210121021202102010212021012010201202
02120210201021202101210201202120121021202102010212021012102012021
02120210201202101201020121012021201021202102012021012010201210120
02120210201202101201021202101210201021202102012021012010212021012
02120210201202101210201021012021201021202102012021012102010210120
02120210201202101210201021201020121021202102012021012102010212010
02120210201202101210201210120210121021202102012021012102012101202
02120210201202101210201210120210201021202102012021012102012101202
02120210201202101210212010201210201021202102012021012102120102012
02120210201202101210212021012021201021202102012021012102120210120
02120210201202120102012101202120121021202102012021201020121012021
02120210201202120102012102010210121021202102012021201020121020102
02120210201202120121012010201210201021202102012021201210120102012
02120210201202120121012021201020121021202102012021201210120212010
02120210201202120121020102120210121021202102012021201210201021202
02120210201202120121021202101210201021202102012021201210212021012
02120210201210120102012021201020121021202102012101201020120212010
02120210201210120102012021201210201021202102012101201020120212012
02120210201210120102012102010210121021202102012101201020121020102
02120210201210120102120121012021201021202102012101201021201210120
02120210201210120210121020102101201021202102012101202101210201021
02120210201210120210121020102120121021202102012101202101210201021
02120210201210120210121020120210201021202102012101202101210201202
02120210201210120210121021201020121021202102012101202101210212010
02120210201210120210121021201210201021202102012101202101210212012
02120210201210120210121021202101201021202102012101202101210212021
02120210201210120210201021012021201021202102012101202102010210120
02120210201210120210201021201020121021202102012101202102010212010
02120210201210120212010201202101201021202102012101202120102012021
02120210201210120212010201202120121021202102012101202120102012021
02120210201210120212010210120210201021202102012101202120102101202
02120210201210120212012101201020121021202102012101202120121012010
02120210201210120212012102010210121021202102012101202120121020102
02120210201210120212012102012021201021202102012101202120121020120
02120210201210212010201202101210201021202102012102120102012021012
02120210201210212010201210120210121021202102012102120102012101202
02120210201210212010201210120210201021202102012102120102012101202
02120210201210212012101202101210201021202102012102120121012021012
02120210201210212021012010201210201021202102012102120210120102012
02120210201210212021012021201210201021202102012102120210120212012
02120210201210212021012102012021201021202102012102120210121020120
02120210201210212021012102012101201021202102012102120210121020121
10120102012021012010212021012102012101201020120210120102120210121
10120102012021012102010210120212012101201020120210121020102101202
10120102012021012102010210121021202101201020120210121020102101210
10120102012021012102010212021020102101201020120210121020102120210
10120102012021012102012021201021202101201020120210121020120212010
10120102012021012102012101201021202101201020120210121020121012010
10120102012021012102012101202120102101201020120210121020121012021
10120102012021012102120210120212012101201020120210121021202101202
10120102012021012102120210201021202101201020120210121021202102010
10120102012021020102101202120102012101201020120210201021012021201
10120102012021020102101210201021202101201020120210201021012102010
10120102012021020102120210120212012101201020120210201021202101202
10120102012021020102120210121020102101201020120210201021202101210
10120102012021020121012021012102012101201020120210201210120210121
10120102012021020121012021201021202101201020120210201210120212010
10120102012021201020121012021020102101201020120212010201210120210
10120102012021201020121021202102012101201020120212010201210212021
10120102012021201021012102010212012101201020120212010210121020102
10120102012021201021012102120102012101201020120212010210121021201
10120102012021201021202101202120102101201020120212010212021012021
10120102012021201021202101210201202101201020120212010212021012102
10120102012021201021202101210212012101201020120212010212021012102
10120102012021201021202102010212012101201020120212010212021020102
10120102012021201210120210121020102101201020120212012101202101210
10120102012021201210120210121021202101201020120212012101202101210
10120102012021201210120210201021202101201020120212012101202102010
10120102012021201210201021012102012101201020120212012102010210121
10120102012021201210201021202102012101201020120212012102010212021
10120102012021201210212021012102012101201020120212012102120210121
10120102012101201021012021201021202101201020121012010210120212010
10120102012101201021201210201021202101201020121012010212012102010
10120102012101201021202101202120102101201020121012010212021012021
10120102012101201021202101210201202101201020121012010212021012102
10120102012101202101210201202120102101201020121012021012102012021
10120102012101202101210212010201202101201020121012021012102120102
10120102012101202101210212021020102101201020121012021012102120210
10120102012101202102010210120212012101201020121012021020102101202
10120102012101202102010210121021202101201020121012021020102101210
10120102012101202102010212010201202101201020121012021020102120102
10120102012101202102012021201021202101201020121012021020120212010
10120102012101202120102012021020102101201020121012021201020120210
10120102012101202120102012102120102101201020121012021201020121021
10120102012101202120102101210201202101201020121012021201021012102
10120102012101202120102101210212012101201020121012021201021012102
10120102012101202120102120210201202101201020121012021201021202102
10120102012102010210120210201021202101201020121020102101202102010
10120102012102010210120212010201202101201020121020102101202120102
10120102012102010210121020120212012101201020121020102101210201202
10120102012102010210121021202102012101201020121020102101210212021
10120102012102010212010201202102012101201020121020102120102012021
10120102012102010212010201202120102101201020121020102120102012021
10120102012102010212010201210212012101201020121020102120102012102
10120102012102010212012101201021202101201020121020102120121012010
10120102012102010212012101202102012101201020121020102120121012021
10120102012102010212012101202120102101201020121020102120121012021
10120102012102010212021012010212012101201020121020102120210120102
10120102012102010212021012102120102101201020121020102120210121021
10120102012102010212021020120212012101201020121020102120210201202
10120102012102010212021020121021202101201020121020102120210201210
10120102012102120102012021012102012101201020121021201020120210121
10120102012102120102012021201021202101201020121021201020120212010
10120102012102120102101210201021202101201020121021201021012102010
10120102012102120121012021012102012101201020121021201210120210121
10120102012102120121012021201021202101201020121021201210120212010
10120102012102120210120212010201202101201020121021202101202120102
10120102012102120210121020120212012101201020121021202101210201202
10120102012102120210201021012102012101201020121021202102010210121
10120102012102120210201210120212012101201020121021202102012101202
10120102101202102010212021012102012101201021012021020102120210121
10120102101202102012101202120102012101201021012021020121012021201
10120102101202120102012021012102012101201021012021201020120210121
10120102101202120102012102010212012101201021012021201020121020102
10120102101202120102120210120102012101201021012021201021202101201
10120102101202120102120210120212012101201021012021201021202101202
10120102101202120121012021012102012101201021012021201210120210121
10120102101202120121020102120102012101201021012021201210201021201
10120102101210201021012021201021202101201021012102010210120212010
10120102101210201021201020120212012101201021012102010212010201202
10120102101210201021201020121021202101201021012102010212010201210
10120102101210201021202101210201202101201021012102010212021012102
10120102101210201021202101210212012101201021012102010212021012102
10120102101210201210120210121021202101201021012102012101202101210
10120102101210201210120210201021202101201021012102012101202102010
10120102101210201210120212010201202101201021012102012101202120102
10120102101210212010201210120212012101201021012102120102012101202
10120102101210212010201210201021202101201021012102120102012102010
10120102101210212012101202120102012101201021012102120121012021201
10120102101210212021012021201021202101201021012102120210120212010
10120102101210212021012102010212012101201021012102120210121020102
10120102101210212021020102120102012101201021012102120210201021201
10120102120121012010201210201021202101201021201210120102012102010
10120102120121012021012102120102012101201021201210120210121021201
10120102120121012021020102120102012101201021201210120210201021201
10120102120121012021201020121020102101201021201210120212010201210
10120102120121012021201020121021202101201021201210120212010201210
10120102120121012021201021012102012101201021201210120212010210121
10120102120121012021201021202102012101201021201210120212010212021
10120102120121012021201210201021202101201021201210120212012102010
10120102120121020102101202120102012101201021201210201021012021201
10120102120121020102120210120102012101201021201210201021202101201
10120102120121020102120210120212012101201021201210201021202101202
10120102120121020102120210121020102101201021201210201021202101210
10120102120121021202101202120102012101201021201210212021012021201
10120102120121021202101210201021202101201021201210212021012102010
10120102120210120102012021012102012101201021202101201020120210121
10120102120210120102012102010212012101201021202101201020121020102
10120102120210120212010201202102012101201021202101202120102012021
10120102120210120212010201210212012101201021202101202120102012102
10120102120210120212010210120102012101201021202101202120102101201
10120102120210120212010210121020102101201021202101202120102101210
10120102120210120212010212021020102101201021202101202120102120210
10120102120210120212012101202102012101201021202101202120121012021
10120102120210120212012102010212012101201021202101202120121020102
10120102120210120212012102120102012101201021202101202120121021201
10120102120210121020102101202102012101201021202101210201021012021
10120102120210121020102101210212012101201021202101210201021012102
10120102120210121020102120210201202101201021202101210201021202102
10120102120210121020120210120102012101201021202101210201202101201
10120102120210121020120212010201202101201021202101210201202120102
10120102120210121020121012010201202101201021202101210201210120102
10120102120210121020121012021020102101201021202101210201210120210
10120102120210121021201020120212012101201021202101210212010201202
10120102120210121021201020121020102101201021202101210212010201210
10120102120210121021201021012102012101201021202101210212010210121
10120102120210121021202102010212012101201021202101210212021020102
10120102120210201021012102010212012101201021202102010210121020102
10120102120210201021012102120102012101201021202102010210121021201
10120102120210201021201020120212012101201021202102010212010201202
10120102120210201021201020121020102101201021202102010212010201210
10120102120210201021201020121021202101201021202102010212010201210
10120102120210201210120210121020102101201021202102012101202101210
10120102120210201210120210121021202101201021202102012101202101210
10120102120210201210120212010201202101201021202102012101202120102
10120102120210201210212021012102012101201021202102012102120210121
10120210121020102101201020120212012101202101210201021012010201202
10120210121020102101201021202102012101202101210201021012010212021
10120210121020102101202102010212012101202101210201021012021020102
10120210121020102120121020120212012101202101210201021201210201202
10120210121020102120121021202102012101202101210201021201210212021
10120210121020102120210201210212012101202101210201021202102012102
10120210121020120210201021012102012101202101210201202102010210121
10120210121020120210201021202102012101202101210201202102010212021
10120210121020120212010201202102012101202101210201202120102012021
10120210121020120212010201210212012101202101210201202120102012102
10120210121020120212010210120102012101202101210201202120102101201
10120210121020120212010210120212012101202101210201202120102101202
10120210121020120212012102010212012101202101210201202120121020102
10120210121020120212012102120102012101202101210201202120121021201
10120210121020121012010201202102012101202101210201210120102012021
10120210121020121012010201210212012101202101210201210120102012102
10120210121020121012010210120212012101202101210201210120102101202
10120210121020121012021020120212012101202101210201210120210201202
10120210121021201020120210120102012101202101210212010201202101201
10120210121021201020121012010212012101202101210212010201210120102
10120210121021201020121021202102012101202101210212010201210212021
10120210121021201021012102010212012101202101210212010210121020102
10120210121021201210201021012102012101202101210212012102010210121
10120210121021201210201021202102012101202101210212012102010212021
10120210121021201210201202120102012101202101210212012102012021201
10120210121021202101201020120212012101202101210212021012010201202
10120210121021202101201021012102012101202101210212021012010210121
10120210121021202101201021202102012101202101210212021012010212021
10120210121021202102010210120102012101202101210212021020102101201
10120210121021202102010210120212012101202101210212021020102101202
10120210121021202102012021012102012101202101210212021020120210121
10120210121021202102012102120102012101202101210212021020121021201
10120210201021012010201202120102012101202102010210120102012021201
10120210201021012010212021012102012101202102010210120102120210121
10120210201021012021201020120212012101202102010210120212010201202
10120210201021012021201021012102012101202102010210120212010210121
10120210201021012021201021202102012101202102010210120212010212021
10120210201021012021201210120102012101202102010210120212012101201
10120210201021012102012101202120102101202102010210121020121012021
10120210201021012102120210120102012101202102010210121021202101201
10120210201021012102120210120212012101202102010210121021202101202
10120210201021201020120210120102012101202102010212010201202101201
10120210201021201020120210121020102101202102010212010201202101210
10120210201021201020121012010212012101202102010212010201210120102
10120210201021201020121021202102012101202102010212010201210212021
10120210201021201210120210121020102101202102010212012101202101210
10120210201021201210201021012102012101202102010212012102010210121
10120210201021201210201202120102012101202102010212012102012021201
10120210201021201210212021012102012101202102010212012102120210121
10120210201021202101201020120212012101202102010212021012010201202
10120210201021202101201020121020102101202102010212021012010201210
10120210201021202101201021012102012101202102010212021012010210121
10120210201021202101202120121020102101202102010212021012021201210
10120210201021202101210201202120102101202102010212021012102012021
10120210201021202101210201210120102101202102010212021012102012101
10120210201021202102012021012102012101202102010212021020120210121
10120210201021202102012101202120102101202102010212021020121012021
10120210201021202102012102120102012101202102010212021020121021201
10120210201202120102012021012102012101202102012021201020120210121
10120210201202120102012101202120102101202102012021201020121012021
10120210201202120102012102010212012101202102012021201020121020102
10120210201202120102120210120102012101202102012021201021202101201
10120210201202120102120210120212012101202102012021201021202101202
10120210201202120102120210121020102101202102012021201021202101210
10120210201202120121012021012102012101202102012021201210120210121
10120210201202120121020102120102012101202102012021201210201021201
10120210201210120102012102010212012101202102012101201020121020102
10120210201210120102120210120212012101202102012101201021202101202
10120210201210120102120210121020102101202102012101201021202101210
10120210201210120212010201210120102101202102012101202120102012101
10120210201210120212010210121020102101202102012101202120102101210
10120210201210120212010212021020102101202102012101202120102120210
10120210201210212012101202120102012101202102012102120121012021201
10120210201210212021012102010212012101202102012102120210121020102
10120210201210212021012102120102012101202102012102120210121021201
10120210201210212021020102120102012101202102012102120210201021201
10120212010201202101201020121020102101202120102012021012010201210
10120212010201202101201020121021202101202120102012021012010201210
10120212010201202101201021012102012101202120102012021012010210121
10120212010201202101201021202102012101202120102012021012010212021
10120212010201202101210201210120102101202120102012021012102012101
10120212010201202101210212021020102101202120102012021012102120210
10120212010201202102010210120102012101202120102012021020102101201
10120212010201202102010210121021202101202120102012021020102101210
10120212010201202102012101201021202101202120102012021020121012010
10120212010201202102012102120102012101202120102012021020121021201
10120212010201202120121012021020102101202120102012021201210120210
10120212010201202120121021202102012101202120102012021201210212021
10120212010201210120102012021020102101202120102012101201020120210
10120212010201210120102101202102012101202120102012101201021012021
10120212010201210120102101210212012101202120102012101201021012102
10120212010201210120102120121020102101202120102012101201021201210
10120212010201210120102120121021202101202120102012101201021201210
10120212010201210120210201210212012101202120102012101202102012102
10120212010201210120212012102120102101202120102012101202120121021
10120212010201210201021012010212012101202120102012102010210120102
10120212010201210201021012102120102101202120102012102010210121021
10120212010201210201021201210120102101202120102012102010212012101
10120212010201210212010210120102012101202120102012102120102101201
10120212010201210212010210121020102101202120102012102120102101210
10120212010201210212010210121021202101202120102012102120102101210
10120212010201210212012101201021202101202120102012102120121012010
10120212010201210212021012010212012101202120102012102120210120102
10120212010201210212021012102120102101202120102012102120210121021
10120212010201210212021020120212012101202120102012102120210201202
10120212010210120102012021012102012101202120102101201020120210121
10120212010210120102012021201021202101202120102101201020120212010
10120212010210120102012101201021202101202120102101201020121012010
10120212010210120102012102010212012101202120102101201020121020102
10120212010210120210201021012102012101202120102101202102010210121
10120212010210120210201021202102012101202120102101202102010212021
10120212010210120210201202120102012101202120102101202102012021201
10120212010210121020102101201021202101202120102101210201021012010
10120212010210121020102101202102012101202120102101210201021012021
10120212010210121020102120121021202101202120102101210201021201210
10120212010210121020120210120102012101202120102101210201202101201
10120212010210121020120210121021202101202120102101210201202101210
10120212010210121020120210201021202101202120102101210201202102010
10120212010210121020121012010212012101202120102101210201210120102
10120212010210121020121012021020102101202120102101210201210120210
10120212010210121021201020120212012101202120102101210212010201202
10120212010210121021201020121020102101202120102101210212010201210
10120212010210121021201020121021202101202120102101210212010201210
10120212010210121021201210120102012101202120102101210212012101201
10120212010210121021201210201021202101202120102101210212012102010
10120212010210121021202102010212012101202120102101210212021020102
10120212010212021012010201202102012101202120102120210120102012021
10120212010212021012010201210120102101202120102120210120102012101
10120212010212021012010201210212012101202120102120210120102012102
10120212010212021012010210121020102101202120102120210120102101210
10120212010212021012010210121021202101202120102120210120102101210
10120212010212021012021201210120102101202120102120210120212012101
10120212010212021012102012021020102101202120102120210121020120210
10120212010212021012102120121020102101202120102120210121021201210
10120212010212021020102101201021202101202120102120210201021012010
10120212010212021020102101202102012101202120102120210201021012021
10120212010212021020102101210212012101202120102120210201021012102
10120212010212021020102120121020102101202120102120210201021201210
10120212010212021020102120121021202101202120102120210201021201210
10120212010212021020120210120102012101202120102120210201202101201
10120212010212021020120210121020102101202120102120210201202101210
10120212010212021020120210121021202101202120102120210201202101210
10120212010212021020121012010212012101202120102120210201210120102
10120212010212021020121012021020102101202120102120210201210120210
10120212012101201020120210121020102101202120121012010201202101210
10120212012101201020120210121021202101202120121012010201202101210
10120212012101201020120210201021202101202120121012010201202102010
10120212012101201020121012021020102101202120121012010201210120210
10120212012101201020121021202102012101202120121012010201210212021
10120212012101201021012021201021202101202120121012010210120212010
10120212012101201021012102120102012101202120121012010210121021201
10120212012101201021201210201021202101202120121012010212012102010
10120212012101202101210201202120102101202120121012021012102012021
10120212012101202101210201210120102101202120121012021012102012101
10120212012101202101210212021020102101202120121012021012102120210
10120212012101202102010210121021202101202120121012021020102101210
10120212012101202102012021201021202101202120121012021020120212010
10120212012101202102012101201021202101202120121012021020121012010
10120212012102010210120210201021202101202120121020102101202102010
10120212012102010210121021202102012101202120121020102101210212021
10120212012102010212010201202102012101202120121020102120102012021
10120212012102010212010201202120102101202120121020102120102012021
10120212012102010212010201210120102101202120121020102120102012101
10120212012102010212010201210212012101202120121020102120102012102
10120212012102010212012101201021202101202120121020102120121012010
10120212012102010212021012010212012101202120121020102120210120102
10120212012102010212021012102120102101202120121020102120210121021
10120212012102010212021020121021202101202120121020102120210201210
10120212012102012021012102010212012101202120121020120210121020102
10120212012102012021012102120102012101202120121020120210121021201
10120212012102012021020102120102012101202120121020120210201021201
10120212012102012021201020121020102101202120121020120212010201210
10120212012102012021201020121021202101202120121020120212010201210
10120212012102012021201021012102012101202120121020120212010210121
10120212012102012021201021202102012101202120121020120212010212021
10120212012102120102012021012102012101202120121021201020120210121
10120212012102120102012021201021202101202120121021201020120212010
10120212012102120102012101201021202101202120121021201020121012010
10120212012102120102012102010212012101202120121021201020121020102
10120212012102120102101202120102012101202120121021201021012021201
10120212012102120102101210201021202101202120121021201021012102010
10120212012102120210201021012102012101202120121021202102010210121
10120212012102120210201202120102012101202120121021202102012021201
10121020102101201020120210201021202101210201021012010201202102010
10121020102101201020120212012101202101210201021012010201202120121
10121020102101201021201210201021202101210201021012010212012102010
10121020102101201021202101202120102101210201021012010212021012021
10121020102101201021202102012101202101210201021012010212021020121
10121020102101202102010212010201202101210201021012021020102120102
10121020102101202102010212012101202101210201021012021020102120121
10121020102101202102012021201021202101210201021012021020120212010
10121020102101202102012101201021202101210201021012021020121012010
10121020102101202102012101202120102101210201021012021020121012021
10121020102101202120102012102120102101210201021012021201020121021
10121020102101202120102120210120102101210201021012021201021202101
10121020102101202120102120210201202101210201021012021201021202102
10121020102101202120121012010201202101210201021012021201210120102
10121020102101210212012101201021202101210201021012102120121012010
10121020102101210212021012010201202101210201021012102120210120102
10121020102120102012021012102120102101210201021201020120210121021
10121020102120102012021020121021202101210201021201020120210201210
10121020102120102012021201210120102101210201021201020120212012101
10121020102120102012021201210201202101210201021201020120212012102
10121020102120102012102120210120102101210201021201020121021202101
10121020102120102012102120210201202101210201021201020121021202102
10121020102120121012010201202120102101210201021201210120102012021
10121020102120121012010210121021202101210201021201210120102101210
10121020102120121012010212021020102101210201021201210120102120210
10121020102120121012021012102120102101210201021201210120210121021
10121020102120121012021020121021202101210201021201210120210201210
10121020102120121012021201210201202101210201021201210120212012102
10121020102120121020120210201021202101210201021201210201202102010
10121020102120121020120212010201202101210201021201210201202120102
10121020102120121020120212012101202101210201021201210201202120121
10121020102120121021202101202120102101210201021201210212021012021
10121020102120121021202102012101202101210201021201210212021020121
10121020102120210120102012021020102101210201021202101201020120210
10121020102120210120102012102120102101210201021202101201020121021
10121020102120210120102120121021202101210201021202101201021201210
10121020102120210120212012102120102101210201021202101202120121021
10121020102120210121020120210120102101210201021202101210201202101
10121020102120210121021201210120102101210201021202101210212012101
10121020102120210121021201210201202101210201021202101210212012102
10121020102120210201021012010201202101210201021202102010210120102
10121020102120210201202101201021202101210201021202102012021012010
10121020102120210201202120121021202101210201021202102012021201210
10121020102120210201210212010201202101210201021202102012102120102
10121020102120210201210212012101202101210201021202102012102120121
10121020120210120102012021201021202101210201202101201020120212010
10121020120210120102012101201021202101210201202101201020121012010
10121020120210120102012101202120102101210201202101201020121012021
10121020120210120102101210201021202101210201202101201021012102010
10121020120210121021201020121020102101210201202101210212010201210
10121020120210121021202101202120102101210201202101210212021012021
10121020120210201021012021201021202101210201202102010210120212010
10121020120210201021012102012101202101210201202102010210121020121
10121020120210201021201020121020102101210201202102010212010201210
10121020120210201021201020121021202101210201202102010212010201210
10121020120210201021202101202120102101210201202102010212021012021
10121020120210201021202102012101202101210201202102010212021020121
10121020120212010201202101201021202101210201202120102012021012010
10121020120212010201202102012101202101210201202120102012021020121
10121020120212010201210212012101202101210201202120102012102120121
10121020120212010201210212021020102101210201202120102012102120210
10121020120212010210120102012101202101210201202120102101201020121
10121020120212010210120210201021202101210201202120102101202102010
10121020120212010210120212012101202101210201202120102101202120121
10121020120212010212021012010201202101210201202120102120210120102
10121020120212010212021012102120102101210201202120102120210121021
10121020120212010212021020121021202101210201202120102120210201210
10121020120212012101201020121020102101210201202120121012010201210
10121020120212012101201020121021202101210201202120121012010201210
10121020120212012102010210121021202101210201202120121020102101210
10121020120212012102010212010201202101210201202120121020102120102
10121020120212012102010212012101202101210201202120121020102120121
10121020120212012102010212021020102101210201202120121020102120210
10121020120212012102120102012101202101210201202120121021201020121
10121020120212012102120210201021202101210201202120121021202102010
10121020121012010201202101201021202101210201210120102012021012010
10121020121012010201202102012101202101210201210120102012021020121
10121020121012010201202120121020102101210201210120102012021201210
10121020121012010201202120121021202101210201210120102012021201210
10121020121012010201210212010201202101210201210120102012102120102
10121020121012010201210212012101202101210201210120102012102120121
10121020121012010201210212021020102101210201210120102012102120210
10121020121012010210120210201021202101210201210120102101202102010
10121020121012010210120212010201202101210201210120102101202120102
10121020121012010210120212012101202101210201210120102101202120121
10121020121012010212012101202120102101210201210120102120121012021
10121020121012010212021012010201202101210201210120102120210120102
10121020121012010212021012102120102101210201210120102120210121021
10121020121012010212021020121021202101210201210120102120210201210
10121020121012021012102012021020102101210201210120210121020120210
10121020121012021012102120121020102101210201210120210121021201210
10121020121012021012102120210120102101210201210120210121021202101
10121020121012021012102120210201202101210201210120210121021202102
10121020121012021020102101201021202101210201210120210201021012010
10121020121012021020102101202120102101210201210120210201021012021
10121020121012021020102120121020102101210201210120210201021201210
10121020121012021020102120121021202101210201210120210201021201210
10121020121012021020102120210120102101210201210120210201021202101
10121020121012021020102120210201202101210201210120210201021202102
10121020121012021020120212010201202101210201210120210201202120102
10121020121012021020120212012101202101210201210120210201202120121
10121020121012021201020120210120102101210201210120212010201202101
10121020121012021201021012010201202101210201210120212010210120102
10121020121012021201021012021020102101210201210120212010210120210
10121020121012021201210201202120102101210201210120212012102012021
10121020121012021201210212010201202101210201210120212012102120102
10121020121012021201210212021020102101210201210120212012102120210
10121021201020120210120102012101202101210212010201202101201020121
10121021201020120212010212021020102101210212010201202120102120210
10121021201020120212012101201021202101210212010201202120121012010
10121021201020120212012101202120102101210212010201202120121012021
10121021201020121012010201202120102101210212010201210120102012021
10121021201020121012010212012101202101210212010201210120102120121
10121021201020121012010212021020102101210212010201210120102120210
10121021201020121012021020121021202101210212010201210120210201210
10121021201020121012021201210120102101210212010201210120212012101
10121021201020121012021201210201202101210212010201210120212012102
10121021201020121020102101201021202101210212010201210201021012010
10121021201020121020102101202120102101210212010201210201021012021
10121021201020121020102101210201202101210212010201210201021012102
10121021201020121020102120121021202101210212010201210201021201210
10121021201020121020102120210120102101210212010201210201021202101
10121021201020121020102120210201202101210212010201210201021202102
10121021201020121021202101202120102101210212010201210212021012021
10121021201020121021202102012101202101210212010201210212021020121
10121021201021012010201210201021202101210212010210120102012102010
10121021201021012021201020121020102101210212010210120212010201210
10121021201021012021201020121021202101210212010210120212010201210
10121021201021012021201210201021202101210212010210120212012102010
10121021201021012102010212010201202101210212010210121020102120102
10121021201021012102010212012101202101210212010210121020102120121
10121021201021012102012021201021202101210212010210121020120212010
10121021201021012102012101201021202101210212010210121020121012010
10121021201210120102012021201021202101210212012101201020120212010
10121021201210120102012101202120102101210212012101201020121012021
10121021201210120102101210201021202101210212012101201021012102010
10121021201210120102120210121020102101210212012101201021202101210
10121021201210120212010201210120102101210212012101202120102012101
10121021201210120212010212021020102101210212012101202120102120210
10121021201210201021012021201021202101210212012102010210120212010
10121021201210201021012102012101202101210212012102010210121020121
10121021201210201021201020121020102101210212012102010212010201210
10121021201210201021201020121021202101210212012102010212010201210
10121021201210201021202101202120102101210212012102010212021012021
10121021201210201021202102012101202101210212012102010212021020121
10121021201210201202101210201021202101210212012102012021012102010
10121021201210201202120102012101202101210212012102012021201020121
10121021202101201020120210121020102101210212021012010201202101210
10121021202101201020120212012101202101210212021012010201202120121
10121021202101201020121012021020102101210212021012010201210120210
10121021202101201021012102012101202101210212021012010210121020121
10121021202101201021202102012101202101210212021012010212021020121
10121021202101202120102012021020102101210212021012021201020120210
10121021202101202120102012102120102101210212021012021201020121021
10121021202101202120102101210201202101210212021012021201021012102
10121021202101202120102120210120102101210212021012021201021202101
10121021202101202120102120210201202101210212021012021201021202102
10121021202101202120121012010201202101210212021012021201210120102
10121021202101202120121012021020102101210212021012021201210120210
10121021202101210201021201210120102101210212021012102010212012101
10121021202101210201202120121020102101210212021012102012021201210
10121021202102010210120102012101202101210212021020102101201020121
10121021202102010210120212010201202101210212021020102101202120102
10121021202102010210120212012101202101210212021020102101202120121
10121021202102010212010201202120102101210212021020102120102012021
10121021202102010212010201210120102101210212021020102120102012101
10121021202102010212012101201021202101210212021020102120121012010
10121021202102010212012101202120102101210212021020102120121012021
10121021202102010212021012010201202101210212021020102120210120102
10121021202102012021012102012101202101210212021020120210121020121
10121021202102012021201020121020102101210212021020120212010201210
10121021202102012021201210201021202101210212021020120212012102010
10121021202102012101201020121020102101210212021020121012010201210
10121021202102012101202120121020102101210212021020121012021201210
10121021202102012102120102012101202101210212021020121021201020121
10201021012010201202101210201021202102010210120102012021012102010
10201021012010201202102010212021012102010210120102012021020102120
10201021012010201202120102012101202102010210120102012021201020121
10201021012010201202120121012021012102010210120102012021201210120
10201021012010201210120210121021202102010210120102012101202101210
10201021012010201210120212010201202102010210120102012101202120102
10201021012010212012101202120102012102010210120102120121012021201
10201021012010212012102010212021012102010210120102120121020102120
10201021012010212021012021201021012102010210120102120210120212010
10201021012010212021012021201021202102010210120102120210120212010
10201021012010212021012102012101202102010210120102120210121020121
10201021012010212021012102120102012102010210120102120210121021201
10201021012010212021020102120102012102010210120102120210201021201
10201021012010212021020121012021012102010210120102120210201210120
10201021012021020102120102012021012102010210120210201021201020120
10201021012021020102120121012021012102010210120210201021201210120
10201021012021020102120210120102012102010210120210201021202101201
10201021012021020102120210120212012102010210120210201021202101202
10201021012021020120212010212021012102010210120210201202120102120
10201021012021020121012010212021012102010210120210201210120102120
10201021012021020121012021201021012102010210120210201210120212010
10201021012021020121012021201021202102010210120210201210120212010
10201021012021201020120210120102012102010210120212010201202101201
10201021012021201020120210121021202102010210120212010201202101210
10201021012021201020120212012101202102010210120212010201202120121
10201021012021201020121012010201202102010210120212010201210120102
10201021012021201020121012010212012102010210120212010201210120102
10201021012021201020121021201021012102010210120212010201210212010
10201021012021201021012102012101202102010210120212010210121020121
10201021012021201021012102120102012102010210120212010210121021201
10201021012021201021202101201021012102010210120212010212021012010
10201021012021201021202101210201202102010210120212010212021012102
10201021012021201021202101210212012102010210120212010212021012102
10201021012021201021202102010212012102010210120212010212021020102
10201021012021201021202102012021012102010210120212010212021020120
10201021012021201021202102012101202102010210120212010212021020121
10201021012021201210120102012021012102010210120212012101201020120
10201021012021201210120102012101202102010210120212012101201020121
10201021012021201210120210121021202102010210120212012101202101210
10201021012021201210201202120102012102010210120212012102012021201
10201021012102010212012101201021202102010210121020102120121012010
10201021012102010212021012010201202102010210121020102120210120102
10201021012102012021012102120102012102010210121020120210121021201
10201021012102012021020102120102012102010210121020120210201021201
10201021012102012021201020121021202102010210121020120212010201210
10201021012102012021201210120102012102010210121020120212012101201
10201021012102012021201210201021202102010210121020120212012102010
10201021012102012101201020120212012102010210121020121012010201202
10201021012102012101201020121021202102010210121020121012010201210
10201021012102012101202101210201202102010210121020121012021012102
10201021012102012101202101210212012102010210121020121012021012102
10201021012102012101202102010212012102010210121020121012021020102
10201021012102012101202120102101202102010210121020121012021201021
10201021012102012101202120121021202102010210121020121012021201210
10201021012102120102012021201021202102010210121021201020120212010
10201021012102120102012101201021202102010210121021201020121012010
10201021012102120102101202120102012102010210121021201021012021201
10201021012102120121012010212021012102010210121021201210120102120
10201021012102120121012021201021202102010210121021201210120212010
10201021012102120121020102120102012102010210121021201210201021201
10201021012102120210120102012021012102010210121021202101201020120
10201021012102120210120102012101202102010210121021202101201020121
10201021012102120210120212010201202102010210121021202101202120102
10201021012102120210120212012101202102010210121021202101202120121
10201021012102120210121020120212012102010210121021202101210201202
10201021012102120210201202120102012102010210121021202102012021201
10201021012102120210201210120102012102010210121021202102012101201
10201021012102120210201210120212012102010210121021202102012101202
10201021201020120210120102012101202102010212010201202101201020121
10201021201020120210121020102101202102010212010201202101210201021
10201021201020120210121020120212012102010212010201202101210201202
10201021201020120210121021201021012102010212010201202101210212010
10201021201020120210201210120102012102010212010201202102012101201
10201021201020120210201210120212012102010212010201202102012101202
10201021201020120210201210212021012102010212010201202102012102120
10201021201020120212010210120102012102010212010201202120102101201
10201021201020120212010210120212012102010212010201202120102101202
10201021201020120212010210121021202102010212010201202120102101210
10201021201020120212012101201021012102010212010201202120121012010
10201021201020120212012101201021202102010212010201202120121012010
10201021201020120212012102012021012102010212010201202120121020120
10201021201020120212012102120102012102010212010201202120121021201
10201021201020121012010210120212012102010212010201210120102101202
10201021201020121012010210121021202102010212010201210120102101210
10201021201020121012010212012101202102010212010201210120102120121
10201021201020121012021020120212012102010212010201210120210201202
10201021201020121012021020121021202102010212010201210120210201210
10201021201020121012021201210201202102010212010201210120212012102
10201021201020121020102101201021202102010212010201210201021012010
10201021201020121020102101210201202102010212010201210201021012102
10201021201020121020102101210212012102010212010201210201021012102
10201021201020121020102120121021202102010212010201210201021201210
10201021201020121021201210120102012102010212010201210212012101201
10201021201020121021201210120212012102010212010201210212012101202
10201021201020121021202101201021012102010212010201210212021012010
10201021201020121021202101201021202102010212010201210212021012010
10201021201020121021202101210201202102010212010201210212021012102
10201021201020121021202101210212012102010212010201210212021012102
10201021201020121021202102012021012102010212010201210212021020120
10201021201020121021202102012101202102010212010201210212021020121
10201021201210120102012021201021012102010212012101201020120212010
10201021201210120102012021201021202102010212012101201020120212010
10201021201210120102101202120102012102010212012101201021012021201
10201021201210120102101210212021012102010212012101201021012102120
10201021201210120102120210120102012102010212012101201021202101201
10201021201210120102120210120212012102010212012101201021202101202
10201021201210120102120210121021202102010212012101201021202101210
10201021201210120102120210201021012102010212012101201021202102010
10201021201210120210121020102101202102010212012101202101210201021
10201021201210120210121020120212012102010212012101202101210201202
10201021201210120210121021201021012102010212012101202101210212010
10201021201210120210201202120102012102010212012101202102012021201
10201021201210120210201210120102012102010212012101202102012101201
10201021201210120210201210212021012102010212012101202102012102120
10201021201210120212010210120102012102010212012101202120102101201
10201021201210120212010210121021202102010212012101202120102101210
10201021201210120212012102012021012102010212012101202120121020120
10201021201210120212012102120102012102010212012101202120121021201
10201021201210201021012021201021202102010212012102010210120212010
10201021201210201021012102012101202102010212012102010210121020121
10201021201210201202102010212021012102010212012102012021020102120
10201021201210201202120102012021012102010212012102012021201020120
10201021201210201202120102012101202102010212012102012021201020121
10201021201210201202120121012021012102010212012102012021201210120
10201021201210212021012021201021012102010212012102120210120212010
10201021201210212021012021201021202102010212012102120210120212010
10201021201210212021012102012101202102010212012102120210121020121
10201021201210212021012102120102012102010212012102120210121021201
10201021201210212021020102120102012102010212012102120210201021201
10201021201210212021020121012021012102010212012102120210201210120
10201021202101201020120210121021202102010212021012010201202101210
10201021202101201020120210201021012102010212021012010201202102010
10201021202101201020120212012101202102010212021012010201202120121
10201021202101201020121012010212012102010212021012010201210120102
10201021202101201020121020102101202102010212021012010201210201021
10201021202101201020121021201021012102010212021012010201210212010
10201021202101201021012102012101202102010212021012010210121020121
10201021202101201021012102120102012102010212021012010210121021201
10201021202101201021201210120102012102010212021012010212012101201
10201021202101201021201210120212012102010212021012010212012101202
10201021202101201021201210212021012102010212021012010212012102120
10201021202101202120102101210201202102010212021012021201021012102
10201021202101202120102101210212012102010212021012021201021012102
10201021202101202120121012010201202102010212021012021201210120102
10201021202101202120121012010212012102010212021012021201210120102
10201021202101202120121020102101202102010212021012021201210201021
10201021202101202120121021201021012102010212021012021201210212010
10201021202101210201021012010201202102010212021012102010210120102
10201021202101210201021012010212012102010212021012102010210120102
10201021202101210201021201210201202102010212021012102010212012102
10201021202101210201202101201021012102010212021012102012021012010
10201021202101210201202120102101202102010212021012102012021201021
10201021202101210201202120121021202102010212021012102012021201210
10201021202101210201210120102101202102010212021012102012101201021
10201021202101210212010210120102012102010212021012102120102101201
10201021202101210212010210120212012102010212021012102120102101202
10201021202101210212012101201021012102010212021012102120121012010
10201021202101210212012102012021012102010212021012102120121020120
10201021202101210212021020120212012102010212021012102120210201202
10201021202102010210120102012021012102010212021020102101201020120
10201021202102010210121020120212012102010212021020102101210201202
10201021202102012021012010212021012102010212021020120210120102120
10201021202102012021012102012101202102010212021020120210121020121
10201021202102012021012102120102012102010212021020120210121021201
10201021202102012021201210120102012102010212021020120212012101201
10201021202102012021201210212021012102010212021020120212012102120
10201021202102012101201020120212012102010212021020121012010201202
10201021202102012101202101210201202102010212021020121012021012102
10201021202102012101202101210212012102010212021020121012021012102
10201021202102012101202120102101202102010212021020121012021201021
10201021202102012102120102012021012102010212021020121021201020120
10201021202102012102120102012101202102010212021020121021201020121
10201021202102012102120121012021012102010212021020121021201210120
10201021202102012102120210120102012102010212021020121021202101201
10201021202102012102120210120212012102010212021020121021202101202
10201202101201020120212010212021012102012021012010201202120102120
10201202101201020121012010212021012102012021012010201210120102120
10201202101201020121012021012102120102012021012010201210120210121
10201202101201020121012021020102120102012021012010201210120210201
10201202101201020121012021201021012102012021012010201210120212010
10201202101201020121012021201021202102012021012010201210120212010
10201202101201020121020102101202120102012021012010201210201021012
10201202101201020121021202101202120102012021012010201210212021012
10201202101201021012102010212021012102012021012010210121020102120
10201202101201021012102012101202120102012021012010210121020121012
10201202101201021202101210201021202102012021012010212021012102010
10201202101201021202101210201202120102012021012010212021012102012
10201202101201021202101210201210120102012021012010212021012102012
10201202101201021202102012101202120102012021012010212021020121012
10201202101210201021012021020102120102012021012102010210120210201
10201202101210201021012021201021202102012021012102010210120212010
10201202101210201021012021201210120102012021012102010210120212012
10201202101210201021012102120210120102012021012102010210121021202
10201202101210201021201020120212012102012021012102010212010201202
10201202101210201021201020121021202102012021012102010212010201210
10201202101210201021201210120212012102012021012102010212012101202
10201202101210201021201210201202120102012021012102010212012102012
10201202101210201021202101210212012102012021012102010212021012102
10201202101210201021202102010210120102012021012102010212021020102
10201202101210201021202102012102120102012021012102010212021020121
10201202101210201202120102120210120102012021012102012021201021202
10201202101210201202120121020102120102012021012102012021201210201
10201202101210201210120102012102120102012021012102012101201020121
10201202101210201210120102101202120102012021012102012101201021012
10201202101210201210120102120210120102012021012102012101201021202
10201202101210201210120210121021202102012021012102012101202101210
10201202101210201210120210201021202102012021012102012101202102010
10201202101210201210120210201202120102012021012102012101202102012
10201202101210201210120212010210120102012021012102012101202120102
10201202101210201210120212012102120102012021012102012101202120121
10201202101210212010201210120212012102012021012102120102012101202
10201202101210212010201210201021012102012021012102120102012102010
10201202101210212010201210201021202102012021012102120102012102010
10201202101210212010210121020102120102012021012102120102101210201
10201202101210212021012021201021012102012021012102120210120212010
10201202101210212021012021201021202102012021012102120210120212010
10201202101210212021012021201210120102012021012102120210120212012
10201202101210212021020102101202120102012021012102120210201021012
10201202101210212021020102120210120102012021012102120210201021202
10201202102010210120102012101202120102012021020102101201020121012
10201202102010210120212010201210120102012021020102101202120102012
10201202102010210120212010212021012102012021020102101202120102120
10201202102010210121020102120210120102012021020102101210201021202
10201202102010210121020121012021012102012021020102101210201210120
10201202102010210121021202101202120102012021020102101210212021012
10201202102010212010201210120212012102012021020102120102012101202
10201202102010212010201210201021012102012021020102120102012102010
10201202102010212010201210212021012102012021020102120102012102120
10201202102010212021012021201021012102012021020102120210120212010
10201202102010212021012021201210120102012021020102120210120212012
10201202102010212021012102010210120102012021020102120210121020102
10201202102010212021012102010212012102012021020102120210121020102
10201202102010212021020121012021012102012021020102120210201210120
10201202102012101201020121020102120102012021020121012010201210201
10201202102012101201021202101202120102012021020121012010212021012
10201202102012101202101210201202120102012021020121012021012102012
10201202102012101202101210201210120102012021020121012021012102012
10201202102012101202120102120210120102012021020121012021201021202
10201202102012101202120121020102120102012021020121012021201210201
10201202102012102120102012101202120102012021020121021201020121012
10201202102012102120210121020102120102012021020121021202101210201
10201202120102012021012010212021012102012021201020120210120102120
10201202120102012021012102010212012102012021201020120210121020102
10201202120102012021012102012101202102012021201020120210121020121
10201202120102012021020121012021012102012021201020120210201210120
10201202120102012101202101210212012102012021201020121012021012102
10201202120102012101202102010210120102012021201020121012021020102
10201202120102012101202102010212012102012021201020121012021020102
10201202120102012101202120102101202102012021201020121012021201021
10201202120102012101202120121021202102012021201020121012021201210
10201202120102012102010210120212012102012021201020121020102101202
10201202120102012102010210121021202102012021201020121020102101210
10201202120102012102010212012101202102012021201020121020102120121
10201202120102012102120121012021012102012021201020121021201210120
10201202120102012102120210120212012102012021201020121021202101202
10201202120102012102120210201021012102012021201020121021202102010
10201202120102012102120210201210120102012021201020121021202102012
10201202120102101201020121012021012102012021201021012010201210120
10201202120102101201020121020102120102012021201021012010201210201
10201202120102101202102010212021012102012021201021012021020102120
10201202120102101202120121012021012102012021201021012021201210120
10201202120102101202120121020102120102012021201021012021201210201
10201202120102101210201021201210120102012021201021012102010212012
10201202120102101210201210120212012102012021201021012102012101202
10201202120102101210212010201210120102012021201021012102120102012
10201202120102101210212021020102120102012021201021012102120210201
10201202120102120210120102012021012102012021201021202101201020120
10201202120102120210120102012101202102012021201021202101201020121
10201202120102120210120102012102120102012021201021202101201020121
10201202120102120210120212010210120102012021201021202101202120102
10201202120102120210120212012101202102012021201021202101202120121
10201202120102120210120212012102120102012021201021202101202120121
10201202120102120210121020102101202102012021201021202101210201021
10201202120102120210121020120210120102012021201021202101210201202
10201202120102120210121021201021012102012021201021202101210212010
10201202120102120210121021201210120102012021201021202101210212012
10201202120102120210201021012102120102012021201021202102010210121
10201202120102120210201021201210120102012021201021202102010212012
10201202120102120210201210120212012102012021201021202102012101202
10201202120102120210201210212021012102012021201021202102012102120
10201202120121012010201210201021012102012021201210120102012102010
10201202120121012010201210201021202102012021201210120102012102010
10201202120121012010201210212021012102012021201210120102012102120
10201202120121012010210121020102120102012021201210120102101210201
10201202120121012010212021012102120102012021201210120102120210121
10201202120121012010212021020102120102012021201210120102120210201
10201202120121012021012102010210120102012021201210120210121020102
10201202120121012021012102010212012102012021201210120210121020102
10201202120121012021012102012101202102012021201210120210121020121
10201202120121012021012102120210120102012021201210120210121021202
10201202120121012021020102101202120102012021201210120210201021012
10201202120121012021020102120210120102012021201210120210201021202
10201202120121012021201020121021202102012021201210120212010201210
10201202120121012021201021012102120102012021201210120212010210121
10201202120121020102101210201210120102012021201210201021012102012
10201202120121020102101210212021012102012021201210201021012102120
10201202120121020102120102012021012102012021201210201021201020120
10201202120121020102120102012101202102012021201210201021201020121
10201202120121020102120121012021012102012021201210201021201210120
10201202120121020102120210121021202102012021201210201021202101210
10201202120121020102120210201021012102012021201210201021202102010
10201202120121020102120210201210120102012021201210201021202102012
10201202120121020120210121020102120102012021201210201202101210201
10201202120121021201020121012021012102012021201210212010201210120
10201202120121021201020121020102120102012021201210212010201210201
10201202120121021202101210201021202102012021201210212021012102010
10201202120121021202101210201210120102012021201210212021012102012
10201202120121021202102010212021012102012021201210212021020102120
10201202120121021202102012101202120102012021201210212021020121012
10201210120102012021012010212021012102012101201020120210120102120
10201210120102012021020102101202120102012101201020120210201021012
10201210120102012021020121012021012102012101201020120210201210120
10201210120102012021201020121021202102012101201020120212010201210
10201210120102012021201021012102120102012101201020120212010210121
10201210120102012021201210201021012102012101201020120212012102010
10201210120102012021201210201021202102012101201020120212012102010
10201210120102012021201210212021012102012101201020120212012102120
10201210120102012102010210121021202102012101201020121020102101210
10201210120102012102010212010201202102012101201020121020102120102
10201210120102012102010212012101202102012101201020121020102120121
10201210120102012102120102012021012102012101201020121021201020120
10201210120102012102120121012021012102012101201020121021201210120
10201210120102012102120210201021012102012101201020121021202102010
10201210120102101202102010212021012102012101201021012021020102120
10201210120102101202102012101202120102012101201021012021020121012
10201210120102101202120102012021012102012101201021012021201020120
10201210120102101202120102120210120102012101201021012021201021202
10201210120102101202120121012021012102012101201021012021201210120
10201210120102101202120121020102120102012101201021012021201210201
10201210120102101210212012101202120102012101201021012102120121012
10201210120102101210212021020102120102012101201021012102120210201
10201210120102120121012021012102120102012101201021201210120210121
10201210120102120121012021020102120102012101201021201210120210201
10201210120102120121012021201021012102012101201021201210120212010
10201210120102120121012021201021202102012101201021201210120212010
10201210120102120121020102101202120102012101201021201210201021012
10201210120102120121020102120210120102012101201021201210201021202
10201210120102120121021202101202120102012101201021201210212021012
10201210120102120210120102012021012102012101201021202101201020120
10201210120102120210120212010201202102012101201021202101202120102
10201210120102120210120212010210120102012101201021202101202120102
10201210120102120210120212012101202102012101201021202101202120121
10201210120102120210120212012102120102012101201021202101202120121
10201210120102120210121020102101202102012101201021202101210201021
10201210120102120210121020120210120102012101201021202101210201202
10201210120102120210121021201021012102012101201021202101210212010
10201210120102120210201021012102120102012101201021202102010210121
10201210120102120210201210212021012102012101201021202102012102120
10201210120210121020102101201021202102012101202101210201021012010
10201210120210121020102120121021202102012101202101210201021201210
10201210120210121020120210201021012102012101202101210201202102010
10201210120210121020120210201021202102012101202101210201202102010
10201210120210121020120212010201202102012101202101210201202120102
10201210120210121020120212010210120102012101202101210201202120102
10201210120210121020120212012102120102012101202101210201202120121
10201210120210121020121012010201202102012101202101210201210120102
10201210120210121021201020120210120102012101202101210212010201202
10201210120210121021201020121021202102012101202101210212010201210
10201210120210121021201210201021012102012101202101210212012102010
10201210120210121021201210201021202102012101202101210212012102010
10201210120210121021201210201202120102012101202101210212012102012
10201210120210121021202101201021012102012101202101210212021012010
10201210120210121021202101201021202102012101202101210212021012010
10201210120210121021202102010210120102012101202101210212021020102
10201210120210121021202102012021012102012101202101210212021020120
10201210120210121021202102012102120102012101202101210212021020121
10201210120210201021012010201202120102012101202102010210120102012
10201210120210201021012010212021012102012101202102010210120102120
10201210120210201021012021201021012102012101202102010210120212010
10201210120210201021012021201021202102012101202102010210120212010
10201210120210201021012021201210120102012101202102010210120212012
10201210120210201021012102120210120102012101202102010210121021202
10201210120210201021201020120210120102012101202102010212010201202
10201210120210201021201020121021202102012101202102010212010201210
10201210120210201021201210201021012102012101202102010212012102010
10201210120210201021201210201202120102012101202102010212012102012
10201210120210201021201210212021012102012101202102010212012102120
10201210120210201021202101201021012102012101202102010212021012010
10201210120210201021202102012021012102012101202102010212021020120
10201210120210201021202102012102120102012101202102010212021020121
10201210120210201202120102012021012102012101202102012021201020120
10201210120210201202120102120210120102012101202102012021201021202
10201210120210201202120121012021012102012101202102012021201210120
10201210120210201202120121020102120102012101202102012021201210201
10201210120210201210212012101202120102012101202102012102120121012
10201210120210201210212021012102120102012101202102012102120210121
10201210120210201210212021020102120102012101202102012102120210201
10201210120212010201202101201021012102012101202120102012021012010
10201210120212010201202101201021202102012101202120102012021012010
10201210120212010201202102010210120102012101202120102012021020102
10201210120212010201202102012102120102012101202120102012021020121
10201210120212010201202120121021202102012101202120102012021201210
10201210120212010201210120102101202102012101202120102012101201021
10201210120212010201210212010210120102012101202120102012102120102
10201210120212010210120102012021012102012101202120102101201020120
10201210120212010210120210201021012102012101202120102101202102010
10201210120212010210120210201021202102012101202120102101202102010
10201210120212010210120210201202120102012101202120102101202102012
10201210120212010210121020102101202102012101202120102101210201021
10201210120212010210121020120210120102012101202120102101210201202
10201210120212010210121021201210120102012101202120102101210212012
10201210120212010212021012010201202102012101202120102120210120102
10201210120212010212021020102101202102012101202120102120210201021
10201210120212010212021020120210120102012101202120102120210201202
10201210120212012101201020121021202102012101202120121012010201210
10201210120212012101201021012102120102012101202120121012010210121
10201210120212012102010210121021202102012101202120121020102101210
10201210120212012102010212010201202102012101202120121020102120102
10201210120212012102012021012102120102012101202120121020120210121
10201210120212012102012021020102120102012101202120121020120210201
10201210120212012102012021201021012102012101202120121020120212010
10201210120212012102012021201021202102012101202120121020120212010
10201210120212012102120102012021012102012101202120121021201020120
10201210120212012102120102101202120102012101202120121021201021012
10201210120212012102120210201021012102012101202120121021202102010
10201210120212012102120210201202120102012101202120121021202102012
10201210201021012010212012101202120102012102010210120102120121012
10201210201021012010212021012102120102012102010210120102120210121
10201210201021012010212021020102120102012102010210120102120210201
10201210201021012021020102120210120102012102010210120210201021202
10201210201021012021201020120210120102012102010210120212010201202
10201210201021012021201021012102120102012102010210120212010210121
10201210201021012021201210201202120102012102010210120212012102012
10201210201021012102012021012102120102012102010210121020120210121
10201210201021012102012021020102120102012102010210121020120210201
10201210201021012102012021201210120102012102010210121020120212012
10201210201021012102120102101202120102012102010210121021201021012
10201210201021012102120121020102120102012102010210121021201210201
10201210201021012102120210201202120102012102010210121021202102012
10201210201021012102120210201210120102012102010210121021202102012
10201210201021201020120210201210120102012102010212010201202102012
10201210201021201020120212010210120102012102010212010201202120102
10201210201021201020120212012102120102012102010212010201202120121
10201210201021201020121021201210120102012102010212010201210212012
10201210201021201210120102101202120102012102010212012101201021012
10201210201021201210120102120210120102012102010212012101201021202
10201210201021201210120210201202120102012102010212012101202102012
10201210201021201210120210201210120102012102010212012101202102012
10201210201021201210120212010210120102012102010212012101202120102
10201210201021201210120212012102120102012102010212012101202120121
10201210201021201210212021012102120102012102010212012102120210121
10201210201021201210212021020102120102012102010212012102120210201
10201210201021202101201021012102120102012102010212021012010210121
10201210201021202101201021201210120102012102010212021012010212012
10201210201021202101210212010210120102012102010212021012102120102
10201210201021202102012021012102120102012102010212021020120210121
10201210201021202102012021201210120102012102010212021020120212012
10201210201021202102012102120210120102012102010212021020121021202
10201210212010201202101210201021202102012102120102012021012102010
10201210212010201202101210201210120102012102120102012021012102012
10201210212010201202120102120210120102012102120102012021201021202
10201210212010201210120210121021202102012102120102012101202101210
10201210212010201210120210201021202102012102120102012101202102010
10201210212010201210120212010201202102012102120102012101202120102
10201210212010210120102012101202120102012102120102101201020121012
10201210212010210121020102101202120102012102120102101210201021012
10201210212010210121020102120210120102012102120102101210201021202
10201210212010210121021202101202120102012102120102101210212021012
10201210212012101201020121020102120102012102120121012010201210201
10201210212012101201021202101202120102012102120121012010212021012
10201210212012101202101210201021202102012102120121012021012102010
10201210212012101202101210201202120102012102120121012021012102012
10201210212012101202101210201210120102012102120121012021012102012
10201210212012101202120102012101202102012102120121012021201020121
10201210212012101202120102120210120102012102120121012021201021202
10201210212012101202120121020102120102012102120121012021201210201
10201210212021012010201210201021202102012102120210120102012102010
10201210212021012010210121020102120102012102120210120102101210201
10201210212021012010212012101202120102012102120210120102120121012
10201210212021012010212021020102120102012102120210120102120210201
10201210212021012021201020120210120102012102120210120212010201202
10201210212021012021201021012102120102012102120210120212010210121
10201210212021012021201210201021202102012102120210120212012102010
10201210212021012021201210201202120102012102120210120212012102012
10201210212021012102010212010201202102012102120210121020102120102
10201210212021012102010212012101202102012102120210121020102120121
10201210212021012102012021020102120102012102120210121020120210201
10201210212021012102012021201021202102012102120210121020120212010
10201210212021012102012021201210120102012102120210121020120212012
10201210212021012102012101201021202102012102120210121020121012010
10201210212021012102120102012101202102012102120210121021201020121
10201210212021012102120102101202120102012102120210121021201021012
10201210212021012102120121020102120102012102120210121021201210201
10201210212021020102101210201202120102012102120210201021012102012
10201210212021020102101210201210120102012102120210201021012102012
10201210212021020102120102012101202102012102120210201021201020121
10201210212021020120210121020102120102012102120210201202101210201
10201210212021020120212012101202120102012102120210201202120121012
10201210212021020121012010201202120102012102120210201210120102012
10201210212021020121012021012102120102012102120210201210120210121
10201210212021020121012021020102120102012102120210201210120210201
10201210212021020121012021201210120102012102120210201210120212012
10210120102012021012102010212021020102101201020120210121020102120
10210120102012021012102012101202120102101201020120210121020121012
10210120102012021020102120210121020102101201020120210201021202101
10210120102012021201020121012021020102101201020120212010201210120
10210120102012021201021202101202120102101201020120212010212021012
10210120102012021201210120210121020102101201020120212012101202101
10210120102012101201021202101202120102101201020121012010212021012
10210120102012101202101210201202120102101201020121012021012102012
10210120102012101202101210212021020102101201020121012021012102120
10210120102012101202120102012021020102101201020121012021201020120
10210120102012101202120102012102120102101201020121012021201020121
10210120102012102010212010201202120102101201020121020102120102012
10210120102012102010212012101202120102101201020121020102120121012
10210120102012102010212021012102120102101201020121020102120210121
10210120102120121012021201020121020102101201021201210120212010201
10210120102120121020102120210121020102101201021201210201021202101
10210120102120210120212010210121020102101201021202101202120102101
10210120102120210120212010212021020102101201021202101202120102120
10210120102120210121020121012021020102101201021202101210201210120
10210120102120210121021201020121020102101201021202101210212010201
10210120102120210201021201020121020102101201021202102010212010201
10210120102120210201210120210121020102101201021202102012101202101
10210120210201021012102012101202120102101202102010210121020121012
10210120210201021201020120210121020102101202102010212010201202101
10210120210201021201210120210121020102101202102010212012101202101
10210120210201021202101201020121020102101202102010212021012010201
10210120210201021202101202120121020102101202102010212021012021201
10210120210201021202101210201202120102101202102010212021012102012
10210120210201021202101210201210120102101202102010212021012102012
10210120210201021202102012101202120102101202102010212021020121012
10210120210201202120102012101202120102101202102012021201020121012
10210120210201202120102120210121020102101202102012021201021202101
10210120210201210120102120210121020102101202102012101201021202101
10210120210201210120212010201210120102101202102012101202120102012
10210120210201210120212010210121020102101202102012101202120102101
10210120210201210120212010212021020102101202102012101202120102120
10210120212010201202101201020121020102101202120102012021012010201
10210120212010201202101210201210120102101202120102012021012102012
10210120212010201202101210212021020102101202120102012021012102120
10210120212010201202120121012021020102101202120102012021201210120
10210120212010201210120102012021020102101202120102012101201020120
10210120212010201210120102120121020102101202120102012101201021201
10210120212010201210120212012102120102101202120102012101202120121
10210120212010201210201021012102120102101202120102012102010210121
10210120212010201210201021201210120102101202120102012102010212012
10210120212010201210212010210121020102101202120102012102120102101
10210120212010201210212021012102120102101202120102012102120210121
10210120212010210121020121012021020102101202120102101210201210120
10210120212010210121021201020121020102101202120102101210212010201
10210120212010212021012010201210120102101202120102120210120102012
10210120212010212021012010210121020102101202120102120210120102101
10210120212010212021012021201210120102101202120102120210120212012
10210120212010212021012102012021020102101202120102120210121020120
10210120212010212021012102120121020102101202120102120210121021201
10210120212010212021020102120121020102101202120102120210201021201
10210120212010212021020120210121020102101202120102120210201202101
10210120212010212021020121012021020102101202120102120210201210120
10210120212012101201020120210121020102101202120121012010201202101
10210120212012101201020121012021020102101202120121012010201210120
10210120212012101202101210201202120102101202120121012021012102012
10210120212012101202101210201210120102101202120121012021012102012
10210120212012101202101210212021020102101202120121012021012102120
10210120212012102010212010201202120102101202120121020102120102012
10210120212012102010212010201210120102101202120121020102120102012
10210120212012102010212021012102120102101202120121020102120210121
10210120212012102012021201020121020102101202120121020120212010201
10210121020102101201021202101202120102101210201021012010212021012
10210121020102101202102012101202120102101210201021012021020121012
10210121020102101202120102012102120102101210201021012021201020121
10210121020102101202120102120210120102101210201021012021201021202
10210121020102120102012021012102120102101210201021201020120210121
10210121020102120102012021201210120102101210201021201020120212012
10210121020102120102012102120210120102101210201021201020121021202
10210121020102120121012010201202120102101210201021201210120102012
10210121020102120121012010212021020102101210201021201210120102120
10210121020102120121012021012102120102101210201021201210120210121
10210121020102120121021202101202120102101210201021201210212021012
10210121020102120210120102012021020102101210201021202101201020120
10210121020102120210120102012102120102101210201021202101201020121
10210121020102120210120212012102120102101210201021202101202120121
10210121020102120210121020120210120102101210201021202101210201202
10210121020102120210121021201210120102101210201021202101210212012
10210121020120210120102012101202120102101210201202101201020121012
10210121020120210121021201020121020102101210201202101210212010201
10210121020120210121021202101202120102101210201202101210212021012
10210121020120210201021201020121020102101210201202102010212010201
10210121020120210201021202101202120102101210201202102010212021012
10210121020120212010201210212021020102101210201202120102012102120
10210121020120212010212021012102120102101210201202120102120210121
10210121020120212012101201020121020102101210201202120121012010201
10210121020120212012102010212021020102101210201202120121020102120
10210121020121012010201202120121020102101210201210120102012021201
10210121020121012010201210212021020102101210201210120102012102120
10210121020121012010212012101202120102101210201210120102120121012
10210121020121012010212021012102120102101210201210120102120210121
10210121020121012021012102012021020102101210201210120210121020120
10210121020121012021012102120121020102101210201210120210121021201
10210121020121012021012102120210120102101210201210120210121021202
10210121020121012021020102101202120102101210201210120210201021012
10210121020121012021020102120121020102101210201210120210201021201
10210121020121012021020102120210120102101210201210120210201021202
10210121020121012021201020120210120102101210201210120212010201202
10210121020121012021201021012021020102101210201210120212010210120
10210121020121012021201210201202120102101210201210120212012102012
10210121020121012021201210212021020102101210201210120212012102120
10210121021201020120212010212021020102101210212010201202120102120
10210121021201020120212012101202120102101210212010201202120121012
10210121021201020121012010201202120102101210212010201210120102012
10210121021201020121012010212021020102101210212010201210120102120
10210121021201020121012021201210120102101210212010201210120212012
10210121021201020121020102101202120102101210212010201210201021012
10210121021201020121020102120210120102101210212010201210201021202
10210121021201020121021202101202120102101210212010201210212021012
10210121021201021012021201020121020102101210212010210120212010201
10210121021201210120102012101202120102101210212012101201020121012
10210121021201210120102120210121020102101210212012101201021202101
10210121021201210120212010201210120102101210212012101202120102012
10210121021201210120212010212021020102101210212012101202120102120
10210121021201210201021201020121020102101210212012102010212010201
10210121021201210201021202101202120102101210212012102010212021012
10210121021202101201020120210121020102101210212021012010201202101
10210121021202101201020121012021020102101210212021012010201210120
10210121021202101202120102012021020102101210212021012021201020120
10210121021202101202120102012102120102101210212021012021201020121
10210121021202101202120102120210120102101210212021012021201021202
10210121021202101202120121012021020102101210212021012021201210120
10210121021202101210201021201210120102101210212021012102010212012
10210121021202101210201202120121020102101210212021012102012021201
10210121021202102010212010201202120102101210212021020102120102012
10210121021202102010212010201210120102101210212021020102120102012
10210121021202102010212012101202120102101210212021020102120121012
10210121021202102012021201020121020102101210212021020120212010201
10210121021202102012101201020121020102101210212021020121012010201
10210121021202102012101202120121020102101210212021020121012021201
10212010201202101201020121012021012102120102012021012010201210120
10212010201202101201020121012021020102120102012021012010201210120
10212010201202101210201021012021020102120102012021012102010210120
10212010201202101210201021202102012102120102012021012102010212021
10212010201202101210201202120121020102120102012021012102012021201
10212010201202101210201210120102012102120102012021012102012101201
10212010201202101210201210120212012102120102012021012102012101202
10212010201202101210212010210121020102120102012021012102120102101
10212010201202102012101201020121020102120102012021020121012010201
10212010201202102012101202120121020102120102012021020121012021201
10212010201202102012102120210121020102120102012021020121021202101
10212010201202120102101201020121020102120102012021201021012010201
10212010201202120102101202120121020102120102012021201021012021201
10212010201202120102101210212021020102120102012021201021012102120
10212010201202120102120210120102012102120102012021201021202101201
10212010201202120102120210120212012102120102012021201021202101202
10212010201202120102120210201021012102120102012021201021202102010
10212010201202120121012010210121020102120102012021201210120102101
10212010201202120121012010212021012102120102012021201210120102120
10212010201202120121012010212021020102120102012021201210120102120
10212010201202120121012021201021012102120102012021201210120212010
10212010201202120121020120210121020102120102012021201210201202101
10212010201202120121021201020121020102120102012021201210212010201
10212010201210120102012021201021012102120102012101201020120212010
10212010201210120102101202120121020102120102012101201021012021201
10212010201210120102101210212021020102120102012101201021012102120
10212010201210120102120121012021012102120102012101201021201210120
10212010201210120102120121012021020102120102012101201021201210120
10212010201210120102120210120212012102120102012101201021202101202
10212010201210120102120210201021012102120102012101201021202102010
10212010201210120210121020120212012102120102012101202101210201202
10212010201210120210121021202102012102120102012101202101210212021
10212010201210120210201021202102012102120102012101202102010212021
10212010201210120210201202120121020102120102012101202102012021201
10212010201210120210201210212021012102120102012101202102012102120
10212010201210120210201210212021020102120102012101202102012102120
10212010201210120212010201202102012102120102012101202120102012021
10212010201210120212012101201021012102120102012101202120121012010
10212010201210120212012102012021012102120102012101202120121020120
10212010201210120212012102012021020102120102012101202120121020120
10212010201210201021012010212021012102120102012102010210120102120
10212010201210201021012010212021020102120102012102010210120102120
10212010201210201021012021201021012102120102012102010210120212010
10212010201210201021012102012021012102120102012102010210121020120
10212010201210201021012102012021020102120102012102010210121020120
10212010201210201021012102120121020102120102012102010210121021201
10212010201210201021201020120212012102120102012102010212010201202
10212010201210201021201210120212012102120102012102010212012101202
10212010201210201021201210212021012102120102012102010212012102120
10212010201210201021201210212021020102120102012102010212012102120
10212010201210201021202101201021012102120102012102010212021012010
10212010201210201021202102012021012102120102012102010212021020120
10212010201210212012101201020121020102120102012102120121012010201
10212010201210212012101202120121020102120102012102120121012021201
10212010201210212021012010210121020102120102012102120210120102101
10212010201210212021012010212021020102120102012102120210120102120
10212010201210212021012021201021012102120102012102120210120212010
10212010201210212021012102012021020102120102012102120210121020120
10212010201210212021012102120121020102120102012102120210121021201
10212010201210212021020120210121020102120102012102120210201202101
10212010201210212021020121012021012102120102012102120210201210120
10212010201210212021020121012021020102120102012102120210201210120
10212010210120102012101202120102012102120102101201020121012021201
10212010210120102012102010212021012102120102101201020121020102120
10212010210120212010201210120212012102120102101202120102012101202
10212010210120212010201210201021012102120102101202120102012102010
10212010210120212010201210212021012102120102101202120102012102120
10212010210120212012102010212021012102120102101202120121020102120
10212010210121020102101202120102012102120102101210201021012021201
10212010210121020102120102012021012102120102101210201021201020120
10212010210121020102120121012021012102120102101210201021201210120
10212010210121020102120210120102012102120102101210201021202101201
10212010210121020102120210120212012102120102101210201021202101202
10212010210121020120212010212021012102120102101210201202120102120
10212010210121020121012010212021012102120102101210201210120102120
10212010210121021202101202120102012102120102101210212021012021201
10212012101201020120212010210121020102120121012010201202120102101
10212012101201020120212010212021012102120121012010201202120102120
10212012101201020120212010212021020102120121012010201202120102120
10212012101201020121012021201021012102120121012010201210120212010
10212012101201020121020102120102012102120121012010201210201021201
10212012101201020121020102120210120102120121012010201210201021202
10212012101201021012021201020121020102120121012010210120212010201
10212012101201021012102010212021012102120121012010210121020102120
10212012101201021012102120210121020102120121012010210121021202101
10212012101201021202101201020121020102120121012010212021012010201
10212012101201021202101202120102012102120121012010212021012021201
10212012101201021202101202120121020102120121012010212021012021201
10212012101201021202101210201021012102120121012010212021012102010
10212012101201021202101210212021020102120121012010212021012102120
10212012101201021202102010210121020102120121012010212021020102101
10212012101202101210201021012021020102120121012021012102010210120
10212012101202101210201021202102012102120121012021012102010212021
10212012101202101210201202120102012102120121012021012102012021201
10212012101202101210201202120121020102120121012021012102012021201
10212012101202101210201210120102012102120121012021012102012101201
10212012101202101210212010201210120102120121012021012102120102012
10212012101202101210212010210121020102120121012021012102120102101
10212012101202102010212010201210120102120121012021020102120102012
10212012101202102012021201020121020102120121012021020120212010201
10212012101202102012101201020121020102120121012021020121012010201
10212012101202102012102120210121020102120121012021020121021202101
10212012101202120102012101201021012102120121012021201020121012010
10212012101202120102012101202102012102120121012021201020121012021
10212012101202120102012102010210120102120121012021201020121020102
10212012101202120102012102120210120102120121012021201020121021202
10212012101202120102101201020121020102120121012021201021012010201
10212012101202120102101210201210120102120121012021201021012102012
10212012101202120102101210212021020102120121012021201021012102120
10212012101202120102120210120102012102120121012021201021202101201
10212012101202120102120210201021012102120121012021201021202102010
10212012101202120102120210201210120102120121012021201021202102012
10212012101202120121020102120102012102120121012021201210201021201
10212012101202120121020102120210120102120121012021201210201021202
10212012101202120121020120210121020102120121012021201210201202101
10212012101202120121021201020121020102120121012021201210212010201
10212012102010210120212010201210120102120121020102101202120102012
10212012102010210120212010212021012102120121020102101202120102120
10212012102010210120212010212021020102120121020102101202120102120
10212012102010210121020121012021012102120121020102101210201210120
10212012102010210121020121012021020102120121020102101210201210120
10212012102010212010201210201021012102120121020102120102012102010
10212012102010212010201210212021012102120121020102120102012102120
10212012102010212021012010201210120102120121020102120210120102012
10212012102010212021012021201021012102120121020102120210120212010
10212012102010212021012021201210120102120121020102120210120212012
10212012102010212021012102010210120102120121020102120210121020102
10212012102010212021020121012021012102120121020102120210201210120
10212012102012021012102010212021012102120121020120210121020102120
10212012102012021020102120210121020102120121020120210201021202101
10212012102012021201020120210121020102120121020120212010201202101
10212012102012021201020121012021012102120121020120212010201210120
10212012102012021201020121012021020102120121020120212010201210120
10212012102012021201210120210121020102120121020120212012101202101
10212012102120210120212010201210120102120121021202101202120102012
10212012102120210120212010210121020102120121021202101202120102101
10212012102120210120212010212021020102120121021202101202120102120
10212012102120210121020102120210120102120121021202101210201021202
10212012102120210121020121012021020102120121021202101210201210120
10212012102120210121021201020121020102120121021202101210212010201
10212012102120210201021201020121020102120121021202102010212010201
10212012102120210201210120210121020102120121021202102012101202101
10212021012010201202101210201021012102120210120102012021012102010
10212021012010201202101210201202120102120210120102012021012102012
10212021012010201202101210201210120102120210120102012021012102012
10212021012010201202101210212021020102120210120102012021012102120
10212021012010201202102010210121020102120210120102012021020102101
10212021012010201202102012101202120102120210120102012021020121012
10212021012010201202120121012021012102120210120102012021201210120
10212021012010201202120121012021020102120210120102012021201210120
10212021012010201210120102101202120102120210120102012101201021012
10212021012010201210120102120121020102120210120102012101201021201
10212021012010201210120210201021012102120210120102012101202102010
10212021012010201210120210201202120102120210120102012101202102012
10212021012010201210201021012021020102120210120102012102010210120
10212021012010201210201021201210120102120210120102012102010212012
10212021012010201210201021202102012102120210120102012102010212021
10212021012010201210212010201202120102120210120102012102120102012
10212021012010201210212010210121020102120210120102012102120102101
10212021012010201210212012101202120102120210120102012102120121012
10212021012010210121020102101202120102120210120102101210201021012
10212021012010210121020102120102012102120210120102101210201021201
10212021012010210121020121012021012102120210120102101210201210120
10212021012010210121020121012021020102120210120102101210201210120
10212021012010210121021201020121020102120210120102101210212010201
10212021012010210121021202101202120102120210120102101210212021012
10212021012010212012101201020121020102120210120102120121012010201
10212021012010212012101202120102012102120210120102120121012021201
10212021012010212012101202120121020102120210120102120121012021201
10212021012010212012102120210121020102120210120102120121021202101
10212021012010212021020102120102012102120210120102120210201021201
10212021012010212021020121012021012102120210120102120210201210120
10212021012021201020120210120102012102120210120212010201202101201
10212021012021201020120210201021012102120210120212010201202102010
10212021012021201020120210201210120102120210120212010201202102012
10212021012021201020121012010212012102120210120212010201210120102
10212021012021201020121021201021012102120210120212010201210212010
10212021012021201020121021201210120102120210120212010201210212012
10212021012021201021012010201202120102120210120212010210120102012
10212021012021201021012010201210120102120210120212010210120102012
10212021012021201021012102010210120102120210120212010210121020102
10212021012021201021012102010212012102120210120212010210121020102
10212021012021201021012102012021012102120210120212010210121020120
10212021012021201021012102012021020102120210120212010210121020120
10212021012021201021012102120102012102120210120212010210121021201
10212021012021201021012102120121020102120210120212010210121021201
10212021012021201021202101201021012102120210120212010212021012010
10212021012021201021202102010210120102120210120212010212021020102
10212021012021201021202102010212012102120210120212010212021020102
10212021012021201021202102012021012102120210120212010212021020120
10212021012021201210120102012021012102120210120212012101201020120
10212021012021201210120102012021020102120210120212012101201020120
10212021012021201210120102101202120102120210120212012101201021012
10212021012021201210120102120121020102120210120212012101201021201
10212021012021201210120210201021012102120210120212012101202102010
10212021012021201210120210201202120102120210120212012101202102012
10212021012021201210120210201210120102120210120212012101202102012
10212021012021201210201021012021020102120210120212012102010210120
10212021012021201210201021201210120102120210120212012102010212012
10212021012021201210201021202102012102120210120212012102010212021
10212021012021201210201202120102012102120210120212012102012021201
10212021012021201210212010201202120102120210120212012102120102012
10212021012021201210212010201210120102120210120212012102120102012
10212021012021201210212010210121020102120210120212012102120102101
10212021012102010210120102012021020102120210121020102101201020120
10212021012102010210120102120121020102120210121020102101201021201
10212021012102010210120210201202120102120210121020102101202102012
10212021012102010210120210201210120102120210121020102101202102012
10212021012102010210121021201210120102120210121020102101210212012
10212021012102010212010201202102012102120210121020102120102012021
10212021012102010212012101201021012102120210121020102120121012010
10212021012102010212012101202102012102120210121020102120121012021
10212021012102010212012102012021020102120210121020102120121020120
10212021012102010212021012010212012102120210121020102120210120102
10212021012102010212021020120210120102120210121020102120210201202
10212021012102010212021020120212012102120210121020102120210201202
10212021012102012021012010201202120102120210121020120210120102012
10212021012102012021012010201210120102120210121020120210120102012
10212021012102012021012010210121020102120210121020120210120102101
10212021012102012021020102101202120102120210121020120210201021012
10212021012102012021020102120102012102120210121020120210201021201
10212021012102012021201020120210120102120210121020120212010201202
10212021012102012021201021012021020102120210121020120212010210120
10212021012102012021201021202102012102120210121020120212010212021
10212021012102012021201210120102012102120210121020120212012101201
10212021012102012021201210201021012102120210121020120212012102010
10212021012102012021201210212021020102120210121020120212012102120
10212021012102012101201020120210120102120210121020121012010201202
10212021012102012101201020120212012102120210121020121012010201202
10212021012102012101201021012021020102120210121020121012010210120
10212021012102012101201021202102012102120210121020121012010212021
10212021012102012101202102010210120102120210121020121012021020102
10212021012102012101202102010212012102120210121020121012021020102
10212021012102120102012021201210120102120210121021201020120212012
10212021012102120102012101202102012102120210121021201020121012021
10212021012102120102012102010210120102120210121021201020121020102
10212021012102120102012102010212012102120210121021201020121020102
10212021012102120102101201020121020102120210121021201021012010201
10212021012102120102101202120102012102120210121021201021012021201
10212021012102120102101202120121020102120210121021201021012021201
10212021012102120102101210201202120102120210121021201021012102012
10212021012102120102101210201210120102120210121021201021012102012
10212021012102120121012010201202120102120210121021201210120102012
10212021012102120121012010210121020102120210121021201210120102101
10212021012102120121020102101202120102120210121021201210201021012
10212021012102120121020102120102012102120210121021201210201021201
10212021012102120121020120210121020102120210121021201210201202101
10212021012102120210201021201210120102120210121021202102010212012
10212021012102120210201202120121020102120210121021202102012021201
10212021020102101201020120210121020102120210201021012010201202101
10212021020102101201020121012021012102120210201021012010201210120
10212021020102101201021202101202120102120210201021012010212021012
10212021020102101202102012101202120102120210201021012021020121012
10212021020102101202120102012021012102120210201021012021201020120
10212021020102101202120121012021012102120210201021012021201210120
10212021020102101210201021201210120102120210201021012102010212012
10212021020102101210201202120102012102120210201021012102012021201
10212021020102101210201202120121020102120210201021012102012021201
10212021020102101210201210120102012102120210201021012102012101201
10212021020102101210201210120212012102120210201021012102012101202
10212021020102101210212010201202120102120210201021012102120102012
10212021020102101210212010201210120102120210201021012102120102012
10212021020102101210212012101202120102120210201021012102120121012
10212021020102120102012021201021012102120210201021201020120212010
10212021020102120102012021201210120102120210201021201020120212012
10212021020102120102012101201021012102120210201021201020121012010
10212021020102120102012101202102012102120210201021201020121012021
10212021020102120102012102010210120102120210201021201020121020102
10212021020102120102012102010212012102120210201021201020121020102
10212021020102120102012102120210120102120210201021201020121021202
10212021020102120121012010201202120102120210201021201210120102012
10212021020102120121012010212021012102120210201021201210120102120
10212021020102120121012021201021012102120210201021201210120212010
10212021020102120121020102101202120102120210201021201210201021012
10212021020102120121021202101202120102120210201021201210212021012
10212021020102120210120102012021012102120210201021202101201020120
10212021020102120210121020120212012102120210201021202101210201202
10212021020120210120102012101202120102120210201202101201020121012
10212021020120210120102120210121020102120210201202101201021202101
10212021020120210121020102101202120102120210201202101210201021012
10212021020120210121020102120102012102120210201202101210201021201
10212021020120210121020121012021012102120210201202101210201210120
10212021020120210121020121012021020102120210201202101210201210120
10212021020120210121021201020121020102120210201202101210212010201
10212021020120210121021202101202120102120210201202101210212021012
10212021020120212010201210120212012102120210201202120102012101202
10212021020120212010201210201021012102120210201202120102012102010
10212021020120212012101201020121020102120210201202120121012010201
10212021020120212012101202120102012102120210201202120121012021201
10212021020120212012102010212021012102120210201202120121020102120
10212021020120212012102120210121020102120210201202120121021202101
10212021020121012010201202120102012102120210201210120102012021201
10212021020121012010201202120121020102120210201210120102012021201
10212021020121012010201210201021012102120210201210120102012102010
10212021020121012010212012101202120102120210201210120102120121012
10212021020121012021012102010210120102120210201210120210121020102
10212021020121012021012102010212012102120210201210120210121020102
10212021020121012021012102012021020102120210201210120210121020120
10212021020121012021012102120102012102120210201210120210121021201
10212021020121012021012102120121020102120210201210120210121021201
10212021020121012021012102120210120102120210201210120210121021202
10212021020121012021020102101202120102120210201210120210201021012
10212021020121012021020102120102012102120210201210120210201021201
10212021020121012021201020120210120102120210201210120212010201202
10212021020121012021201020120212012102120210201210120212010201202
10212021020121012021201021012021020102120210201210120212010210120
10212021020121012021201210120102012102120210201210120212012101201
10212021020121012021201210201021012102120210201210120212012102010
10212021020121012021201210201202120102120210201210120212012102012
10212021020121021201020120210121020102120210201210212010201202101
10212021020121021201020121012021012102120210201210212010201210120
10212021020121021201020121012021020102120210201210212010201210120
10212021020121021201210120210121020102120210201210212012101202101
10212021020121021202101201020121020102120210201210212021012010201
10212021020121021202101202120121020102120210201210212021012021201
10212021020121021202101210201202120102120210201210212021012102012
10212021020121021202101210201210120102120210201210212021012102012
12010201202101201020121012021012102120102012021012010201210120210
12010201202101201020121012021020102120102012021012010201210120210
12010201202101201020121020102101202120102012021012010201210201021
12010201202101201020121021202101202120102012021012010201210212021
12010201202101201021012102012101202120102012021012010210121020121
12010201202101201021202101210201202120102012021012010212021012102
12010201202101201021202101210201210120102012021012010212021012102
12010201202101201021202102012101202120102012021012010212021020121
12010201202101210201021012021020102120102012021012102010210120210
12010201202101210201021012021201210120102012021012102010210120212
12010201202101210201021012102120210120102012021012102010210121021
12010201202101210201021201210201202120102012021012102010212012102
12010201202101210201021202102010210120102012021012102010212021020
12010201202101210201021202102012102120102012021012102010212021020
12010201202101210201202120102120210120102012021012102012021201021
12010201202101210201202120121020102120102012021012102012021201210
12010201202101210201210120102012102120102012021012102012101201020
12010201202101210201210120102101202120102012021012102012101201021
12010201202101210201210120102120210120102012021012102012101201021
12010201202101210201210120210201202120102012021012102012101202102
12010201202101210201210120212010210120102012021012102012101202120
12010201202101210201210120212012102120102012021012102012101202120
12010201202101210212010210121020102120102012021012102120102101210
12010201202101210212021012021201210120102012021012102120210120212
12010201202101210212021020102101202120102012021012102120210201021
12010201202101210212021020102120210120102012021012102120210201021
12010201202102010210120102012101202120102012021020102101201020121
12010201202102010210120212010201210120102012021020102101202120102
12010201202102010210121020102120210120102012021020102101210201021
12010201202102010210121021202101202120102012021020102101210212021
12010201202102010212021012021201210120102012021020102120210120212
12010201202102010212021012102010210120102012021020102120210121020
12010201202102012101201020121020102120102012021020121012010201210
12010201202102012101201021202101202120102012021020121012010212021
12010201202102012101202101210201202120102012021020121012021012102
12010201202102012101202101210201210120102012021020121012021012102
12010201202102012101202120102120210120102012021020121012021201021
12010201202102012101202120121020102120102012021020121012021201210
12010201202102012102120102012101202120102012021020121021201020121
12010201202102012102120210121020102120102012021020121021202101210
12010201202120102012101202102010210120102012021201020121012021020
12010201202120102012102120210201210120102012021201020121021202102
12010201202120102101201020121020102120102012021201021012010201210
12010201202120102101202120121020102120102012021201021012021201210
12010201202120102101210201021201210120102012021201021012102010212
12010201202120102101210212010201210120102012021201021012102120102
12010201202120102101210212021020102120102012021201021012102120210
12010201202120102120210120102012102120102012021201021202101201020
12010201202120102120210120212010210120102012021201021202101202120
12010201202120102120210120212012102120102012021201021202101202120
12010201202120102120210121020120210120102012021201021202101210201
12010201202120102120210121021201210120102012021201021202101210212
12010201202120102120210201021012102120102012021201021202102010210
12010201202120102120210201021201210120102012021201021202102010212
12010201202120121012010210121020102120102012021201210120102101210
12010201202120121012010212021012102120102012021201210120102120210
12010201202120121012010212021020102120102012021201210120102120210
12010201202120121012021012102010210120102012021201210120210121020
12010201202120121012021012102120210120102012021201210120210121021
12010201202120121012021020102101202120102012021201210120210201021
12010201202120121012021020102120210120102012021201210120210201021
12010201202120121012021201021012102120102012021201210120212010210
12010201202120121020102101210201210120102012021201210201021012102
12010201202120121020102120210201210120102012021201210201021202102
12010201202120121020120210121020102120102012021201210201202101210
12010201202120121021201020121020102120102012021201210212010201210
12010201202120121021202101210201210120102012021201210212021012102
12010201202120121021202102012101202120102012021201210212021020121
12010201210120102012021020102101202120102012101201020120210201021
12010201210120102012021201021012102120102012101201020120212010210
12010201210120102101202102012101202120102012101201021012021020121
12010201210120102101202120102120210120102012101201021012021201021
12010201210120102101202120121020102120102012101201021012021201210
12010201210120102101210212012101202120102012101201021012102120121
12010201210120102101210212021020102120102012101201021012102120210
12010201210120102120121012021012102120102012101201021201210120210
12010201210120102120121012021020102120102012101201021201210120210
12010201210120102120121020102101202120102012101201021201210201021
12010201210120102120121020102120210120102012101201021201210201021
12010201210120102120121021202101202120102012101201021201210212021
12010201210120102120210120212010210120102012101201021202101202120
12010201210120102120210120212012102120102012101201021202101202120
12010201210120102120210121020120210120102012101201021202101210201
12010201210120102120210201021012102120102012101201021202102010210
12010201210120210121020120212010210120102012101202101210201202120
12010201210120210121020120212012102120102012101202101210201202120
12010201210120210121021201020120210120102012101202101210212010201
12010201210120210121021201210201202120102012101202101210212012102
12010201210120210121021202102010210120102012101202101210212021020
12010201210120210121021202102012102120102012101202101210212021020
12010201210120210201021012010201202120102012101202102010210120102
12010201210120210201021012021201210120102012101202102010210120212
12010201210120210201021012102120210120102012101202102010210121021
12010201210120210201021201020120210120102012101202102010212010201
12010201210120210201021201210201202120102012101202102010212012102
12010201210120210201021202102012102120102012101202102010212021020
12010201210120210201202120102120210120102012101202102012021201021
12010201210120210201202120121020102120102012101202102012021201210
12010201210120210201210212012101202120102012101202102012102120121
12010201210120210201210212021012102120102012101202102012102120210
12010201210120210201210212021020102120102012101202102012102120210
12010201210120212010201202102010210120102012101202120102012021020
12010201210120212010201202102012102120102012101202120102012021020
12010201210120212010201210212010210120102012101202120102012102120
12010201210120212010210120210201202120102012101202120102101202102
12010201210120212010210121020120210120102012101202120102101210201
12010201210120212010210121021201210120102012101202120102101210212
12010201210120212010212021020120210120102012101202120102120210201
12010201210120212012101201021012102120102012101202120121012010210
12010201210120212012102012021012102120102012101202120121020120210
12010201210120212012102012021020102120102012101202120121020120210
12010201210120212012102120102101202120102012101202120121021201021
12010201210120212012102120210201202120102012101202120121021202102
12010201210201021012010212012101202120102012102010210120102120121
12010201210201021012010212021012102120102012102010210120102120210
12010201210201021012010212021020102120102012102010210120102120210
12010201210201021012021020102120210120102012102010210120210201021
12010201210201021012021201020120210120102012102010210120212010201
12010201210201021012021201021012102120102012102010210120212010210
12010201210201021012021201210201202120102012102010210120212012102
12010201210201021012102012021012102120102012102010210121020120210
12010201210201021012102012021020102120102012102010210121020120210
12010201210201021012102012021201210120102012102010210121020120212
12010201210201021012102120102101202120102012102010210121021201021
12010201210201021012102120121020102120102012102010210121021201210
12010201210201021012102120210201202120102012102010210121021202102
12010201210201021012102120210201210120102012102010210121021202102
12010201210201021201020120210201210120102012102010212010201202102
12010201210201021201020120212010210120102012102010212010201202120
12010201210201021201020120212012102120102012102010212010201202120
12010201210201021201020121021201210120102012102010212010201210212
12010201210201021201210120102101202120102012102010212012101201021
12010201210201021201210120102120210120102012102010212012101201021
12010201210201021201210120210201202120102012102010212012101202102
12010201210201021201210120210201210120102012102010212012101202102
12010201210201021201210120212010210120102012102010212012101202120
12010201210201021201210120212012102120102012102010212012101202120
12010201210201021201210212021012102120102012102010212012102120210
12010201210201021201210212021020102120102012102010212012102120210
12010201210201021202101201021012102120102012102010212021012010210
12010201210201021202101201021201210120102012102010212021012010212
12010201210201021202101210212010210120102012102010212021012102120
12010201210201021202102012021012102120102012102010212021020120210
12010201210201021202102012021201210120102012102010212021020120212
12010201210201021202102012102120210120102012102010212021020121021
12010201210212010201202101210201210120102012102120102012021012102
12010201210212010201202120102120210120102012102120102012021201021
12010201210212010210120102012101202120102012102120102101201020121
12010201210212010210121020102101202120102012102120102101210201021
12010201210212010210121020102120210120102012102120102101210201021
12010201210212010210121021202101202120102012102120102101210212021
12010201210212012101201020121020102120102012102120121012010201210
12010201210212012101201021202101202120102012102120121012010212021
12010201210212012101202101210201202120102012102120121012021012102
12010201210212012101202101210201210120102012102120121012021012102
12010201210212012101202120102120210120102012102120121012021201021
12010201210212012101202120121020102120102012102120121012021201210
12010201210212021012010210121020102120102012102120210120102101210
12010201210212021012010212012101202120102012102120210120102120121
12010201210212021012010212021020102120102012102120210120102120210
12010201210212021012021201020120210120102012102120210120212010201
12010201210212021012021201021012102120102012102120210120212010210
12010201210212021012021201210201202120102012102120210120212012102
12010201210212021012102012021020102120102012102120210121020120210
12010201210212021012102012021201210120102012102120210121020120212
12010201210212021012102120102101202120102012102120210121021201021
12010201210212021012102120121020102120102012102120210121021201210
12010201210212021020102101210201202120102012102120210201021012102
12010201210212021020102101210201210120102012102120210201021012102
12010201210212021020120210121020102120102012102120210201202101210
12010201210212021020120212012101202120102012102120210201202120121
12010201210212021020121012010201202120102012102120210201210120102
12010201210212021020121012021012102120102012102120210201210120210
12010201210212021020121012021020102120102012102120210201210120210
12010201210212021020121012021201210120102012102120210201210120212
12010210120102012021012102012101202120102101201020120210121020121
12010210120102012021201021202101202120102101201020120212010212021
12010210120102012101201021202101202120102101201020121012010212021
12010210120102012101202101210201202120102101201020121012021012102
12010210120102012101202120102012102120102101201020121012021201020
12010210120102012102010212010201202120102101201020121020102120102
12010210120102012102010212012101202120102101201020121020102120121
12010210120102012102010212021012102120102101201020121020102120210
12010210120210201021012102012101202120102101202102010210121020121
12010210120210201021202101210201202120102101202102010212021012102
12010210120210201021202101210201210120102101202102010212021012102
12010210120210201021202102012101202120102101202102010212021020121
12010210120210201202120102012101202120102101202102012021201020121
12010210120210201210120212010201210120102101202102012101202120102
12010210120212010201202101210201210120102101202120102012021012102
12010210120212010201210120212012102120102101202120102012101202120
12010210120212010201210201021012102120102101202120102012102010210
12010210120212010201210201021201210120102101202120102012102010212
12010210120212010201210212021012102120102101202120102012102120210
12010210120212010212021012010201210120102101202120102120210120102
12010210120212010212021012021201210120102101202120102120210120212
12010210120212012101202101210201202120102101202120121012021012102
12010210120212012101202101210201210120102101202120121012021012102
12010210120212012102010212010201202120102101202120121020102120102
12010210120212012102010212010201210120102101202120121020102120102
12010210120212012102010212021012102120102101202120121020102120210
12010210121020102101201021202101202120102101210201021012010212021
12010210121020102101202102012101202120102101210201021012021020121
12010210121020102101202120102012102120102101210201021012021201020
12010210121020102101202120102120210120102101210201021012021201021
12010210121020102120102012021012102120102101210201021201020120210
12010210121020102120102012021201210120102101210201021201020120212
12010210121020102120102012102120210120102101210201021201020121021
12010210121020102120121012010201202120102101210201021201210120102
12010210121020102120121012021012102120102101210201021201210120210
12010210121020102120121021202101202120102101210201021201210212021
12010210121020102120210120102012102120102101210201021202101201020
12010210121020102120210120212012102120102101210201021202101202120
12010210121020102120210121020120210120102101210201021202101210201
12010210121020102120210121021201210120102101210201021202101210212
12010210121020120210120102012101202120102101210201202101201020121
12010210121020120210121021202101202120102101210201202101210212021
12010210121020120210201021202101202120102101210201202102010212021
12010210121020120212010212021012102120102101210201202120102120210
12010210121020121012010212012101202120102101210201210120102120121
12010210121020121012010212021012102120102101210201210120102120210
12010210121020121012021012102120210120102101210201210120210121021
12010210121020121012021020102101202120102101210201210120210201021
12010210121020121012021020102120210120102101210201210120210201021
12010210121020121012021201020120210120102101210201210120212010201
12010210121020121012021201210201202120102101210201210120212012102
12010210121021201020120212012101202120102101210212010201202120121
12010210121021201020121012010201202120102101210212010201210120102
12010210121021201020121012021201210120102101210212010201210120212
12010210121021201020121020102101202120102101210212010201210201021
12010210121021201020121020102120210120102101210212010201210201021
12010210121021201020121021202101202120102101210212010201210212021
12010210121021201210120102012101202120102101210212012101201020121
12010210121021201210120212010201210120102101210212012101202120102
12010210121021201210201021202101202120102101210212012102010212021
12010210121021202101202120102012102120102101210212021012021201020
12010210121021202101202120102120210120102101210212021012021201021
12010210121021202101210201021201210120102101210212021012102010212
12010210121021202102010212010201202120102101210212021020102120102
12010210121021202102010212010201210120102101210212021020102120102
12010210121021202102010212012101202120102101210212021020102120121
12010212012101201020121020102120210120102120121012010201210201021
12010212012101202101210212010201210120102120121012021012102120102
12010212012101202102010212010201210120102120121012021020102120102
12010212012101202120102012102010210120102120121012021201020121020
12010212012101202120102012102120210120102120121012021201020121021
12010212012101202120102101210201210120102120121012021201021012102
12010212012101202120102120210201210120102120121012021201021202102
12010212012101202120121020102120210120102120121012021201210201021
12010212012102010210120212010201210120102120121020102101202120102
12010212012102010212021012010201210120102120121020102120210120102
12010212012102010212021012021201210120102120121020102120210120212
12010212012102010212021012102010210120102120121020102120210121020
12010212012102120210120212010201210120102120121021202101202120102
12010212012102120210121020102120210120102120121021202101210201021
12010212021012010201202101210201202120102120210120102012021012102
12010212021012010201202101210201210120102120210120102012021012102
12010212021012010201202102012101202120102120210120102012021020121
12010212021012010201210120102101202120102120210120102012101201021
12010212021012010201210120210201202120102120210120102012101202102
12010212021012010201210201021201210120102120210120102012102010212
12010212021012010201210212010201202120102120210120102012102120102
12010212021012010201210212012101202120102120210120102012102120121
12010212021012010210121020102101202120102120210120102101210201021
12010212021012010210121021202101202120102120210120102101210212021
12010212021012021201020120210201210120102120210120212010201202102
12010212021012021201020121021201210120102120210120212010201210212
12010212021012021201021012010201202120102120210120212010210120102
12010212021012021201021012010201210120102120210120212010210120102
12010212021012021201021012102010210120102120210120212010210121020
12010212021012021201021202102010210120102120210120212010212021020
12010212021012021201210120102101202120102120210120212012101201021
12010212021012021201210120210201202120102120210120212012101202102
12010212021012021201210120210201210120102120210120212012101202102
12010212021012021201210201021201210120102120210120212012102010212
12010212021012021201210212010201202120102120210120212012102120102
12010212021012021201210212010201210120102120210120212012102120102
12010212021012102010210120210201202120102120210121020102101202102
12010212021012102010210120210201210120102120210121020102101202102
12010212021012102010210121021201210120102120210121020102101210212
12010212021012102010212021020120210120102120210121020102120210201
12010212021012102012021012010201202120102120210121020120210120102
12010212021012102012021012010201210120102120210121020120210120102
12010212021012102012021020102101202120102120210121020120210201021
12010212021012102012021201020120210120102120210121020120212010201
12010212021012102012101201020120210120102120210121020121012010201
12010212021012102012101202102010210120102120210121020121012021020
12010212021012102120102012021201210120102120210121021201020120212
12010212021012102120102012102010210120102120210121021201020121020
12010212021012102120102101210201202120102120210121021201021012102
12010212021012102120102101210201210120102120210121021201021012102
12010212021012102120121012010201202120102120210121021201210120102
12010212021012102120121020102101202120102120210121021201210201021
12010212021012102120210201021201210120102120210121021202102010212
12010212021020102101201021202101202120102120210201021012010212021
12010212021020102101202102012101202120102120210201021012021020121
12010212021020102101210201021201210120102120210201021012102010212
12010212021020102101210212010201202120102120210201021012102120102
12010212021020102101210212010201210120102120210201021012102120102
12010212021020102101210212012101202120102120210201021012102120121
12010212021020102120102012021201210120102120210201021201020120212
12010212021020102120102012102010210120102120210201021201020121020
12010212021020102120102012102120210120102120210201021201020121021
12010212021020102120121012010201202120102120210201021201210120102
12010212021020102120121020102101202120102120210201021201210201021
12010212021020102120121021202101202120102120210201021201210212021
12010212021020120210120102012101202120102120210201202101201020121
12010212021020120210121020102101202120102120210201202101210201021
12010212021020120210121021202101202120102120210201202101210212021
12010212021020121012010212012101202120102120210201210120102120121
12010212021020121012021012102010210120102120210201210120210121020
12010212021020121012021012102120210120102120210201210120210121021
12010212021020121012021020102101202120102120210201210120210201021
12010212021020121012021201020120210120102120210201210120212010201
12010212021020121012021201210201202120102120210201210120212012102
12010212021020121021202101210201202120102120210201210212021012102
12010212021020121021202101210201210120102120210201210212021012102
12012101201020120210121020102101202120121012010201202101210201021
12012101201020120210121021202101202120121012010201202101210212021
12012101201020120210201021202101202120121012010201202102010212021
12012101201020120212010210121020102120121012010201202120102101210
12012101201020120212010212021012102120121012010201202120102120210
12012101201020120212010212021020102120121012010201202120102120210
12012101201020121012021020102101202120121012010201210120210201021
12012101201020121012021201021012102120121012010201210120212010210
12012101201020121020102101210201202120121012010201210201021012102
12012101201020121020102120102012102120121012010201210201021201020
12012101201020121020102120210120102120121012010201210201021202101
12012101201020121020102120210201202120121012010201210201021202102
12012101201020121021202101210201202120121012010201210212021012102
12012101201020121021202102012101202120121012010201210212021020121
12012101201021012021201020121020102120121012010210120212010201210
12012101201021012021201021202101202120121012010210120212010212021
12012101201021012102010212010201202120121012010210121020102120102
12012101201021012102010212021012102120121012010210121020102120210
12012101201021012102120102012101202120121012010210121021201020121
12012101201021012102120210121020102120121012010210121021202101210
12012101201021201210201021202101202120121012010212012102010212021
12012101201021202101201020121020102120121012010212021012010201210
12012101201021202101202120102012102120121012010212021012021201020
12012101201021202101202120121020102120121012010212021012021201210
12012101201021202101210201021012102120121012010212021012102010210
12012101201021202101210212010201202120121012010212021012102120102
12012101201021202101210212021020102120121012010212021012102120210
12012101201021202102010210121020102120121012010212021020102101210
12012101201021202102010212010201202120121012010212021020102120102
12012101202101210201021012010201202120121012021012102010210120102
12012101202101210201021012021020102120121012021012102010210120210
12012101202101210201021201210201202120121012021012102010212012102
12012101202101210201021202102012102120121012021012102010212021020
12012101202101210201202120102012102120121012021012102012021201020
12012101202101210201202120102101202120121012021012102012021201021
12012101202101210201202120121020102120121012021012102012021201210
12012101202101210201210120102012102120121012021012102012101201020
12012101202101210201210120102101202120121012021012102012101201021
12012101202101210201210120210201202120121012021012102012101202102
12012101202101210212010201210120102120121012021012102120102012101
12012101202101210212010210121020102120121012021012102120102101210
12012101202101210212021012010201202120121012021012102120210120102
12012101202101210212021020102101202120121012021012102120210201021
12012101202102010210120212010201202120121012021020102101202120102
12012101202102010210121021202101202120121012021020102101210212021
12012101202102010212010201210120102120121012021020102120102012101
12012101202102010212021012010201202120121012021020102120210120102
12012101202102012021201020121020102120121012021020120212010201210
12012101202102012021201021202101202120121012021020120212010212021
12012101202102012101201020121020102120121012021020121012010201210
12012101202102012101201021202101202120121012021020121012010212021
12012101202102012102120210121020102120121012021020121021202101210
12012101202120102012101201021012102120121012021201020121012010210
12012101202120102012101202102012102120121012021201020121012021020
12012101202120102012102010210120102120121012021201020121020102101
12012101202120102012102120210120102120121012021201020121021202101
12012101202120102012102120210201202120121012021201020121021202102
12012101202120102101201020121020102120121012021201021012010201210
12012101202120102101210201210120102120121012021201021012102012101
12012101202120102101210212010201202120121012021201021012102120102
12012101202120102101210212021020102120121012021201021012102120210
12012101202120102120210120102012102120121012021201021202101201020
12012101202120102120210201021012102120121012021201021202102010210
12012101202120102120210201210120102120121012021201021202102012101
12012101202120121020102120102012102120121012021201210201021201020
12012101202120121020102120210120102120121012021201210201021202101
12012101202120121020120210121020102120121012021201210201202101210
12012101202120121021201020121020102120121012021201210212010201210
12012102010210120210201021202101202120121020102101202102010212021
12012102010210120212010201210120102120121020102101202120102012101
12012102010210120212010212021012102120121020102101202120102120210
12012102010210120212010212021020102120121020102101202120102120210
12012102010210121020121012010201202120121020102101210201210120102
12012102010210121020121012021012102120121020102101210201210120210
12012102010210121020121012021020102120121020102101210201210120210
12012102010210121021202101210201202120121020102101210212021012102
12012102010210121021202102012101202120121020102101210212021020121
12012102010212010201202101210201202120121020102120102012021012102
12012102010212010201202102012101202120121020102120102012021020121
12012102010212010201202120102101202120121020102120102012021201021
12012102010212010201210120102101202120121020102120102012101201021
12012102010212010201210120210201202120121020102120102012101202102
12012102010212010201210201021012102120121020102120102012102010210
12012102010212010201210212012101202120121020102120102012102120121
12012102010212010201210212021012102120121020102120102012102120210
12012102010212012101201021202101202120121020102120121012010212021
12012102010212012101202101210201202120121020102120121012021012102
12012102010212021012010201210120102120121020102120210120102012101
12012102010212021012010212012101202120121020102120210120102120121
12012102010212021012021201021012102120121020102120210120212010210
12012102010212021012021201210120102120121020102120210120212012101
12012102010212021012102010210120102120121020102120210121020102101
12012102010212021012102120102101202120121020102120210121021201021
12012102010212021012102120210201202120121020102120210121021202102
12012102010212021020102101210201202120121020102120210201021012102
12012102010212021020121012010201202120121020102120210201210120102
12012102010212021020121012021012102120121020102120210201210120210
12012102010212021020121021202101202120121020102120210201210212021
12012102012021012102010212010201202120121020120210121020102120102
12012102012021012102010212012101202120121020120210121020102120121
12012102012021012102010212021012102120121020120210121020102120210
12012102012021012102120102012101202120121020120210121021201020121
12012102012021020102120102012101202120121020120210201021201020121
12012102012021020102120210121020102120121020120210201021202101210
12012102012021201020120210121020102120121020120212010201202101210
12012102012021201020121012021012102120121020120212010201210120210
12012102012021201020121012021020102120121020120212010201210120210
12012102012021201020121020102101202120121020120212010201210201021
12012102012021201020121021202101202120121020120212010201210212021
12012102012021201021012102012101202120121020120212010210121020121
12012102012021201021202102012101202120121020120212010212021020121
12012102012021201210120210121020102120121020120212012101202101210
12012102120102012021012102012101202120121021201020120210121020121
12012102120102012021201021202101202120121021201020120212010212021
12012102120102012101201021202101202120121021201020121012010212021
12012102120102012101202101210201202120121021201020121012021012102
12012102120102012102010212010201202120121021201020121020102120102
12012102120102012102010212012101202120121021201020121020102120121
12012102120102101202120102012101202120121021201021012021201020121
12012102120102101210201021202101202120121021201021012102010212021
12012102120210120212010201210120102120121021202101202120102012101
12012102120210120212010210121020102120121021202101202120102101210
12012102120210120212010212021020102120121021202101202120102120210
12012102120210121020102120210120102120121021202101210201021202101
12012102120210121020102120210201202120121021202101210201021202102
12012102120210121020121012010201202120121021202101210201210120102
12012102120210121020121012021020102120121021202101210201210120210
12012102120210121021201020121020102120121021202101210212010201210
12012102120210201021012102012101202120121021202102010210121020121
12012102120210201021201020121020102120121021202102010212010201210
12012102120210201021202101210201202120121021202102010212021012102
12012102120210201202120102012101202120121021202102012021201020121
12012102120210201210120210121020102120121021202102012101202101210
12012102120210201210120212010201202120121021202102012101202120102
12021012010201202101210201021012102120210120102012021012102010210
12021012010201202101210201202120102120210120102012021012102012021
12021012010201202101210201210120102120210120102012021012102012101
12021012010201202101210212021020102120210120102012021012102120210
12021012010201202102010210121020102120210120102012021020102101210
12021012010201202102012101202120102120210120102012021020121012021
12021012010201202120102120210121020120210120102012021201021202101
12021012010201202120121012021012102120210120102012021201210120210
12021012010201202120121012021020102120210120102012021201210120210
12021012010201210120102101202120102120210120102012101201021012021
12021012010201210120102120121020102120210120102012101201021201210
12021012010201210120102120210121020120210120102012101201021202101
12021012010201210120210121021201020120210120102012101202101210212
12021012010201210120210201021012102120210120102012101202102010210
12021012010201210120210201021201020120210120102012101202102010212
12021012010201210120210201202120102120210120102012101202102012021
12021012010201210120212010210121020120210120102012101202120102101
12021012010201210120212010212021020120210120102012101202120102120
12021012010201210201021012021020102120210120102012102010210120210
12021012010201210201021012021201020120210120102012102010210120212
12021012010201210201021201210120102120210120102012102010212012101
12021012010201210201021202102012102120210120102012102010212021020
12021012010201210212010201202120102120210120102012102120102012021
12021012010201210212010210121020102120210120102012102120102101210
12021012010201210212012101202120102120210120102012102120121012021
12021012010201210212021012021201020120210120102012102120210120212
12021012010210121020102101202120102120210120102101210201021012021
12021012010210121020102120102012102120210120102101210201021201020
12021012010210121020102120210121020120210120102101210201021202101
12021012010210121020121012021012102120210120102101210201210120210
12021012010210121020121012021020102120210120102101210201210120210
12021012010210121020121012021201020120210120102101210201210120212
12021012010210121021201020121020102120210120102101210212010201210
12021012010210121021202101202120102120210120102101210212021012021
12021012010212012101201020121020102120210120102120121012010201210
12021012010212012101202120102012102120210120102120121012021201020
12021012010212012101202120121020102120210120102120121012021201210
12021012010212012102120210121020102120210120102120121021202101210
12021012010212021012102010212021020120210120102120210121020102120
12021012010212021012102012021201020120210120102120210121020120212
12021012010212021012102012101201020120210120102120210121020121012
12021012010212021020102120102012102120210120102120210201021201020
12021012010212021020121012021012102120210120102120210201210120210
12021012010212021020121012021201020120210120102120210201210120212
12021012021201020120210120102012102120210120212010201202101201020
12021012021201020120210201021012102120210120212010201202102010210
12021012021201020120210201210120102120210120212010201202102012101
12021012021201020121012010212012102120210120212010201210120102120
12021012021201020121021201021012102120210120212010201210212010210
12021012021201020121021201210120102120210120212010201210212012101
12021012021201021012010201202120102120210120212010210120102012021
12021012021201021012010201210120102120210120212010210120102012101
12021012021201021012102010210120102120210120212010210121020102101
12021012021201021012102010212012102120210120212010210121020102120
12021012021201021012102012021012102120210120212010210121020120210
12021012021201021012102012021020102120210120212010210121020120210
12021012021201021012102120102012102120210120212010210121021201020
12021012021201021012102120121020102120210120212010210121021201210
12021012021201021202101201021012102120210120212010212021012010210
12021012021201021202102010210120102120210120212010212021020102101
12021012021201021202102010212012102120210120212010212021020102120
12021012021201021202102012021012102120210120212010212021020120210
12021012021201210120102012021012102120210120212012101201020120210
12021012021201210120102012021020102120210120212012101201020120210
12021012021201210120102101202120102120210120212012101201021012021
12021012021201210120102120121020102120210120212012101201021201210
12021012021201210120210201021012102120210120212012101202102010210
12021012021201210120210201202120102120210120212012101202102012021
12021012021201210120210201210120102120210120212012101202102012101
12021012021201210201021012021020102120210120212012102010210120210
12021012021201210201021201210120102120210120212012102010212012101
12021012021201210201021202102012102120210120212012102010212021020
12021012021201210201202120102012102120210120212012102012021201020
12021012021201210212010201202120102120210120212012102120102012021
12021012021201210212010201210120102120210120212012102120102012101
12021012021201210212010210121020102120210120212012102120102101210
12021012102010210120102012021020102120210121020102101201020120210
12021012102010210120102012021201210120210121020102101201020120212
12021012102010210120102120121020102120210121020102101201021201210
12021012102010210120102120210201210120210121020102101201021202102
12021012102010210120210201021201020120210121020102101202102010212
12021012102010210120210201021201210120210121020102101202102010212
12021012102010210120210201202120102120210121020102101202102012021
12021012102010210120210201210120102120210121020102101202102012101
12021012102010210120212010212021020120210121020102101202120102120
12021012102010210120212012101201020120210121020102101202120121012
12021012102010210121021201210120102120210121020102101210212012101
12021012102010210121021202101201020120210121020102101210212021012
12021012102010212010201202102012102120210121020102120102012021020
12021012102010212010201202120121020120210121020102120102012021201
12021012102010212010201210212021020120210121020102120102012102120
12021012102010212012101201021012102120210121020102120121012010210
12021012102010212012101202102012102120210121020102120121012021020
12021012102010212012101202120121020120210121020102120121012021201
12021012102010212012102012021020102120210121020102120121020120210
12021012102010212012102012021201020120210121020102120121020120212
12021012102010212012102012021201210120210121020102120121020120212
12021012102010212012102120210201210120210121020102120121021202102
12021012102010212021012010212012102120210121020102120210120102120
12021012102010212021012102120121020120210121020102120210121021201
12021012102010212021020102101201020120210121020102120210201021012
12021012102010212021020120210120102120210121020102120210201202101
12021012102010212021020120212012102120210121020102120210201202120
12021012102010212021020121021201020120210121020102120210201210212
12021012102010212021020121021201210120210121020102120210201210212
12021012102012021012010201202120102120210121020120210120102012021
12021012102012021012010201210120102120210121020120210120102012101
12021012102012021012010210121020102120210121020120210120102101210
12021012102012021020102101202120102120210121020120210201021012021
12021012102012021020102101210201210120210121020120210201021012102
12021012102012021020102120102012102120210121020120210201021201020
12021012102012021020102120210201210120210121020120210201021202102
12021012102012021201020120210120102120210121020120212010201202101
12021012102012021201020120210201210120210121020120212010201202102
12021012102012021201020121021201210120210121020120212010201210212
12021012102012021201021012010201210120210121020120212010210120102
12021012102012021201021012021020102120210121020120212010210120210
12021012102012021201021012021201210120210121020120212010210120212
12021012102012021201021202101201020120210121020120212010212021012
12021012102012021201021202102012102120210121020120212010212021020
12021012102012021201210120102012102120210121020120212012101201020
12021012102012021201210201021012102120210121020120212012102010210
12021012102012021201210201021201020120210121020120212012102010212
12021012102012021201210201021201210120210121020120212012102010212
12021012102012021201210212010201210120210121020120212012102120102
12021012102012021201210212021020102120210121020120212012102120210
12021012102012101201020120210120102120210121020121012010201202101
12021012102012101201020120210201210120210121020121012010201202102
12021012102012101201020120212012102120210121020121012010201202120
12021012102012101201020121021201020120210121020121012010201210212
12021012102012101201020121021201210120210121020121012010201210212
12021012102012101201021012021020102120210121020121012010210120210
12021012102012101201021012021201020120210121020121012010210120212
12021012102012101201021012021201210120210121020121012010210120212
12021012102012101201021202101201020120210121020121012010212021012
12021012102012101201021202102012102120210121020121012010212021020
12021012102012101202101210212021020120210121020121012021012102120
12021012102012101202102010210120102120210121020121012021020102101
12021012102012101202102010212012102120210121020121012021020102120
12021012102012101202102010212021020120210121020121012021020102120
12021012102012101202102012021201020120210121020121012021020120212
12021012102012101202102012021201210120210121020121012021020120212
12021012102012101202120102101201020120210121020121012021201021012
12021012102012101202120121021201020120210121020121012021201210212
12021012102120102012021012010201210120210121021201020120210120102
12021012102120102012021201210120102120210121021201020120212012101
12021012102120102012101201021201210120210121021201020121012010212
12021012102120102012101202102012102120210121021201020121012021020
12021012102120102012101202120121020120210121021201020121012021201
12021012102120102012102010210120102120210121021201020121020102101
12021012102120102012102010210121020120210121021201020121020102101
12021012102120102012102010212012102120210121021201020121020102120
12021012102120102012102010212021020120210121021201020121020102120
12021012102120102012102120210201210120210121021201020121021202102
12021012102120102101201020121020102120210121021201021012010201210
12021012102120102101202120102012102120210121021201021012021201020
12021012102120102101202120121020102120210121021201021012021201210
12021012102120102101210201021201020120210121021201021012102010212
12021012102120102101210201021201210120210121021201021012102010212
12021012102120102101210201202120102120210121021201021012102012021
12021012102120102101210201210120102120210121021201021012102012101
12021012102120121012010201202120102120210121021201210120102012021
12021012102120121012010210121020102120210121021201210120102101210
12021012102120121020102101202120102120210121021201210201021012021
12021012102120121020102101210201210120210121021201210201021012102
12021012102120121020102120102012102120210121021201210201021201020
12021012102120121020102120210201210120210121021201210201021202102
12021012102120121020120210121020102120210121021201210201202101210
12021012102120121020120212010201210120210121021201210201202120102
12021012102120210120102012021201210120210121021202101201020120212
12021012102120210120102101210201210120210121021202101201021012102
12021012102120210120102120210201210120210121021202101201021202102
12021012102120210120212010210121020120210121021202101202120102101
12021012102120210120212010212021020120210121021202101202120102120
12021012102120210120212012101201020120210121021202101202120121012
12021012102120210201021012010201210120210121021202102010210120102
12021012102120210201021012021201020120210121021202102010210120212
12021012102120210201021012021201210120210121021202102010210120212
12021012102120210201021201210120102120210121021202102010212012101
12021012102120210201021202101201020120210121021202102010212021012
12021012102120210201202101210201210120210121021202102012021012102
12021012102120210201202120121020102120210121021202102012021201210
12021012102120210201210212010201210120210121021202102012102120102
12021020102101201020120210121020102120210201021012010201202101210
12021020102101201020120212010201210120210201021012010201202120102
12021020102101201020121012021012102120210201021012010201210120210
12021020102101201020121012021201020120210201021012010201210120212
12021020102101201021202101202120102120210201021012010212021012021
12021020102101201021202101210201210120210201021012010212021012102
12021020102101202102012101202120102120210201021012021020121012021
12021020102101202120102012021012102120210201021012021201020120210
12021020102101202120102012021201210120210201021012021201020120212
12021020102101202120102012101201020120210201021012021201020121012
12021020102101202120102101210201210120210201021012021201021012102
12021020102101202120102120210121020120210201021012021201021202101
12021020102101202120102120210201210120210201021012021201021202102
12021020102101202120121012010201210120210201021012021201210120102
12021020102101202120121012021012102120210201021012021201210120210
12021020102101210201021201210120102120210201021012102010212012101
12021020102101210201021202101201020120210201021012102010212021012
12021020102101210201202120102012102120210201021012102012021201020
12021020102101210201202120121020102120210201021012102012021201210
12021020102101210201210120102012102120210201021012102012101201020
12021020102101210201210120210121020120210201021012102012101202101
12021020102101210201210120212010210120210201021012102012101202120
12021020102101210201210120212012102120210201021012102012101202120
12021020102101210212010201202120102120210201021012102120102012021
12021020102101210212010201210120102120210201021012102120102012101
12021020102101210212012101202120102120210201021012102120121012021
12021020102101210212021012010201210120210201021012102120210120102
12021020102101210212021012021201020120210201021012102120210120212
12021020102101210212021012021201210120210201021012102120210120212
12021020102120102012021012010201210120210201021201020120210120102
12021020102120102012021012102010210120210201021201020120210121020
12021020102120102012021201021012102120210201021201020120212010210
12021020102120102012021201210120102120210201021201020120212012101
12021020102120102012101201021012102120210201021201020121012010210
12021020102120102012101201021201210120210201021201020121012010212
12021020102120102012101202102012102120210201021201020121012021020
12021020102120102012101202120121020120210201021201020121012021201
12021020102120102012102010210120102120210201021201020121020102101
12021020102120102012102010210121020120210201021201020121020102101
12021020102120102012102010212012102120210201021201020121020102120
12021020102120102012102120210120102120210201021201020121021202101
12021020102120102012102120210121020120210201021201020121021202101
12021020102120102012102120210201210120210201021201020121021202102
12021020102120121012010201202120102120210201021201210120102012021
12021020102120121012010212021012102120210201021201210120102120210
12021020102120121012021012102010210120210201021201210120210121020
12021020102120121012021201021012102120210201021201210120212010210
12021020102120121020102101202120102120210201021201210201021012021
12021020102120121020102101210201210120210201021201210201021012102
12021020102120121020120212010201210120210201021201210201202120102
12021020102120121021202101202120102120210201021201210212021012021
12021020102120121021202101210201210120210201021201210212021012102
12021020102120210120102012021012102120210201021202101201020120210
12021020102120210120102012021201210120210201021202101201020120212
12021020102120210120102012102010210120210201021202101201020121020
12021020102120210120102101210201210120210201021202101201021012102
12021020102120210120212010210121020120210201021202101202120102101
12021020102120210120212012101201020120210201021202101202120121012
12021020102120210120212012102010210120210201021202101202120121020
12021020102120210121020102101201020120210201021202101210201021012
12021020102120210121020102120121020120210201021202101210201021201
12021020102120210121020120212010210120210201021202101210201202120
12021020102120210121020120212012102120210201021202101210201202120
12021020102120210121020121012010210120210201021202101210201210120
12021020102120210201202101210201210120210201021202102012021012102
12021020102120210201210120210121020120210201021202102012101202101
12021020102120210201210120212010210120210201021202102012101202120
12021020102120210201210212010201210120210201021202102012102120102
12021020120210120102012101202120102120210201202101201020121012021
12021020120210120102120210121020102120210201202101201021202101210
12021020120210121020102101202120102120210201202101210201021012021
12021020120210121020102120102012102120210201202101210201021201020
12021020120210121020121012021012102120210201202101210201210120210
12021020120210121020121012021020102120210201202101210201210120210
12021020120210121021201020121020102120210201202101210212010201210
12021020120210121021202101202120102120210201202101210212021012021
12021020120212010201202101210201210120210201202120102012021012102
12021020120212010201210120212010210120210201202120102012101202120
12021020120212010201210120212012102120210201202120102012101202120
12021020120212010201210201021012102120210201202120102012102010210
12021020120212010201210201021201210120210201202120102012102010212
12021020120212010212021012010201210120210201202120102120210120102
12021020120212010212021012021201210120210201202120102120210120212
12021020120212010212021012102010210120210201202120102120210121020
12021020120212012101201020121020102120210201202120121012010201210
12021020120212012101202101210201210120210201202120121012021012102
12021020120212012101202120102012102120210201202120121012021201020
12021020120212012102010212010201210120210201202120121020102120102
12021020120212012102010212021012102120210201202120121020102120210
12021020120212012102120210121020102120210201202120121021202101210
12021020121012010201202120102012102120210201210120102012021201020
12021020121012010201202120121020102120210201210120102012021201210
12021020121012010201210201021012102120210201210120102012102010210
12021020121012010201210201021201020120210201210120102012102010212
12021020121012010201210201021201210120210201210120102012102010212
12021020121012010212012101202120102120210201210120102120121012021
12021020121012010212021012021201020120210201210120102120210120212
12021020121012010212021012021201210120210201210120102120210120212
12021020121012010212021012102010210120210201210120102120210121020
12021020121012021012102010210120102120210201210120210121020102101
12021020121012021012102010212012102120210201210120210121020102120
12021020121012021012102012021020102120210201210120210121020120210
12021020121012021012102012021201020120210201210120210121020120212
12021020121012021012102012101201020120210201210120210121020121012
12021020121012021012102120102012102120210201210120210121021201020
12021020121012021012102120121020102120210201210120210121021201210
12021020121012021012102120210120102120210201210120210121021202101
12021020121012021020102101202120102120210201210120210201021012021
12021020121012021020102120102012102120210201210120210201021201020
12021020121012021201020120210120102120210201210120212010201202101
12021020121012021201020120212012102120210201210120212010201202120
12021020121012021201020121012010210120210201210120212010201210120
12021020121012021201021012021020102120210201210120212010210120210
12021020121012021201021012102010210120210201210120212010210121020
12021020121012021201021202101201020120210201210120212010212021012
12021020121012021201021202102010210120210201210120212010212021020
12021020121012021201210120102012102120210201210120212012101201020
12021020121012021201210201021012102120210201210120212012102010210
12021020121012021201210201021201020120210201210120212012102010212
12021020121012021201210201202120102120210201210120212012102012021
12021020121021201020120210121020102120210201210212010201202101210
12021020121021201020121012021012102120210201210212010201210120210
12021020121021201020121012021020102120210201210212010201210120210
12021020121021201020121012021201020120210201210212010201210120212
12021020121021201210120210121020102120210201210212012101202101210
12021020121021201210120212010201210120210201210212012101202120102
12021020121021202101201020121020102120210201210212021012010201210
12021020121021202101202120121020102120210201210212021012021201210
12021020121021202101210201021201020120210201210212021012102010212
12021020121021202101210201021201210120210201210212021012102010212
12021020121021202101210201202120102120210201210212021012102012021
12021020121021202101210201210120102120210201210212021012102012101
12021020121021202101210212010201210120210201210212021012102120102
12021020121021202102010212010201210120210201210212021020102120102
12021201020120210120102012102010210120212010201202101201020121020
12021201020120210120102012102120210120212010201202101201020121021
12021201020120210120102101210201210120212010201202101201021012102
12021201020120210120102120210121020120212010201202101201021202101
12021201020120210120102120210201210120212010201202101201021202102
12021201020120210121020102120121020120212010201202101210201021201
12021201020120210121020121012010210120212010201202101210201210120
12021201020120210121020121012021020120212010201202101210201210120
12021201020120210121021202102010210120212010201202101210212021020
12021201020120210201021012010201210120212010201202102010210120102
12021201020120210201021012102120210120212010201202102010210121021
12021201020120210201210120102120210120212010201202102012101201021
12021201020120210201210120210121020120212010201202102012101202101
12021201020120210201210212010201210120212010201202102012102120102
12021201020120212012101202102010210120212010201202120121012021020
12021201020120212012102120210201210120212010201202120121021202102
12021201020121012010201202102010210120212010201210120102012021020
12021201020121012010210120210201210120212010201210120102101202102
12021201020121012010210121021201210120212010201210120102101210212
12021201020121012010212012102010210120212010201210120102120121020
12021201020121012010212012102120210120212010201210120102120121021
12021201020121012021012102120121020120212010201210120210121021201
12021201020121012021020102101201020120212010201210120210201021012
12021201020121012021020102120121020120212010201210120210201021201
12021201020121012021020121021201210120212010201210120210201210212
12021201020121012021201021012021020120212010201210120212010210120
12021201020121012021201210212010210120212010201210120212012102120
12021201020121012021201210212021020120212010201210120212012102120
12021201020121020102101201021201210120212010201210201021012010212
12021201020121020102101202120121020120212010201210201021012021201
12021201020121020102101210212010210120212010201210201021012102120
12021201020121020102101210212021020120212010201210201021012102120
12021201020121020102120121012010210120212010201210201021201210120
12021201020121020102120121012021020120212010201210201021201210120
12021201020121021201021012010201210120212010201210212010210120102
12021201020121021201021012102010210120212010201210212010210121020
12021201020121021201021012102120210120212010201210212010210121021
12021201020121021201210120102120210120212010201210212012101201021
12021201020121021201210120210121020120212010201210212012101202101
12021201020121021202101201021201210120212010201210212021012010212
12021201020121021202101202120121020120212010201210212021012021201
12021201020121021202101210212010210120212010201210212021012102120
12021201020121021202102010210121020120212010201210212021020102101
12021201020121021202102012021201210120212010201210212021020120212
12021201020121021202102012101201020120212010201210212021020121012
12021201021012010201202101210201210120212010210120102012021012102
12021201021012010201202120102120210120212010210120102012021201021
12021201021012010201210120102120210120212010210120102012101201021
12021201021012010201210120210121020120212010210120102012101202101
12021201021012010201210201021201020120212010210120102012102010212
12021201021012010201210201021201210120212010210120102012102010212
12021201021012021020102101210201210120212010210120210201021012102
12021201021012021020102120210121020120212010210120210201021202101
12021201021012021020102120210201210120212010210120210201021202102
12021201021012021020120212010201210120212010210120210201202120102
12021201021012021201210120210121020120212010210120212012101202101
12021201021012021201210201021201020120212010210120212012102010212
12021201021012102010210120102120210120212010210121020102101201021
12021201021012102010210120210201210120212010210121020102101202102
12021201021012102010212012101201020120212010210121020102120121012
12021201021012102010212012102120210120212010210121020102120121021
12021201021012102012021012010201210120212010210121020120210120102
12021201021012102012021012102120210120212010210121020120210121021
12021201021012102012021020102120210120212010210121020120210201021
12021201021012102012101201021201210120212010210121020121012010212
12021201021012102012101202102010210120212010210121020121012021020
12021201021012102012101202120121020120212010210121020121012021201
12021201021012102120102012021201210120212010210121021201020120212
12021201021012102120102012101201020120212010210121021201020121012
12021201021012102120102012102010210120212010210121021201020121020
12021201021012102120102012102120210120212010210121021201020121021
12021201021012102120121012010201210120212010210121021201210120102
12021201021012102120121020102120210120212010210121021201210201021
12021201021012102120210201021201020120212010210121021202102010212
12021201021012102120210201021201210120212010210121021202102010212
12021201021202101201020120210121020120212010212021012010201202101
12021201021202101201020120210201210120212010212021012010201202102
12021201021202101201020121012010210120212010212021012010201210120
12021201021202101201020121012021020120212010212021012010201210120
12021201021202101201020121021201020120212010212021012010201210212
12021201021202101201020121021201210120212010212021012010201210212
12021201021202101201021012102010210120212010212021012010210121020
12021201021202101201021012102120210120212010212021012010210121021
12021201021202101202120102101201020120212010212021012021201021012
12021201021202101202120121012010210120212010212021012021201210120
12021201021202101202120121012021020120212010212021012021201210120
12021201021202101202120121021201020120212010212021012021201210212
12021201021202101210201021012021020120212010212021012102010210120
12021201021202101210201202101201020120212010212021012102012021012
12021201021202101210201202102010210120212010212021012102012021020
12021201021202101210212010210121020120212010212021012102120102101
12021201021202101210212012101201020120212010212021012102120121012
12021201021202101210212012102010210120212010212021012102120121020
12021201021202102010210120102120210120212010212021020102101201021
12021201021202102010210120210201210120212010212021020102101202102
12021201021202102010210121021201020120212010212021020102101210212
12021201021202102010210121021201210120212010212021020102101210212
12021201021202102010212012101201020120212010212021020102120121012
12021201021202102010212012102010210120212010212021020102120121020
12021201021202102010212012102120210120212010212021020102120121021
12021201021202102012021012010201210120212010212021020120210120102
12021201021202102012021012102010210120212010212021020120210121020
12021201021202102012021012102120210120212010212021020120210121021
12021201021202102012101201021201210120212010212021020121012010212
12021201021202102012101202102010210120212010212021020121012021020
12021201021202102012101202120121020120212010212021020121012021201
12021201021202102012102120210121020120212010212021020121021202101
12021201210120102012021012102010210120212012101201020120210121020
12021201210120102012021012102120210120212012101201020120210121021
12021201210120102012021020102120210120212012101201020120210201021
12021201210120102012101202102010210120212012101201020121012021020
12021201210120102012102010210121020120212012101201020121020102101
12021201210120102012102010212021020120212012101201020121020102120
12021201210120102012102120210121020120212012101201020121021202101
12021201210120102012102120210201210120212012101201020121021202102
12021201210120102101202120102120210120212012101201021012021201021
12021201210120102101210201021201020120212012101201021012102010212
12021201210120102101210212010201210120212012101201021012102120102
12021201210120102120121020102120210120212012101201021201210201021
12021201210120102120210121021201020120212012101201021202101210212
12021201210120102120210201021201020120212012101201021202102010212
12021201210120210121020102101201020120212012101202101210201021012
12021201210120210121020102120121020120212012101202101210201021201
12021201210120210121020120212010210120212012101202101210201202120
12021201210120210121020121012010210120212012101202101210201210120
12021201210120210121020121012021020120212012101202101210201210120
12021201210120210121021202101201020120212012101202101210212021012
12021201210120210121021202102010210120212012101202101210212021020
12021201210120210201021012021201020120212012101202102010210120212
12021201210120210201021012102120210120212012101202102010210121021
12021201210120210201021202101201020120212012101202102010212021012
12021201210120210201202120102120210120212012101202102012021201021
12021201210120210201210120102120210120212012101202102012101201021
12021201210120212010201210212021020120212012101202120102012102120
12021201210120212010210121021201020120212012101202120102101210212
12021201210201021012021020102120210120212012102010210120210201021
12021201210201021012102012101201020120212012102010210121020121012
12021201210201021012102120210121020120212012102010210121021202101
12021201210201021012102120210201210120212012102010210121021202102
12021201210201021201020120210121020120212012102010212010201202101
12021201210201021201020120210201210120212012102010212010201202102
12021201210201021201020120212010210120212012102010212010201202120
12021201210201021201020121012010210120212012102010212010201210120
12021201210201021201020121012021020120212012102010212010201210120
12021201210201021201020121021201210120212012102010212010201210212
12021201210201021201210120102120210120212012102010212012101201021
12021201210201021201210120210121020120212012102010212012101202101
12021201210201021202101201021201210120212012102010212021012010212
12021201210201021202101210212010210120212012102010212021012102120
12021201210201021202101210212021020120212012102010212021012102120
12021201210201021202102010210121020120212012102010212021020102101
12021201210201021202102012101201020120212012102010212021020121012
12021201210201021202102012102120210120212012102010212021020121021
12021201210201202101210201021201020120212012102012021012102010212
12021201210201202101210201021201210120212012102012021012102010212
12021201210201202101210212010201210120212012102012021012102120102
12021201210201202102010212010201210120212012102012021020102120102
12021201210201202120102012102010210120212012102012021201020121020
12021201210201202120102012102120210120212012102012021201020121021
12021201210201202120102101210201210120212012102012021201021012102
12021201210201202120102120210201210120212012102012021201021202102
12021201210212010201202101210201210120212012102120102012021012102
12021201210212010201202120102120210120212012102120102012021201021
12021201210212010201210120102120210120212012102120102012101201021
12021201210212010201210120210121020120212012102120102012101202101
12021201210212010201210201021201020120212012102120102012102010212
12021201210212010201210201021201210120212012102120102012102010212
12021201210212010210120212010201210120212012102120102101202120102
12021201210212010210121020102120210120212012102120102101210201021
12021201210212021012102010212021020120212012102120210121020102120
12021201210212021012102012101201020120212012102120210121020121012
12021201210212021020102101210201210120212012102120210201021012102
12021201210212021020102120210121020120212012102120210201021202101
12021201210212021020120212010201210120212012102120210201202120102
12021201210212021020121012021201020120212012102120210201210120212
12101201020120210120102120210121020121012010201202101201021202101
12101201020120210121020102101202120121012010201202101210201021012
12101201020120210121021202101202120121012010201202101210212021012
12101201020120210201021012021201020121012010201202102010210120212
12101201020120210201021202101202120121012010201202102010212021012
12101201020120210201210120210121020121012010201202102012101202101
12101201020120212010201210212021020121012010201202120102012102120
12101201020120212010210121020102120121012010201202120102101210201
12101201020120212010210121021201020121012010201202120102101210212
12101201020120212010212021012102120121012010201202120102120210121
12101201020120212010212021020102120121012010201202120102120210201
12101201020120212012102010210121020121012010201202120121020102101
12101201020120212012102010212021020121012010201202120121020102120
12101201020120212012102120210121020121012010201202120121021202101
12101201020121012021020102101202120121012010201210120210201021012
12101201020121012021201021012102120121012010201210120212010210121
12101201020121020102101210201202120121012010201210201021012102012
12101201020121020102101210212021020121012010201210201021012102120
12101201020121020102120102012021020121012010201210201021201020120
12101201020121020102120102012102120121012010201210201021201020121
12101201020121020102120121012021020121012010201210201021201210120
12101201020121020102120210120102120121012010201210201021202101201
12101201020121020102120210201202120121012010201210201021202102012
12101201020121021201020120210121020121012010201210212010201202101
12101201020121021201210120210121020121012010201210212012101202101
12101201020121021202101210201202120121012010201210212021012102012
12101201020121021202102010210121020121012010201210212021020102101
12101201020121021202102012101202120121012010201210212021020121012
12101201021012021020102120210121020121012010210120210201021202101
12101201021012021020121012021201020121012010210120210201210120212
12101201021012021201020120210121020121012010210120212010201202101
12101201021012021201020121020102120121012010210120212010201210201
12101201021012021201021202101201020121012010210120212010212021012
12101201021012021201021202101202120121012010210120212010212021012
12101201021012021201210120210121020121012010210120212012101202101
12101201021012021201210201021201020121012010210120212012102010212
12101201021012102010212010201202120121012010210121020102120102012
12101201021012102010212021012102120121012010210121020102120210121
12101201021012102120102012101202120121012010210121021201020121012
12101201021012102120121012021201020121012010210121021201210120212
12101201021012102120210121020102120121012010210121021202101210201
12101201021012102120210201021201020121012010210121021202102010212
12101201021201210120210121021201020121012010212012101202101210212
12101201021201210120210201021201020121012010212012101202102010212
12101201021201210120212010210121020121012010212012101202120102101
12101201021201210120212010212021020121012010212012101202120102120
12101201021201210201021012021201020121012010212012102010210120212
12101201021201210201021202101201020121012010212012102010212021012
12101201021201210201021202101202120121012010212012102010212021012
12101201021201210212021012021201020121012010212012102120210120212
12101201021202101201020120210121020121012010212021012010201202101
12101201021202101201020121020102120121012010212021012010201210201
12101201021202101202120102012021020121012010212021012021201020120
12101201021202101202120102012102120121012010212021012021201020121
12101201021202101202120102101201020121012010212021012021201021012
12101201021202101202120121012021020121012010212021012021201210120
12101201021202101202120121020102120121012010212021012021201210201
12101201021202101202120121021201020121012010212021012021201210212
12101201021202101210201021012021020121012010212021012102010210120
12101201021202101210201021012102120121012010212021012102010210121
12101201021202101210201202101201020121012010212021012102012021012
12101201021202101210212010201202120121012010212021012102120102012
12101201021202101210212010210121020121012010212021012102120102101
12101201021202101210212021020102120121012010212021012102120210201
12101201021202102010210121020102120121012010212021020102101210201
12101201021202102010210121021201020121012010212021020102101210212
12101201021202102010212010201202120121012010212021020102120102012
12101201021202102012102120210121020121012010212021020121021202101
12101202101210201021012010201202120121012021012102010210120102012
12101202101210201021012010212021020121012021012102010210120102120
12101202101210201021012021020102120121012021012102010210120210201
12101202101210201021201210201202120121012021012102010212012102012
12101202101210201021201210212021020121012021012102010212012102120
12101202101210201021202102012102120121012021012102010212021020121
12101202101210201202102010210121020121012021012102012021020102101
12101202101210201202102010212021020121012021012102012021020102120
12101202101210201202120102012021020121012021012102012021201020120
12101202101210201202120102012102120121012021012102012021201020121
12101202101210201202120102101201020121012021012102012021201021012
12101202101210201202120102101202120121012021012102012021201021012
12101202101210201202120121020102120121012021012102012021201210201
12101202101210201202120121021201020121012021012102012021201210212
12101202101210201210120102012021020121012021012102012101201020120
12101202101210201210120102012102120121012021012102012101201020121
12101202101210201210120102101202120121012021012102012101201021012
12101202101210201210120210201202120121012021012102012101202102012
12101202101210212010201202101201020121012021012102120102012021012
12101202101210212010201210120102120121012021012102120102012101201
12101202101210212010201210212021020121012021012102120102012102120
12101202101210212010210121020102120121012021012102120102101210201
12101202101210212012102010210121020121012021012102120121020102101
12101202101210212012102010212021020121012021012102120121020102120
12101202101210212012102012021201020121012021012102120121020120212
12101202101210212021012010201202120121012021012102120210120102012
12101202101210212021012010210121020121012021012102120210120102101
12101202101210212021012010212021020121012021012102120210120102120
12101202101210212021020102101201020121012021012102120210201021012
12101202101210212021020102101202120121012021012102120210201021012
12101202101210212021020120210121020121012021012102120210201202101
12101202101210212021020121021201020121012021012102120210201210212
12101202102010210120102012021201020121012021020102101201020120212
12101202102010210120102120210121020121012021020102101201021202101
12101202102010210120212010201202120121012021020102101202120102012
12101202102010210120212010210121020121012021020102101202120102101
12101202102010210120212010212021020121012021020102101202120102120
12101202102010210120212012101201020121012021020102101202120121012
12101202102010210121021202101201020121012021020102101210212021012
12101202102010210121021202101202120121012021020102101210212021012
12101202102010212010201202101201020121012021020102120102012021012
12101202102010212010201210120102120121012021020102120102012101201
12101202102010212010201210212021020121012021020102120102012102120
12101202102010212012102010210121020121012021020102120121020102101
12101202102010212012102012021201020121012021020102120121020120212
12101202102010212012102120210121020121012021020102120121021202101
12101202102010212021012010201202120121012021020102120210120102012
12101202102010212021012010210121020121012021020102120210120102101
12101202102010212021020120210121020121012021020102120210201202101
12101202102010212021020121021201020121012021020102120210201210212
12101202102012021201020120210121020121012021020120212010201202101
12101202102012021201020121020102120121012021020120212010201210201
12101202102012021201021202101201020121012021020120212010212021012
12101202102012021201021202101202120121012021020120212010212021012
12101202102012021201210120210121020121012021020120212012101202101
12101202102012021201210201021201020121012021020120212012102010212
12101202102012101201020121020102120121012021020121012010201210201
12101202102012101201021202101202120121012021020121012010212021012
12101202102012102120121012021201020121012021020121021201210120212
12101202102012102120210121020102120121012021020121021202101210201
12101202102012102120210121021201020121012021020121021202101210212
12101202102012102120210201021201020121012021020121021202102010212
12101202120102012021012010210121020121012021201020120210120102101
12101202120102012021012010212021020121012021201020120210120102120
12101202120102012021020102101201020121012021201020120210201021012
12101202120102012021020121021201020121012021201020120210201210212
12101202120102012021201210212021020121012021201020120212012102120
12101202120102012101201021012021020121012021201020121012010210120
12101202120102012101201021012102120121012021201020121012010210121
12101202120102012101202102012102120121012021201020121012021020121
12101202120102012102010210120102120121012021201020121020102101201
12101202120102012102120102101201020121012021201020121021201021012
12101202120102012102120210120102120121012021201020121021202101201
12101202120102012102120210201202120121012021201020121021202102012
12101202120102101201020120210121020121012021201021012010201202101
12101202120102101201020121020102120121012021201021012010201210201
12101202120102101202102010210121020121012021201021012021020102101
12101202120102101202102010212021020121012021201021012021020102120
12101202120102101202102012021201020121012021201021012021020120212
12101202120102101210201021012021020121012021201021012102010210120
12101202120102101210201202101201020121012021201021012102012021012
12101202120102101210201210120102120121012021201021012102012101201
12101202120102101210212010201202120121012021201021012102120102012
12101202120102101210212012101201020121012021201021012102120121012
12101202120102101210212021020102120121012021201021012102120210201
12101202120102120210120102012021020121012021201021202101201020120
12101202120102120210120102012102120121012021201021202101201020121
12101202120102120210201021012021020121012021201021202102010210120
12101202120102120210201021012102120121012021201021202102010210121
12101202120102120210201202101201020121012021201021202102012021012
12101202120102120210201210120102120121012021201021202102012101201
12101202120121012010201210212021020121012021201210120102012102120
12101202120121012010210121021201020121012021201210120102101210212
12101202120121020102101210212021020121012021201210201021012102120
12101202120121020102120102012021020121012021201210201021201020120
12101202120121020102120102012102120121012021201210201021201020121
12101202120121020102120210120102120121012021201210201021202101201
12101202120121020120210121020102120121012021201210201202101210201
12101202120121020120210121021201020121012021201210201202101210212
12101202120121020120210201021201020121012021201210201202102010212
12101202120121020120212010210121020121012021201210201202120102101
12101202120121020120212010212021020121012021201210201202120102120
12101202120121021201020120210121020121012021201210212010201202101
12101202120121021201020121020102120121012021201210212010201210201
12101202120121021201021012021201020121012021201210212010210120212
12101202120121021202102010210121020121012021201210212021020102101
12101202120121021202102012021201020121012021201210212021020120212
12102010210120102012021020102120210121020102101201020120210201021
12102010210120102012021201210120210121020102101201020120212012101
12102010210120102120121012021201020121020102101201021201210120212
12102010210120102120121020102120210121020102101201021201210201021
12102010210120102120210120212010210121020102101201021202101202120
12102010210120102120210121021201020121020102101201021202101210212
12102010210120102120210201021201020121020102101201021202102010212
12102010210120102120210201210120210121020102101201021202102012101
12102010210120210201021201020120210121020102101202102010212010201
12102010210120210201021201210120210121020102101202102010212012101
12102010210120210201021202101201020121020102101202102010212021012
12102010210120210201021202101202120121020102101202102010212021012
12102010210120210201202120102120210121020102101202102012021201021
12102010210120210201210120102120210121020102101202102012101201021
12102010210120210201210120212010210121020102101202102012101202120
12102010210120212010201202101201020121020102101202120102012021012
12102010210120212010201210120102120121020102101202120102012101201
12102010210120212010201210212010210121020102101202120102012102120
12102010210120212010210121021201020121020102101202120102101210212
12102010210120212010212021012010210121020102101202120102120210120
12102010210120212010212021012102120121020102101202120102120210121
12102010210120212010212021020102120121020102101202120102120210201
12102010210120212010212021020120210121020102101202120102120210201
12102010210120212012101201020120210121020102101202120121012010201
12102010210120212012102012021201020121020102101202120121020120212
12102010210121020120210121021201020121020102101210201202101210212
12102010210121020120210201021201020121020102101210201202102010212
12102010210121020120212012101201020121020102101210201202120121012
12102010210121020121012010201202120121020102101210201210120102012
12102010210121020121012021012102120121020102101210201210120210121
12102010210121020121012021020102120121020102101210201210120210201
12102010210121021201021012021201020121020102101210212010210120212
12102010210121021201210120102120210121020102101210212012101201021
12102010210121021201210201021201020121020102101210212012102010212
12102010210121021202101201020120210121020102101210212021012010201
12102010210121021202101210201202120121020102101210212021012102012
12102010210121021202102012021201020121020102101210212021020120212
12102010210121021202102012101201020121020102101210212021020121012
12102010210121021202102012101202120121020102101210212021020121012
12102010212010201202101210201202120121020102120102012021012102012
12102010212010201202101210212010210121020102120102012021012102120
12102010212010201202102012101201020121020102120102012021020121012
12102010212010201202102012101202120121020102120102012021020121012
12102010212010201202102012102120210121020102120102012021020121021
12102010212010201202120102101201020121020102120102012021201021012
12102010212010201202120102101202120121020102120102012021201021012
12102010212010201202120121012010210121020102120102012021201210120
12102010212010201202120121020120210121020102120102012021201210201
12102010212010201202120121021201020121020102120102012021201210212
12102010212010201210120102101202120121020102120102012101201021012
12102010212010201210120210201202120121020102120102012101202102012
12102010212010201210201021012102120121020102120102012102010210121
12102010212010201210212012101201020121020102120102012102120121012
12102010212010201210212012101202120121020102120102012102120121012
12102010212010201210212021012010210121020102120102012102120210120
12102010212010201210212021012102120121020102120102012102120210121
12102010212010201210212021020120210121020102120102012102120210201
12102010212012101201020120212010210121020102120121012010201202120
12102010212012101201021012021201020121020102120121012010210120212
12102010212012101201021012102120210121020102120121012010210121021
12102010212012101201021202101201020121020102120121012010212021012
12102010212012101201021202101202120121020102120121012010212021012
12102010212012101201021202102010210121020102120121012010212021020
12102010212012101202101210201202120121020102120121012021012102012
12102010212012101202101210212010210121020102120121012021012102120
12102010212012101202102012021201020121020102120121012021020120212
12102010212012101202102012101201020121020102120121012021020121012
12102010212012101202102012102120210121020102120121012021020121021
12102010212012101202120102101201020121020102120121012021201021012
12102010212012101202120121020120210121020102120121012021201210201
12102010212012101202120121021201020121020102120121012021201210212
12102010212012102012021020102120210121020102120121020120210201021
12102010212012102012021201020120210121020102120121020120212010201
12102010212012102012021201210120210121020102120121020120212012101
12102010212012102120210120212010210121020102120121021202101202120
12102010212012102120210121021201020121020102120121021202101210212
12102010212012102120210201021201020121020102120121021202102010212
12102010212012102120210201210120210121020102120121021202102012101
12102010212021012010201202102010210121020102120210120102012021020
12102010212021012010201210120102120121020102120210120102012101201
12102010212021012010201210212010210121020102120210120102012102120
12102010212021012010210121021201020121020102120210120102101210212
12102010212021012010212012101201020121020102120210120102120121012
12102010212021012010212012101202120121020102120210120102120121012
12102010212021012010212012102120210121020102120210120102120121021
12102010212021012021201021012102120121020102120210120212010210121
12102010212021012021201210120102120121020102120210120212012101201
12102010212021012021201210212010210121020102120210120212012102120
12102010212021012102010210120102120121020102120210121020102101201
12102010212021012102012021012010210121020102120210121020120210120
12102010212021012102120102101201020121020102120210121021201021012
12102010212021012102120102101202120121020102120210121021201021012
12102010212021012102120121012010210121020102120210121021201210120
12102010212021012102120121020120210121020102120210121021201210201
12102010212021012102120210201202120121020102120210121021202102012
12102010212021020102101201020120210121020102120210201021012010201
12102010212021020102101210201202120121020102120210201021012102012
12102010212021020120210120102120210121020102120210201202101201021
12102010212021020120210121021201020121020102120210201202101210212
12102010212021020120212012101201020121020102120210201202120121012
12102010212021020120212012102120210121020102120210201202120121021
12102010212021020121012010201202120121020102120210201210120102012
12102010212021020121012021012102120121020102120210201210120210121
12102010212021020121021201020120210121020102120210201210212010201
12102010212021020121021201210120210121020102120210201210212012101
12102010212021020121021202101201020121020102120210201210212021012
12102010212021020121021202101202120121020102120210201210212021012
12102012021012010201202120102120210121020120210120102012021201021
12102012021012010201210120102120210121020120210120102012101201021
12102012021012010201210120212010210121020120210120102012101202120
12102012021012010210121020102120210121020120210120102101210201021
12102012021012102010212010201202120121020120210121020102120102012
12102012021012102010212012101202120121020120210121020102120121012
12102012021012102010212021012102120121020120210121020102120210121
12102012021012102120102012101202120121020120210121021201020121012
12102012021012102120102012102010210121020120210121021201020121020
12102012021012102120210120212010210121020120210121021202101202120
12102012021020102101202120102120210121020120210201021012021201021
12102012021020102101210201210120210121020120210201021012102012101
12102012021020102120102012101202120121020120210201021201020121012
12102012021020102120102012102010210121020120210201021201020121020
12102012021020102120102012102120210121020120210201021201020121021
12102012021020102120210120212010210121020120210201021202101202120
12102012021020102120210121020102120121020120210201021202101210201
12102012021020102120210201210120210121020120210201021202102012101
12102012021201020120210120102120210121020120212010201202101201021
12102012021201020120210121020102120121020120212010201202101210201
12102012021201020120210201210120210121020120212010201202102012101
12102012021201020121012021012102120121020120212010201210120210121
12102012021201020121012021020102120121020120212010201210120210201
12102012021201020121020102101202120121020120212010201210201021012
12102012021201020121021201210120210121020120212010201210212012101
12102012021201020121021202101202120121020120212010201210212021012
12102012021201020121021202102010210121020120212010201210212021020
12102012021201021012010201210120210121020120212010210120102012101
12102012021201021012021020102120210121020120212010210120210201021
12102012021201021012021201210120210121020120212010210120212012101
12102012021201021012102012101202120121020120212010210121020121012
12102012021201021202101201020120210121020120212010212021012010201
12102012021201021202101210212010210121020120212010212021012102120
12102012021201021202102012101202120121020120212010212021020121012
12102012021201021202102012102120210121020120212010212021020121021
12102012021201210120102012102010210121020120212012101201020121020
12102012021201210120102012102120210121020120212012101201020121021
12102012021201210120210121020102120121020120212012101202101210201
12102012021201210201021012102120210121020120212012102010210121021
12102012021201210201021201020120210121020120212012102010212010201
12102012021201210201021201210120210121020120212012102010212012101
12102012021201210201021202102010210121020120212012102010212021020
12102012021201210212010201210120210121020120212012102120102012101
12102012021201210212021020102120210121020120212012102120210201021
12102012101201020120210120102120210121020121012010201202101201021
12102012101201020120210201210120210121020121012010201202102012101
12102012101201020120212012102010210121020121012010201202120121020
12102012101201020120212012102120210121020121012010201202120121021
12102012101201020121021201020120210121020121012010201210212010201
12102012101201020121021201210120210121020121012010201210212012101
12102012101201020121021202102010210121020121012010201210212021020
12102012101201021012021020102120210121020121012010210120210201021
12102012101201021012021201020120210121020121012010210120212010201
12102012101201021012021201210120210121020121012010210120212012101
12102012101201021201210120212010210121020121012010212012101202120
12102012101201021202101201020120210121020121012010212021012010201
12102012101201021202101210212010210121020121012010212021012102120
12102012101201021202102012102120210121020121012010212021020121021
12102012101202101210201202102010210121020121012021012102012021020
12102012101202101210212012102010210121020121012021012102120121020
12102012101202101210212021012010210121020121012021012102120210120
12102012101202101210212021020120210121020121012021012102120210201
12102012101202102010210120102120210121020121012021020102101201021
12102012101202102010210120212010210121020121012021020102101202120
12102012101202102010212012102010210121020121012021020102120121020
12102012101202102010212012102120210121020121012021020102120121021
12102012101202102010212021012010210121020121012021020102120210120
12102012101202102010212021020120210121020121012021020102120210201
12102012101202102012021201020120210121020121012021020120212010201
12102012101202102012021201210120210121020121012021020120212012101
12102012101202120102012021012010210121020121012021201020120210120
12102012101202120102101201020120210121020121012021201021012010201
12102012101202120102101202102010210121020121012021201021012021020
12102012101202120121020120212010210121020121012021201210201202120
12102012101202120121021201020120210121020121012021201210212010201
12102012101202120121021202102010210121020121012021201210212021020
12102120102012021012010201210120210121021201020120210120102012101
12102120102012021012102010212021020121021201020120210121020102120
12102120102012021012102012101201020121021201020120210121020121012
12102120102012021012102012101202120121021201020120210121020121012
12102120102012021201021202101201020121021201020120212010212021012
12102120102012021201021202101202120121021201020120212010212021012
12102120102012021201021202102010210121021201020120212010212021020
12102120102012021201210120102120210121021201020120212012101201021
12102120102012021201210120212010210121021201020120212012101202120
12102120102012101201020120212010210121021201020121012010201202120
12102120102012101201021201210120210121021201020121012010212012101
12102120102012101201021202101202120121021201020121012010212021012
12102120102012101201021202102010210121021201020121012010212021020
12102120102012101202101210201202120121021201020121012021012102012
12102120102012101202101210212021020121021201020121012021012102120
12102120102012101202102010212021020121021201020121012021020102120
12102120102012101202102012102120210121021201020121012021020121021
12102120102012101202120102012021020121021201020121012021201020120
12102120102012101202120121012010210121021201020121012021201210120
12102120102012101202120121020120210121021201020121012021201210201
12102120102012102010210120102120210121021201020121020102101201021
12102120102012102010210120212010210121021201020121020102101202120
12102120102012102010210121020120210121021201020121020102101210201
12102120102012102010212010201202120121021201020121020102120102012
12102120102012102010212012101202120121021201020121020102120121012
12102120102012102010212012102120210121021201020121020102120121021
12102120102012102010212021012010210121021201020121020102120210120
12102120102012102010212021020120210121021201020121020102120210201
12102120102012102120210120212010210121021201020121021202101202120
12102120102012102120210201210120210121021201020121021202102012101
12102120102101201020121012021201020121021201021012010201210120212
12102120102101201020121020102120210121021201021012010201210201021
12102120102101202120102012101202120121021201021012021201020121012
12102120102101202120102012102010210121021201021012021201020121020
12102120102101202120102012102120210121021201021012021201020121021
12102120102101202120121020102120210121021201021012021201210201021
12102120102101210201021012021201020121021201021012102010210120212
12102120102101210201021201020120210121021201021012102010212010201
12102120102101210201021201210120210121021201021012102010212012101
12102120102101210201021202101201020121021201021012102010212021012
12102120102101210201021202101202120121021201021012102010212021012
12102120102101210201202120102120210121021201021012102012021201021
12102120102101210201210120102120210121021201021012102012101201021
12102120102101210212021012021201020121021201021012102120210120212
12102120121012010201202120102120210121021201210120102012021201021
12102120121012010201210120212010210121021201210120102012101202120
12102120121012010201210201021201020121021201210120102012102010212
12102120121012010210121020102120210121021201210120102101210201021
12102120121012010212021012021201020121021201210120102120210120212
12102120121012010212021012102010210121021201210120102120210121020
12102120121012021012102010212021020121021201210120210121020102120
12102120121012021012102012021201020121021201210120210121020120212
12102120121012021012102012101201020121021201210120210121020121012
12102120121012021201020121012010210121021201210120212010201210120
12102120121012021201020121012021020121021201210120212010201210120
12102120121012021201021202101201020121021201210120212010212021012
12102120121012021201021202102010210121021201210120212010212021020
12102120121012021201210201021201020121021201210120212012102010212
12102120121020102101202120102120210121021201210201021012021201021
12102120121020102101210201210120210121021201210201021012102012101
12102120121020102120102012102010210121021201210201021201020121020
12102120121020102120102012102120210121021201210201021201020121021
12102120121020102120210120212010210121021201210201021202101202120
12102120121020102120210201210120210121021201210201021202102012101
12102120121020120210121020102120210121021201210201202101210201021
12102120121020120212010201210120210121021201210201202120102012101
12102120210120102012021012102010210121021202101201020120210121020
12102120210120102012021201210120210121021202101201020120212012101
12102120210120102012101202102010210121021202101201020121012021020
12102120210120102012102010212021020121021202101201020121020102120
12102120210120102101210201021201020121021202101201021012102010212
12102120210120102101210201210120210121021202101201021012102012101
12102120210120102120121012021201020121021202101201021201210120212
12102120210120102120210201021201020121021202101201021202102010212
12102120210120102120210201210120210121021202101201021202102012101
12102120210120212010201202101201020121021202101202120102012021012
12102120210120212010201202102010210121021202101202120102012021020
12102120210120212010201210120102120121021202101202120102012101201
12102120210120212010201210212010210121021202101202120102012102120
12102120210120212010210121020102120121021202101202120102101210201
12102120210120212010210121020120210121021202101202120102101210201
12102120210120212010210121021201020121021202101202120102101210212
12102120210120212010212021012010210121021202101202120102120210120
12102120210120212010212021020102120121021202101202120102120210201
12102120210120212010212021020120210121021202101202120102120210201
12102120210120212012101201020120210121021202101202120121012010201
12102120210120212012101202102010210121021202101202120121012021020
12102120210120212012102010212021020121021202101202120121020102120
12102120210120212012102012021201020121021202101202120121020120212
12102120210121020102120102012021020121021202101210201021201020120
12102120210121020102120121012010210121021202101210201021201210120
12102120210121020102120121012021020121021202101210201021201210120
12102120210121020102120210120102120121021202101210201021202101201
12102120210121020102120210201202120121021202101210201021202102012
12102120210121020120210201021201020121021202101210201202102010212
12102120210121020120212010212021020121021202101210201202120102120
12102120210121020120212012101201020121021202101210201202120121012
12102120210121020120212012102010210121021202101210201202120121020
12102120210121020121012010201202120121021202101210201210120102012
12102120210121020121012010212021020121021202101210201210120102120
12102120210121020121012021020102120121021202101210201210120210201
12102120210121021201020121012021020121021202101210212010201210120
12102120210121021201020121020102120121021202101210212010201210201
12102120210121021201021012021201020121021202101210212010210120212
12102120210121021201210201021201020121021202101210212012102010212
12102120210201021012010201210120210121021202102010210120102012101
12102120210201021012021201020120210121021202102010210120212010201
12102120210201021012021201210120210121021202102010210120212012101
12102120210201021012102012021201020121021202102010210121020120212
12102120210201021012102012101201020121021202102010210121020121012
12102120210201021012102012101202120121021202102010210121020121012
12102120210201021201020120212010210121021202102010212010201202120
12102120210201021201020121012010210121021202102010212010201210120
12102120210201021201020121012021020121021202102010212010201210120
12102120210201021201020121020102120121021202102010212010201210201
12102120210201021201210120102120210121021202102010212012101201021
12102120210201021201210120212010210121021202102010212012101202120
12102120210201021202101201020120210121021202102010212021012010201
12102120210201021202101210201202120121021202102010212021012102012
12102120210201202101210201021201020121021202102012021012102010212
12102120210201202101210201210120210121021202102012021012102012101
12102120210201202120102012101202120121021202102012021201020121012
12102120210201202120102012102010210121021202102012021201020121020
12102120210201202120121012021201020121021202102012021201210120212
12102120210201202120121020102120210121021202102012021201210201021
12102120210201210120102012021201020121021202102012101201020120212
12102120210201210120102012102010210121021202102012101201020121020
12102120210201210120210121020102120121021202102012101202101210201
12102120210201210120210121021201020121021202102012101202101210212
12102120210201210120210201021201020121021202102012101202102010212
12102120210201210120212010201202120121021202102012101202120102012
12102120210201210120212012101201020121021202102012101202120121012
12102120210201210120212012102010210121021202102012101202120121020
12102120210201210212010201210120210121021202102012102120102012101
20102012021012010201210120210121021201020120210120102012101202101
20102012021012010201210120210201021201020120210120102012101202102
20102012021012010201210201021012021201020120210120102012102010210
20102012021012010201210212021012021201020120210120102012102120210
20102012021012010210121020121012021201020120210120102101210201210
20102012021012010212021012102012021201020120210120102120210121020
20102012021012010212021012102012101201020120210120102120210121020
20102012021012010212021020121012021201020120210120102120210201210
20102012021012102010210120210201021201020120210121020102101202102
20102012021012102010210120212012101201020120210121020102101202120
20102012021012102010210121021202101201020120210121020102101210212
20102012021012102010212012102012021201020120210121020102120121020
20102012021012102010212021020102101201020120210121020102120210201
20102012021012102010212021020121021201020120210121020102120210201
20102012021012102012021201021202101201020120210121020120212010212
20102012021012102012021201210201021201020120210121020120212012102
20102012021012102012101201020121021201020120210121020121012010201
20102012021012102012101201021012021201020120210121020121012010210
20102012021012102012101201021202101201020120210121020121012010212
20102012021012102012101202102012021201020120210121020121012021020
20102012021012102012101202120102101201020120210121020121012021201
20102012021012102012101202120121021201020120210121020121012021201
20102012021012102120102101210201021201020120210121021201021012102
20102012021012102120210120212012101201020120210121021202101202120
20102012021012102120210201021012021201020120210121021202102010210
20102012021012102120210201021202101201020120210121021202102010212
20102012021020102101201020121012021201020120210201021012010201210
20102012021020102101202120102012101201020120210201021012021201020
20102012021020102101210201021202101201020120210201021012102010212
20102012021020102101210212021012021201020120210201021012102120210
20102012021020102120210120212012101201020120210201021202101202120
20102012021020102120210121020102101201020120210201021202101210201
20102012021020121012010201210201021201020120210201210120102012102
20102012021020121012010212021012021201020120210201210120102120210
20102012021020121012021012102012021201020120210201210120210121020
20102012021020121012021012102012101201020120210201210120210121020
20102012021020121012021201021202101201020120210201210120212010212
20102012021020121012021201210201021201020120210201210120212012102
20102012021020121021201020121012021201020120210201210212010201210
20102012021020121021202101210201021201020120210201210212021012102
20102012021201020121012021020102101201020120212010201210120210201
20102012021201020121021202102012101201020120212010201210212021020
20102012021201021012010201210201021201020120212010210120102012102
20102012021201021012021201210201021201020120212010210120212012102
20102012021201021012102010212012101201020120212010210121020102120
20102012021201021012102120102012101201020120212010210121021201020
20102012021201021012102120210201021201020120212010210121021202102
20102012021201021202101201020121021201020120212010212021012010201
20102012021201021202101202120102101201020120212010212021012021201
20102012021201021202101202120121021201020120212010212021012021201
20102012021201021202101210201202101201020120212010212021012102012
20102012021201021202101210212012101201020120212010212021012102120
20102012021201021202102010210121021201020120212010212021020102101
20102012021201021202102010212012101201020120212010212021020102120
20102012021201210120102101210201021201020120212012101201021012102
20102012021201210120102120210121021201020120212012101201021202101
20102012021201210120102120210201021201020120212012101201021202102
20102012021201210120210121020102101201020120212012101202101210201
20102012021201210120210121021202101201020120212012101202101210212
20102012021201210120210201021012021201020120212012101202102010210
20102012021201210120210201021202101201020120212012101202102010212
20102012021201210120212010210121021201020120212012101202120102101
20102012021201210201021012102012101201020120212012102010210121020
20102012021201210201021202102012101201020120212012102010212021020
20102012021201210201202101210201021201020120212012102012021012102
20102012021201210212010201210201021201020120212012102120102012102
20102012021201210212021012102012101201020120212012102120210121020
20102012021201210212021020121012021201020120212012102120210201210
20102012101201020120210201021012021201020121012010201202102010210
20102012101201020120212010210121021201020121012010201202120102101
20102012101201021012021020121012021201020121012010210120210201210
20102012101201021012021201021202101201020121012010210120212010212
20102012101201021012021201210201021201020121012010210120212012102
20102012101201021012102120121012021201020121012010210121021201210
20102012101201021012102120210201021201020121012010210121021202102
20102012101201021201210120210121021201020121012010212012101202101
20102012101201021201210120210201021201020121012010212012101202102
20102012101201021201210201021012021201020121012010212012102010210
20102012101201021201210201021202101201020121012010212012102010212
20102012101201021201210212021012021201020121012010212012102120210
20102012101201021202101202120102101201020121012010212021012021201
20102012101201021202101202120121021201020121012010212021012021201
20102012101201021202101210201202101201020121012010212021012102012
20102012101201021202102010210121021201020121012010212021020102101
20102012101202101210201202120102101201020121012021012102012021201
20102012101202101210201202120121021201020121012021012102012021201
20102012101202101210212010201202101201020121012021012102120102012
20102012101202101210212012102012021201020121012021012102120121020
20102012101202101210212021020102101201020121012021012102120210201
20102012101202101210212021020121021201020121012021012102120210201
20102012101202102010210120102012021201020121012021020102101201020
20102012101202102010210120212012101201020121012021020102101202120
20102012101202102010210121021202101201020121012021020102101210212
20102012101202102010212010201202101201020121012021020102120102012
20102012101202102010212012102012021201020121012021020102120121020
20102012101202102010212021020121021201020121012021020102120210201
20102012101202102012021201021202101201020121012021020120212010212
20102012101202102012021201210201021201020121012021020120212012102
20102012101202102012102120121012021201020121012021020121021201210
20102012101202102012102120210121021201020121012021020121021202101
20102012101202102012102120210201021201020121012021020121021202102
20102012101202120102012021020102101201020121012021201020120210201
20102012101202120102012021020121021201020121012021201020120210201
20102012101202120102012102120102101201020121012021201020121021201
20102012101202120102101202102012021201020121012021201021012021020
20102012101202120102101210201202101201020121012021201021012102012
20102012101202120102101210212012101201020121012021201021012102120
20102012101202120102120210201202101201020121012021201021202102012
20102012101202120121012010210121021201020121012021201210120102101
20102012101202120121020120210121021201020121012021201210201202101
20102012101202120121020120210201021201020121012021201210201202102
20102012101202120121021201021012021201020121012021201210212010210
20102012101202120121021202102012021201020121012021201210212021020
20102012102010210120102120121012021201020121020102101201021201210
20102012102010210120102120210121021201020121020102101201021202101
20102012102010210120102120210201021201020121020102101201021202102
20102012102010210120210201021202101201020121020102101202102010212
20102012102010210120212010201202101201020121020102101202120102012
20102012102010210120212010210121021201020121020102101202120102101
20102012102010210120212012102012021201020121020102101202120121020
20102012102010210121020120210121021201020121020102101210201202101
20102012102010210121020120210201021201020121020102101210201202102
20102012102010210121020120212012101201020121020102101210201202120
20102012102010210121021201021012021201020121020102101210212010210
20102012102010210121021201210201021201020121020102101210212012102
20102012102010210121021202102012021201020121020102101210212021020
20102012102010210121021202102012101201020121020102101210212021020
20102012102010212010201202102012101201020121020102120102012021020
20102012102010212010201202120102101201020121020102120102012021201
20102012102010212010201202120121021201020121020102120102012021201
20102012102010212010201210212012101201020121020102120102012102120
20102012102010212012101201021012021201020121020102120121012010210
20102012102010212012101201021202101201020121020102120121012010212
20102012102010212012101202102012021201020121020102120121012021020
20102012102010212012101202102012101201020121020102120121012021020
20102012102010212012101202120102101201020121020102120121012021201
20102012102010212012101202120121021201020121020102120121012021201
20102012102010212012102120210121021201020121020102120121021202101
20102012102010212012102120210201021201020121020102120121021202102
20102012102010212021012010210121021201020121020102120210120102101
20102012102010212021012010212012101201020121020102120210120102120
20102012102010212021012102120102101201020121020102120210121021201
20102012102010212021020120210121021201020121020102120210201202101
20102012102010212021020120212012101201020121020102120210201202120
20102012102010212021020121021202101201020121020102120210201210212
20102012102120102012021012102012101201020121021201020120210121020
20102012102120102012021201021202101201020121021201020120212010212
20102012102120102101201020121012021201020121021201021012010201210
20102012102120102101210201021012021201020121021201021012102010210
20102012102120102101210201021202101201020121021201021012102010212
20102012102120102101210212021012021201020121021201021012102120210
20102012102120121012010201210201021201020121021201210120102012102
20102012102120121012010212021012021201020121021201210120102120210
20102012102120121012021012102012021201020121021201210120210121020
20102012102120121012021012102012101201020121021201210120210121020
20102012102120121012021201021202101201020121021201210120212010212
20102012102120121012021201210201021201020121021201210120212012102
20102012102120210120102101210201021201020121021202101201021012102
20102012102120210120102120121012021201020121021202101201021201210
20102012102120210120102120210201021201020121021202101201021202102
20102012102120210120212010201202101201020121021202101202120102012
20102012102120210120212010210121021201020121021202101202120102101
20102012102120210120212012102012021201020121021202101202120121020
20102012102120210121020120210201021201020121021202101210201202102
20102012102120210121020120212012101201020121021202101210201202120
20102012102120210121021201021012021201020121021202101210212010210
20102012102120210121021201210201021201020121021202101210212012102
20102012102120210201021012102012021201020121021202102010210121020
20102012102120210201021012102012101201020121021202102010210121020
20102012102120210201202101210201021201020121021202102012021012102
20102012102120210201202120121012021201020121021202102012021201210
20102012102120210201210120102012021201020121021202102012101201020
20102012102120210201210120210121021201020121021202102012101202101
20102012102120210201210120210201021201020121021202102012101202102
20102012102120210201210120212012101201020121021202102012101202120
20102101201020120210121020102120210201021012010201202101210201021
20102101201020120210121020121012021201021012010201202101210201210
20102101201020120210201021202101210201021012010201202102010212021
20102101201020120212010201210120210201021012010201202120102012101
20102101201020120212010212021012021201021012010201202120102120210
20102101201020120212012101202101210201021012010201202120121012021
20102101201020121012010212021012021201021012010201210120102120210
20102101201020121012021012102012021201021012010201210120210121020
20102101201020121012021012102120210201021012010201210120210121021
20102101201020121012021201020120210201021012010201210120212010201
20102101201020121012021201020121021201021012010201210120212010201
20102101201020121020102120102012021201021012010201210201021201020
20102101201020121020102120121012021201021012010201210201021201210
20102101201020121020102120210121021201021012010201210201021202101
20102101201021201210120212010201210201021012010212012101202120102
20102101201021201210201021202101210201021012010212012102010212021
20102101201021202101202120102101210201021012010212021012021201021
20102101201021202101202120102120210201021012010212021012021201021
20102101201021202101210201210120210201021012010212021012102012101
20102101201021202101210212010201210201021012010212021012102120102
20102101201021202102010212010201210201021012010212021020102120102
20102101201021202102012101202101210201021012010212021020121012021
20102101202102010210121020121012021201021012021020102101210201210
20102101202102010212010201202101210201021012021020102120102012021
20102101202102010212012101202101210201021012021020102120121012021
20102101202102010212021012010201210201021012021020102120210120102
20102101202102010212021012021201210201021012021020102120210120212
20102101202102010212021012102012021201021012021020102120210121020
20102101202102010212021012102012101201021012021020102120210121020
20102101202102010212021020121012021201021012021020102120210201210
20102101202102012021201020121012021201021012021020120212010201210
20102101202102012021201021202101210201021012021020120212010212021
20102101202102012101201021202101210201021012021020121012010212021
20102101202102012101202120102012101201021012021020121012021201020
20102101202102012101202120102101210201021012021020121012021201021
20102101202102012101202120102120210201021012021020121012021201021
20102101202120102012021012010201210201021012021201020120210120102
20102101202120102012021012102012101201021012021201020120210121020
20102101202120102012021012102120210201021012021201020120210121021
20102101202120102012021201210120210201021012021201020120212012101
20102101202120102012101201020120210201021012021201020121012010201
20102101202120102012101201021201210201021012021201020121012010212
20102101202120102012101202120121021201021012021201020121012021201
20102101202120102012102010210121021201021012021201020121020102101
20102101202120102012102010212012101201021012021201020121020102120
20102101202120102012102120102101210201021012021201020121021201021
20102101202120102012102120210121021201021012021201020121021202101
20102101202120102101210201210120210201021012021201021012102012101
20102101202120102101210212010201210201021012021201021012102120102
20102101202120102120210120102012101201021012021201021202101201020
20102101202120102120210120102101210201021012021201021202101201021
20102101202120102120210120212012101201021012021201021202101202120
20102101202120102120210121020120210201021012021201021202101210201
20102101202120102120210121021201210201021012021201021202101210212
20102101202120102120210201021201210201021012021201021202102010212
20102101202120102120210201202101210201021012021201021202102012021
20102101202120102120210201210120210201021012021201021202102012101
20102101202120121012010201202101210201021012021201210120102012021
20102101202120121012010201210120210201021012021201210120102012101
20102101202120121012021012102012021201021012021201210120210121020
20102101202120121012021012102012101201021012021201210120210121020
20102101202120121012021012102120210201021012021201210120210121021
20102101202120121020102120102012021201021012021201210201021201020
20102101202120121020102120102012101201021012021201210201021201020
20102101202120121020102120210121021201021012021201210201021202101
20102101202120121020120212010201210201021012021201210201202120102
20102101210201021012010212021012021201021012102010210120102120210
20102101210201021012021020121012021201021012102010210120210201210
20102101210201021012021201020121021201021012102010210120212010201
20102101210201021012021201021202101201021012102010210120212010212
20102101210201021201020120210121021201021012102010212010201202101
20102101210201021201020120212012101201021012102010212010201202120
20102101210201021201020121021202101201021012102010212010201210212
20102101210201021201210120102012021201021012102010212012101201020
20102101210201021201210120102120210201021012102010212012101201021
20102101210201021201210120210121021201021012102010212012101202101
20102101210201021201210212021012021201021012102010212012102120210
20102101210201021202101201020120210201021012102010212021012010201
20102101210201021202101201020121021201021012102010212021012010201
20102101210201021202101202120121021201021012102010212021012021201
20102101210201021202101210201202101201021012102010212021012102012
20102101210201021202101210212012101201021012102010212021012102120
20102101210201202101201020121012021201021012102012021012010201210
20102101210201202101210212010201210201021012102012021012102120102
20102101210201202101210212021012021201021012102012021012102120210
20102101210201202102010212010201210201021012102012021020102120102
20102101210201202102010212021012021201021012102012021020102120210
20102101210201202120102012102120210201021012102012021201020121021
20102101210201202120102120210121021201021012102012021201021202101
20102101210201202120121012010201210201021012102012021201210120102
20102101210201202120121020102120210201021012102012021201210201021
20102101210201210120102012021201210201021012102012101201020120212
20102101210201210120102012102120210201021012102012101201020121021
20102101210201210120102120121012021201021012102012101201021201210
20102101210201210120102120210121021201021012102012101201021202101
20102101210201210120210121020120210201021012102012101202101210201
20102101210201210120210121021201210201021012102012101202101210212
20102101210201210120210121021202101201021012102012101202101210212
20102101210201210120210201021012021201021012102012101202102010210
20102101210201210120210201021201210201021012102012101202102010212
20102101210201210120210201021202101201021012102012101202102010212
20102101210201210120212010201202101201021012102012101202120102012
20102101210201210120212010210120210201021012102012101202120102101
20102101210201210120212012102012021201021012102012101202120121020
20102101210201210120212012102120210201021012102012101202120121021
20102101210212010201202120102120210201021012102120102012021201021
20102101210212010201202120121012021201021012102120102012021201210
20102101210212010201210120102012021201021012102120102012101201020
20102101210212010201210120102120210201021012102120102012101201021
20102101210212010201210120212012101201021012102120102012101202120
20102101210212010201210201021012021201021012102120102012102010210
20102101210212010201210201021202101201021012102120102012102010212
20102101210212010201210212021012021201021012102120102012102120210
20102101210212010210120212010201210201021012102120102101202120102
20102101210212012101201020121012021201021012102120121012010201210
20102101210212012101201021202101210201021012102120121012010212021
20102101210212012101202120102012101201021012102120121012021201020
20102101210212012101202120102120210201021012102120121012021201021
20102101210212012102010212010201210201021012102120121020102120102
20102101210212012102010212021012021201021012102120121020102120210
20102101210212021012010201202101210201021012102120210120102012021
20102101210212021012010201210120210201021012102120210120102012101
20102101210212021012021201020120210201021012102120210120212010201
20102101210212021012021201020121021201021012102120210120212010201
20102101210212021012021201021202101201021012102120210120212010212
20102101210212021012021201210120210201021012102120210120212012101
20102101210212021012102010212012101201021012102120210121020102120
20102101210212021012102012021201210201021012102120210121020120212
20102101210212021020102120102012021201021012102120210201021201020
20102101210212021020102120102012101201021012102120210201021201020
20102101210212021020102120121012021201021012102120210201021201210
20102101210212021020120212010201210201021012102120210201202120102
20102101210212021020121012010201210201021012102120210201210120102
20102101210212021020121012021201210201021012102120210201210120212
20102120102012021012010201210120210201021201020120210120102012101
20102120102012021012102010210120210201021201020120210121020102101
20102120102012021012102012021201210201021201020120210121020120212
20102120102012021012102120102101210201021201020120210121021201021
20102120102012021020121012010201210201021201020120210201210120102
20102120102012021020121012021201210201021201020120210201210120212
20102120102012021020121021202101210201021201020120210201210212021
20102120102012021201021012010201210201021201020120212010210120102
20102120102012021201021012021201210201021201020120212010210120212
20102120102012021201021012102120210201021201020120212010210121021
20102120102012021201210120102101210201021201020120212012101201021
20102120102012021201210120102120210201021201020120212012101201021
20102120102012021201210201202101210201021201020120212012102012021
20102120102012021201210212010201210201021201020120212012102120102
20102120102012101201021012021201210201021201020121012010210120212
20102120102012101201021012102120210201021201020121012010210121021
20102120102012101201021201210120210201021201020121012010212012101
20102120102012101202102012021201210201021201020121012021020120212
20102120102012101202102012102120210201021201020121012021020121021
20102120102012101202120121020120210201021201020121012021201210201
20102120102012102010210120102120210201021201020121020102101201021
20102120102012102010210121020120210201021201020121020102101210201
20102120102012102010210121021201210201021201020121020102101210212
20102120102012102010212012102120210201021201020121020102120121021
20102120102012102120121012010201210201021201020121021201210120102
20102120102012102120121012021201210201021201020121021201210120212
20102120102012102120210120102101210201021201020121021202101201021
20102120102012102120210120102120210201021201020121021202101201021
20102120102012102120210121020120210201021201020121021202101210201
20102120102012102120210121021201210201021201020121021202101210212
20102120102012102120210201202101210201021201020121021202102012021
20102120102012102120210201210120210201021201020121021202102012101
20102120121012010201202120102101210201021201210120102012021201021
20102120121012010201202120102120210201021201210120102012021201021
20102120121012010201210201021202101201021201210120102012102010212
20102120121012010210120212010201210201021201210120102101202120102
20102120121012010210121021202101210201021201210120102101210212021
20102120121012010212021012010201210201021201210120102120210120102
20102120121012010212021012021201210201021201210120102120210120212
20102120121012010212021012102120210201021201210120102120210121021
20102120121012010212021020102101210201021201210120102120210201021
20102120121012021012102010210120210201021201210120210121020102101
20102120121012021012102012021201210201021201210120210121020120212
20102120121012021012102120102012101201021201210120210121021201020
20102120121012021012102120102101210201021201210120210121021201021
20102120121012021020102120102012101201021201210120210201021201020
20102120121012021020120212010201210201021201210120210201202120102
20102120121012021020121012010201210201021201210120210201210120102
20102120121012021020121021202101210201021201210120210201210212021
20102120121012021201020121020102101201021201210120212010201210201
20102120121012021201020121021202101201021201210120212010201210212
20102120121012021201021012010201210201021201210120212010210120102
20102120121012021201021012102012101201021201210120212010210121020
20102120121012021201021012102120210201021201210120212010210121021
20102120121012021201021202102012101201021201210120212010212021020
20102120121012021201210201021202101201021201210120212012102010212
20102120121012021201210201202101210201021201210120212012102012021
20102120121012021201210212010201210201021201210120212012102120102
20102120121020102101202120102012101201021201210201021012021201020
20102120121020102101202120102120210201021201210201021012021201021
20102120121020102101210201210120210201021201210201021012102012101
20102120121020102120210120102012101201021201210201021202101201020
20102120121020102120210120212012101201021201210201021202101202120
20102120121020102120210121020102101201021201210201021202101210201
20102120121020120210201021202101210201021201210201202102010212021
20102120121020120212010201202101210201021201210201202120102012021
20102120121020120212010201210120210201021201210201202120102012101
20102120121020120212012101202101210201021201210201202120121012021
20102120121021202101202120102012101201021201210212021012021201020
20102120121021202101202120102101210201021201210212021012021201021
20102120121021202101202120102120210201021201210212021012021201021
20102120121021202101210201021202101201021201210212021012102010212
20102120121021202101210201210120210201021201210212021012102012101
20102120121021202101210212010201210201021201210212021012102120102
20102120121021202102010212010201210201021201210212021020102120102
20102120121021202102012101202101210201021201210212021020121012021
20102120210120102012021012102012021201021202101201020120210121020
20102120210120102012021012102012101201021202101201020120210121020
20102120210120102012021012102120210201021202101201020120210121021
20102120210120102012021020102101210201021202101201020120210201021
20102120210120102012021020121012021201021202101201020120210201210
20102120210120102012021201210120210201021202101201020120212012101
20102120210120102012101201021012021201021202101201020121012010210
20102120210120102012101201021201210201021202101201020121012010212
20102120210120102012101202102012021201021202101201020121012021020
20102120210120102012102010210120210201021202101201020121020102101
20102120210120102012102010212012101201021202101201020121020102120
20102120210120102012102120102012021201021202101201020121021201020
20102120210120102012102120102101210201021202101201020121021201021
20102120210120102012102120121012021201021202101201020121021201210
20102120210120102101210201021012021201021202101201021012102010210
20102120210120102101210201210120210201021202101201021012102012101
20102120210120102101210212010201210201021202101201021012102120102
20102120210120102101210212021012021201021202101201021012102120210
20102120210120102120121012010201210201021202101201021201210120102
20102120210120102120121012021201210201021202101201021201210120212
20102120210120102120121021202101210201021202101201021201210212021
20102120210120212010201202102012101201021202101202120102012021020
20102120210120212010201210212012101201021202101202120102012102120
20102120210120212010210120102012021201021202101202120102101201020
20102120210120212010210120102012101201021202101202120102101201020
20102120210120212010210121020102101201021202101202120102101210201
20102120210120212010210121020120210201021202101202120102101210201
20102120210120212010210121021201210201021202101202120102101210212
20102120210120212010212021020102101201021202101202120102120210201
20102120210120212012101201020120210201021202101202120121012010201
20102120210120212012101201021012021201021202101202120121012010210
20102120210120212012101201021201210201021202101202120121012010212
20102120210120212012101202102012021201021202101202120121012021020
20102120210120212012101202102012101201021202101202120121012021020
20102120210120212012102010210120210201021202101202120121020102101
20102120210120212012102010212012101201021202101202120121020102120
20102120210120212012102120102012021201021202101202120121021201020
20102120210120212012102120102012101201021202101202120121021201020
20102120210120212012102120102101210201021202101202120121021201021
20102120210121020102101201020120210201021202101210201021012010201
20102120210121020102101201021201210201021202101210201021012010212
20102120210121020102101202102012021201021202101210201021012021020
20102120210121020102101202102012101201021202101210201021012021020
20102120210121020102101210212012101201021202101210201021012102120
20102120210121020102120121020120210201021202101210201021201210201
20102120210121020102120210201202101201021202101210201021202102012
20102120210121020120210120102012021201021202101210201202101201020
20102120210121020120210120102012101201021202101210201202101201020
20102120210121020120210120102101210201021202101210201202101201021
20102120210121020120210201021012021201021202101210201202102010210
20102120210121020120212010201202101201021202101210201202120102012
20102120210121020120212010210120210201021202101210201202120102101
20102120210121020120212012102120210201021202101210201202120121021
20102120210121020121012010201202101201021202101210201210120102012
20102120210121020121012010210120210201021202101210201210120102101
20102120210121020121012021020102101201021202101210201210120210201
20102120210121021201020120212012101201021202101210212010201202120
20102120210121021201020121020102101201021202101210212010201210201
20102120210121021201021012010201210201021202101210212010210120102
20102120210121021201021012021201210201021202101210212010210120212
20102120210121021201021012102012021201021202101210212010210121020
20102120210121021201021012102012101201021202101210212010210121020
20102120210121021201210120102012021201021202101210212012101201020
20102120210121021201210120102101210201021202101210212012101201021
20102120210121021201210201021012021201021202101210212012102010210
20102120210121021201210201202101210201021202101210212012102012021
20102120210121021202102010212012101201021202101210212021020102120
20102120210121021202102012021201210201021202101210212021020120212
20102120210201021012010201202101210201021202102010210120102012021
20102120210201021012010212021012021201021202102010210120102120210
20102120210201021012021020121012021201021202102010210120210201210
20102120210201021012102010212012101201021202102010210121020102120
20102120210201021012102012021201210201021202102010210121020120212
20102120210201021012102120102012021201021202102010210121021201020
20102120210201021012102120102012101201021202102010210121021201020
20102120210201021012102120121012021201021202102010210121021201210
20102120210201021201020120212012101201021202102010212010201202120
20102120210201021201020121020102101201021202102010212010201210201
20102120210201021201020121021202101201021202102010212010201210212
20102120210201021201210120102012021201021202102010212012101201020
20102120210201021201210201021012021201021202102010212012102010210
20102120210201021201210212021012021201021202102010212012102120210
20102120210201202101201020121012021201021202102012021012010201210
20102120210201202101201021202101210201021202102012021012010212021
20102120210201202101210201021012021201021202102012021012102010210
20102120210201202101210201210120210201021202102012021012102012101
20102120210201202101210212010201210201021202102012021012102120102
20102120210201202101210212021012021201021202102012021012102120210
20102120210201202120121012010201210201021202102012021201210120102
20102120210201202120121021202101210201021202102012021201210212021
20102120210201210120102012021201210201021202102012101201020120212
20102120210201210120102120121012021201021202102012101201021201210
20102120210201210120210121020102101201021202102012101202101210201
20102120210201210120210121020120210201021202102012101202101210201
20102120210201210120210121021201210201021202102012101202101210212
20102120210201210120210121021202101201021202102012101202101210212
20102120210201210120210201021012021201021202102012101202102010210
20102120210201210120212010201202101201021202102012101202120102012
20102120210201210120212010210120210201021202102012101202120102101
20102120210201210120212012102012021201021202102012101202120121020
20102120210201210212010201202101210201021202102012102120102012021
20102120210201210212010201210120210201021202102012102120102012101
20102120210201210212012101202101210201021202102012102120121012021
20102120210201210212021012010201210201021202102012102120210120102
20102120210201210212021012021201210201021202102012102120210120212
20102120210201210212021012102012021201021202102012102120210121020
20102120210201210212021012102012101201021202102012102120210121020
20120210120102012021201021202101210201202101201020120212010212021
20120210120102012101201021202101210201202101201020121012010212021
20120210120102012101202101210212010201202101201020121012021012102
20120210120102012101202102010212010201202101201020121012021020102
20120210120102012101202120102101210201202101201020121012021201021
20120210120102012101202120102120210201202101201020121012021201021
20120210120102012102010210120212010201202101201020121020102101202
20120210120102012102120210120212010201202101201020121021202101202
20120210120102101210201021202101210201202101201021012102010212021
20120210120102101210201210120212010201202101201021012102012101202
20120210120102120210121020102120210201202101201021202101210201021
20120210120102120210121020120212010201202101201021202101210201202
20120210120102120210121020121012010201202101201021202101210201210
20120210120102120210201210120212010201202101201021202102012101202
20120210121020102101202102010212010201202101210201021012021020102
20120210121020102101202120102120210201202101210201021012021201021
20120210121020102101202120121012010201202101210201021012021201210
20120210121020102101210212021012010201202101210201021012102120210
20120210121020102120102012021201210201202101210201021201020120212
20120210121020102120102012102120210201202101210201021201020121021
20120210121020102120121012021201210201202101210201021201210120212
20120210121020102120121020120212010201202101210201021201210201202
20120210121020102120210121021201210201202101210201021202101210212
20120210121020102120210201021012010201202101210201021202102010210
20120210121020102120210201210212010201202101210201021202102012102
20120210121020120212010212021012010201202101210201202120102120210
20120210121020120212012102010212010201202101210201202120121020102
20120210121020121012010201210212010201202101210201210120102012102
20120210121020121012010210120212010201202101210201210120102101202
20120210121020121012010212021012010201202101210201210120102120210
20120210121020121012021012102120210201202101210201210120210121021
20120210121020121012021020102120210201202101210201210120210201021
20120210121020121012021020120212010201202101210201210120210201202
20120210121020121012021201021012010201202101210201210120212010210
20120210121020121012021201210212010201202101210201210120212012102
20120210121021201020121012021201210201202101210212010201210120212
20120210121021201020121020102101210201202101210212010201210201021
20120210121021201020121020102120210201202101210212010201210201021
20120210121021201021012102010212010201202101210212010210121020102
20120210121021202101202120102101210201202101210212021012021201021
20120210121021202101202120102120210201202101210212021012021201021
20120210121021202101202120121012010201202101210212021012021201210
20120210121021202102010210120212010201202101210212021020102101202
20120210121021202102010212021012010201202101210212021020102120210
20120210201021012010201210120212010201202102010210120102012101202
20120210201021012021201020121012010201202102010210120212010201210
20120210201021012021201021202101210201202102010210120212010212021
20120210201021012102010212021012010201202102010210121020102120210
20120210201021012102012101202101210201202102010210121020121012021
20120210201021012102120210120212010201202102010210121021202101202
20120210201021201020121012021201210201202102010212010201210120212
20120210201021201020121020102101210201202102010212010201210201021
20120210201021201020121021202101210201202102010212010201210212021
20120210201021202101202120102101210201202102010212021012021201021
20120210201021202101202120121012010201202102010212021012021201210
20120210201021202101210201021012010201202102010212021012102010210
20120210201021202101210201021201210201202102010212021012102010212
20120210201021202102012101202101210201202102010212021020121012021
20120210201210120102012102010212010201202102012101201020121020102
20120210201210120102120210120212010201202102012101201021202101202
20120210201210120210121020120212010201202102012101202101210201202
20120210201210120210121020121012010201202102012101202101210201210
20120210201210120212010212021012010201202102012101202120102120210
20120210201210120212012102010212010201202102012101202120121020102
20120210201210212010201210120212010201202102012102120102012101202
20120210201210212021012102010212010201202102012102120210121020102
20120212010201202101201021202101210201202120102012021012010212021
20120212010201202101210201021201210201202120102012021012102010212
20120212010201202101210201210120210201202120102012021012102012101
20120212010201202102012101202101210201202120102012021020121012021
20120212010201210120210121021201210201202120102012101202101210212
20120212010201210120210201021012010201202120102012101202102010210
20120212010201210120210201021201210201202120102012101202102010212
20120212010201210120212010210120210201202120102012101202120102101
20120212010201210120212012102120210201202120102012101202120121021
20120212010201210201021012021201210201202120102012102010210120212
20120212010201210201021012102120210201202120102012102010210121021
20120212010201210201021201210120210201202120102012102010212012101
20120212010201210212012101202101210201202120102012102120121012021
20120212010201210212021012021201210201202120102012102120210120212
20120212010201210212021020102101210201202120102012102120210201021
20120212010201210212021020121012010201202120102012102120210201210
20120212010210120102012101202101210201202120102101201020121012021
20120212010210120102012102010212010201202120102101201020121020102
20120212010210120210201021202101210201202120102101202102010212021
20120212010210120212012101202101210201202120102101202120121012021
20120212010210120212012102010212010201202120102101202120121020102
20120212010210121020102120121012010201202120102101210201021201210
20120212010210121020121012021201210201202120102101210201210120212
20120212010210121021201020121012010201202120102101210212010201210
20120212010210121021202102010212010201202120102101210212021020102
20120212010212021012010201202101210201202120102120210120102012021
20120212010212021012010201210120210201202120102120210120102012101
20120212010212021012010201210212010201202120102120210120102012102
20120212010212021012021201021012010201202120102120210120212010210
20120212010212021012021201210120210201202120102120210120212012101
20120212010212021012021201210212010201202120102120210120212012102
20120212010212021012102010210120210201202120102120210121020102101
20120212010212021012102012021012010201202120102120210121020120210
20120212010212021012102120102101210201202120102120210121021201021
20120212010212021012102120121012010201202120102120210121021201210
20120212010212021020102101210212010201202120102120210201021012102
20120212010212021020102120121012010201202120102120210201021201210
20120212010212021020121012021201210201202120102120210201210120212
20120212010212021020121021202101210201202120102120210201210212021
20120212012101201020121020102101210201202120121012010201210201021
20120212012101201020121020102120210201202120121012010201210201021
20120212012101201020121021202101210201202120121012010201210212021
20120212012101201021012102010212010201202120121012010210121020102
20120212012101201021202101210212010201202120121012010212021012102
20120212012101201021202102010212010201202120121012010212021020102
20120212012101202101210201021012010201202120121012021012102010210
20120212012101202101210201021201210201202120121012021012102010212
20120212012101202101210201210120210201202120121012021012102012101
20120212012101202101210212021012010201202120121012021012102120210
20120212012101202102010210120212010201202120121012021020102101202
20120212012101202102010212021012010201202120121012021020102120210
20120212012101202120102012102120210201202120121012021201020121021
20120212012101202120102101210212010201202120121012021201021012102
20120212012102010210121020121012010201202120121020102101210201210
20120212012102010210121021202101210201202120121020102101210212021
20120212012102010212010201202101210201202120121020102120102012021
20120212012102010212010201210120210201202120121020102120102012101
20120212012102010212012101202101210201202120121020102120121012021
20120212012102010212021012102120210201202120121020102120210121021
20120212012102010212021020102101210201202120121020102120210201021
20120212012102010212021020121012010201202120121020102120210201210
20120212012102012021012102010212010201202120121020120210121020102
20120212012102120102012101202101210201202120121021201020121012021
20120212012102120102012102010212010201202120121021201020121020102
20120212012102120210121020102120210201202120121021202101210201021
20120212012102120210121020121012010201202120121021202101210201210
20120212012102120210201021202101210201202120121021202102010212021
20120212012102120210201210120212010201202120121021202102012101202
20121012010201202101201021202101210201210120102012021012010212021
20121012010201202101210201021012021201210120102012021012102010210
20121012010201202101210212021012021201210120102012021012102120210
20121012010201202102010210120212010201210120102012021020102101202
20121012010201202102010212021012021201210120102012021020102120210
20121012010201202102012101202101210201210120102012021020121012021
20121012010201202120102012102120210201210120102012021201020121021
20121012010201202120102101210201021201210120102012021201021012102
20121012010201202120102101210212010201210120102012021201021012102
20121012010201202120102120210121021201210120102012021201021202101
20121012010201202120102120210201021201210120102012021201021202102
20121012010201202120121020102101210201210120102012021201210201021
20121012010201202120121020102120210201210120102012021201210201021
20121012010201202120121021202101210201210120102012021201210212021
20121012010201210120210201021012021201210120102012101202102010210
20121012010201210120212010210121021201210120102012101202120102101
20121012010201210201021012102012021201210120102012102010210121020
20121012010201210201021012102120210201210120102012102010210121021
20121012010201210201021201020120210201210120102012102010212010201
20121012010201210201021201020121021201210120102012102010212010201
20121012010201210201021201210120210201210120102012102010212012101
20121012010201210201021202101201021201210120102012102010212021012
20121012010201210201021202102012021201210120102012102010212021020
20121012010201210212010201202101210201210120102012102120102012021
20121012010201210212012101202101210201210120102012102120121012021
20121012010201210212021012102012021201210120102012102120210121020
20121012010201210212021020102101210201210120102012102120210201021
20121012010201210212021020121012021201210120102012102120210201210
20121012010210120210201021202101210201210120102101202102010212021
20121012010210120210201210120212010201210120102101202102012101202
20121012010210120212010201202101210201210120102101202120102012021
20121012010210120212010201210201021201210120102101202120102012102
20121012010210120212010212021012010201210120102101202120102120210
20121012010210120212010212021012021201210120102101202120102120210
20121012010210120212012101202101210201210120102101202120121012021
20121012010210120212012102010212010201210120102101202120121020102
20121012010210121020102120102012021201210120102101210201021201020
20121012010210121020102120210121021201210120102101210201021202101
20121012010210121021201020121012021201210120102101210212010201210
20121012010210121021201210120212010201210120102101210212012101202
20121012010210121021202101210201021201210120102101210212021012102
20121012010210121021202102010212010201210120102101210212021020102
20121012010212012101202101210212010201210120102120121012021012102
20121012010212012101202102010212010201210120102120121012021020102
20121012010212012101202120102101210201210120102120121012021201021
20121012010212012101202120102120210201210120102120121012021201021
20121012010212012102010210120212010201210120102120121020102101202
20121012010212012102010212021012010201210120102120121020102120210
20121012010212012102010212021012021201210120102120121020102120210
20121012010212012102120210120212010201210120102120121021202101202
20121012010212021012010201202101210201210120102120210120102012021
20121012010212021012010201210201021201210120102120210120102012102
20121012010212021012021201020120210201210120102120210120212010201
20121012010212021012021201020121021201210120102120210120212010201
20121012010212021012021201021012010201210120102120210120212010210
20121012010212021012021201210120210201210120102120210120212012101
20121012010212021012021201210201021201210120102120210120212012102
20121012010212021012021201210212010201210120102120210120212012102
20121012010212021012102010210120210201210120102120210121020102101
20121012010212021012102010210121021201210120102120210121020102101
20121012010212021012102012021012010201210120102120210121020120210
20121012010212021012102120102012021201210120102120210121021201020
20121012010212021012102120102101210201210120102120210121021201021
20121012010212021012102120210201021201210120102120210121021202102
20121012010212021020102101210201021201210120102120210201021012102
20121012010212021020102101210212010201210120102120210201021012102
20121012010212021020102120102012021201210120102120210201021201020
20121012010212021020121021202101210201210120102120210201210212021
20121012021012102010210120102012021201210120210121020102101201020
20121012021012102010210120102120210201210120210121020102101201021
20121012021012102010210120210201021201210120210121020102101202102
20121012021012102010212012102012021201210120210121020102120121020
20121012021012102010212012102120210201210120210121020102120121021
20121012021012102010212021020121021201210120210121020102120210201
20121012021012102012021020102101210201210120210121020120210201021
20121012021012102012021020102120210201210120210121020120210201021
20121012021012102012021201020120210201210120210121020120212010201
20121012021012102012021201020121021201210120210121020120212010201
20121012021012102012021201021012010201210120210121020120212010210
20121012021012102012021201021012021201210120210121020120212010210
20121012021012102012021201210201021201210120210121020120212012102
20121012021012102012021201210212010201210120210121020120212012102
20121012021012102012101201020120210201210120210121020121012010201
20121012021012102012101201020121021201210120210121020121012010201
20121012021012102012101201021012021201210120210121020121012010210
20121012021012102012101202102012021201210120210121020121012021020
20121012021012102120102012021012010201210120210121021201020120210
20121012021012102120102012101201021201210120210121021201020121012
20121012021012102120102012102120210201210120210121021201020121021
20121012021012102120102101210201021201210120210121021201021012102
20121012021012102120121020102101210201210120210121021201210201021
20121012021012102120121020102120210201210120210121021201210201021
20121012021012102120121020120212010201210120210121021201210201202
20121012021012102120210120102012021201210120210121021202101201020
20121012021012102120210120102101210201210120210121021202101201021
20121012021012102120210120102120210201210120210121021202101201021
20121012021012102120210201021012010201210120210121021202102010210
20121012021012102120210201021012021201210120210121021202102010210
20121012021012102120210201202101210201210120210121021202102012021
20121012021012102120210201210212010201210120210121021202102012102
20121012021020102101201020120212010201210120210201021012010201202
20121012021020102101201021202101210201210120210201021012010212021
20121012021020102101202120102012021201210120210201021012021201020
20121012021020102101202120102101210201210120210201021012021201021
20121012021020102101202120102120210201210120210201021012021201021
20121012021020102101202120121012010201210120210201021012021201210
20121012021020102101210212021012010201210120210201021012102120210
20121012021020102101210212021012021201210120210201021012102120210
20121012021020102120102012021012010201210120210201021201020120210
20121012021020102120102012101201021201210120210201021201020121012
20121012021020102120102012102120210201210120210201021201020121021
20121012021020102120121020102101210201210120210201021201210201021
20121012021020102120121020120212010201210120210201021201210201202
20121012021020102120121021202101210201210120210201021201210212021
20121012021020102120210120102012021201210120210201021202101201020
20121012021020102120210120102101210201210120210201021202101201021
20121012021020102120210201202101210201210120210201021202102012021
20121012021020102120210201210212010201210120210201021202102012102
20121012021020120212010201202101210201210120210201202120102012021
20121012021020120212010201210201021201210120210201202120102012102
20121012021020120212010212021012010201210120210201202120102120210
20121012021020120212010212021012021201210120210201202120102120210
20121012021020120212012101202101210201210120210201202120121012021
20121012021020120212012102010212010201210120210201202120121020102
20121012021020121012010201210201021201210120210201210120102012102
20121012021020121012010212021012021201210120210201210120102120210
20121012021020121021201210120212010201210120210201210212012101202
20121012021020121021202101210201021201210120210201210212021012102
20121012021020121021202101210212010201210120210201210212021012102
20121012021020121021202102010212010201210120210201210212021020102
20121012021201020120210120102101210201210120212010201202101201021
20121012021201020120210120102120210201210120212010201202101201021
20121012021201020120210201021012010201210120212010201202102010210
20121012021201020120210201210212010201210120212010201202102012102
20121012021201020120212012102120210201210120212010201202120121021
20121012021201020121012010210120210201210120212010201210120102101
20121012021201020121012010210121021201210120212010201210120102101
20121012021201020121012021020121021201210120212010201210120210201
20121012021201020121020102101201021201210120212010201210201021012
20121012021201020121021201021012010201210120212010201210212010210
20121012021201020121021202101201021201210120212010201210212021012
20121012021201020121021202102012021201210120212010201210212021020
20121012021201021012010201202101210201210120212010210120102012021
20121012021201021012010201210201021201210120212010210120102012102
20121012021201021012021020102101210201210120212010210120210201021
20121012021201021012021020102120210201210120212010210120210201021
20121012021201021012021020120212010201210120212010210120210201202
20121012021201021012102010210120210201210120212010210121020102101
20121012021201021012102012021012010201210120212010210121020120210
20121012021201021012102012101201021201210120212010210121020121012
20121012021201021012102120102012021201210120212010210121021201020
20121012021201021012102120121012010201210120212010210121021201210
20121012021201021012102120210201021201210120212010210121021202102
20121012021201021202101201020120210201210120212010212021012010201
20121012021201021202101201020121021201210120212010212021012010201
20121012021201021202102010210120210201210120212010212021020102101
20121012021201021202102010210121021201210120212010212021020102101
20121012021201021202102012021012010201210120212010212021020120210
20121012021201021202102012101201021201210120212010212021020121012
20121012021201210120102012102120210201210120212012101201020121021
20121012021201210120102101210212010201210120212012101201021012102
20121012021201210201021012102120210201210120212012102010210121021
20121012021201210201021201020120210201210120212012102010212010201
20121012021201210201021201020121021201210120212012102010212010201
20121012021201210201021202101201021201210120212012102010212021012
20121012021201210201202101210201021201210120212012102012021012102
20121012021201210201202101210212010201210120212012102012021012102
20121012021201210201202102010212010201210120212012102012021020102
20121012021201210201202120102101210201210120212012102012021201021
20121012021201210201202120102120210201210120212012102012021201021
20121012021201210212010201202101210201210120212012102120102012021
20121012021201210212010201210201021201210120212012102120102012102
20121012021201210212010210120212010201210120212012102120102101202
20121012021201210212021020102101210201210120212012102120210201021
20121012021201210212021020120212010201210120212012102120210201202
20121020102101201021201210120212010201210201021012010212012101202
20121020102101201021202101210212010201210201021012010212021012102
20121020102101201021202102010212010201210201021012010212021020102
20121020102101202102010212021012010201210201021012021020102120210
20121020102101202102010212021012021201210201021012021020102120210
20121020102101202120102012021012010201210201021012021201020120210
20121020102101202120102012101201021201210201021012021201020121012
20121020102101202120102101210212010201210201021012021201021012102
20121020102101202120102120210121021201210201021012021201021202101
20121020102101202120102120210201021201210201021012021201021202102
20121020102101202120121020120212010201210201021012021201210201202
20121020102101210201202101210212010201210201021012102012021012102
20121020102101210201202102010212010201210201021012102012021020102
20121020102101210201202120121012010201210201021012102012021201210
20121020102101210201210120102012021201210201021012102012101201020
20121020102101210201210120210121021201210201021012102012101202101
20121020102101210201210120210201021201210201021012102012101202102
20121020102101210212010210120212010201210201021012102120102101202
20121020102101210212012102010212010201210201021012102120121020102
20121020102101210212021012102012021201210201021012102120210121020
20121020102101210212021020120212010201210201021012102120210201202
20121020102101210212021020121012010201210201021012102120210201210
20121020102101210212021020121012021201210201021012102120210201210
20121020102120102012021012102012021201210201021201020120210121020
20121020102120102012021020121012010201210201021201020120210201210
20121020102120102012021020121012021201210201021201020120210201210
20121020102120102012021201021012010201210201021201020120212010210
20121020102120102012021201021012021201210201021201020120212010210
20121020102120102012021201210212010201210201021201020120212012102
20121020102120102012101201021012021201210201021201020121012010210
20121020102120102012101202102012021201210201021201020121012021020
20121020102120102012102010210121021201210201021201020121020102101
20121020102120102012102120121012010201210201021201020121021201210
20121020102120102012102120121012021201210201021201020121021201210
20121020102120102012102120210121021201210201021201020121021202101
20121020102120121012010210120212010201210201021201210120102101202
20121020102120121012010212021012010201210201021201210120102120210
20121020102120121012010212021012021201210201021201210120102120210
20121020102120121012021012102012021201210201021201210120210121020
20121020102120121012021020120212010201210201021201210120210201202
20121020102120121012021020121012010201210201021201210120210201210
20121020102120121012021201021012010201210201021201210120212010210
20121020102120121012021201210212010201210201021201210120212012102
20121020102120121021202101210212010201210201021201210212021012102
20121020102120121021202102010212010201210201021201210212021020102
20121020102120210120102012101201021201210201021202101201020121012
20121020102120210120102101210212010201210201021202101201021012102
20121020102120210120102120121012010201210201021202101201021201210
20121020102120210120102120121012021201210201021202101201021201210
20121020102120210120212010210121021201210201021202101202120102101
20121020102120210120212012101201021201210201021202101202120121012
20121020102120210121020102101201021201210201021202101210201021012
20121020102120210121021201021012010201210201021202101210212010210
20121020102120210121021201021012021201210201021202101210212010210
20121020102120210121021202102012021201210201021202101210212021020
20121020102120210201021012102012021201210201021202102010210121020
20121020102120210201202101210212010201210201021202102012021012102
20121020102120210201202120121012010201210201021202102012021201210
20121020102120210201210120102012021201210201021202102012101201020
20121020102120210201210120210121021201210201021202102012101202101
20121020102120210201210212021012010201210201021202102012102120210
20121020102120210201210212021012021201210201021202102012102120210
20121020120210121020102120102012021201210201202101210201021201020
20121020120210121020102120121012021201210201202101210201021201210
20121020120210121020102120210121021201210201202101210201021202101
20121020120210121021201020121012021201210201202101210212010201210
20121020120210201021201020121012021201210201202102010212010201210
20121020120210201021202101210201021201210201202102010212021012102
20121020120212010201202101210201021201210201202120102012021012102
20121020120212010201210120210121021201210201202120102012101202101
20121020120212010201210120210201021201210201202120102012101202102
20121020120212010201210201021012021201210201202120102012102010210
20121020120212010201210212021012021201210201202120102012102120210
20121020120212010210121020121012021201210201202120102101210201210
20121020120212010212021020121012021201210201202120102120210201210
20121020120212012101202101210201021201210201202120121012021012102
20121021201020120210121020102120210201210212010201202101210201021
20121021201020120210121020121012010201210212010201202101210201210
20121021201020120210121020121012021201210212010201202101210201210
20121021201020120212010212021012010201210212010201202120102120210
20121021201020120212010212021012021201210212010201202120102120210
20121021201020121012010212021012021201210212010201210120102120210
20121021201020121012021012102012021201210212010201210120210121020
20121021201020121012021012102120210201210212010201210120210121021
20121021201020121012021020102120210201210212010201210120210201021
20121021201020121012021201020120210201210212010201210120212010201
20121021201020121020102120102012021201210212010201210201021201020
20121021201020121020102120121012021201210212010201210201021201210
20121021201021012010201210120212010201210212010210120102012101202
20121021201021012021201020121012021201210212010210120212010201210
20121021201021012102010210120212010201210212010210121020102101202
20121021201021012102010212021012010201210212010210121020102120210
20121021201021012102010212021012021201210212010210121020102120210
20121021201021012102120210120212010201210212010210121021202101202
20121021201210120102012102010212010201210212012101201020121020102
20121021201210120102120210120212010201210212012101201021202101202
20121021201210120210121020102120210201210212012101202101210201021
20121021201210120210121020120212010201210212012101202101210201202
20121021201210120210121020121012010201210212012101202101210201210
20121021201210120212010201210120210201210212012101202120102012101
20121021201210120212010212021012010201210212012101202120102120210
20121021201210120212012102010212010201210212012101202120121020102
20121021202101201020121020102120210201210212021012010201210201021
20121021202101201021012102010212010201210212021012010210121020102
20121021202101201021201210120212010201210212021012010212012101202
20121021202101201021202102010212010201210212021012010212021020102
20121021202101202120102012021012010201210212021012021201020120210
20121021202101202120102012101201021201210212021012021201020121012
20121021202101202120102101210201021201210212021012021201021012102
20121021202101202120102101210212010201210212021012021201021012102
20121021202101202120102120210201021201210212021012021201021202102
20121021202101202120121020102120210201210212021012021201210201021
20121021202101202120121020120212010201210212021012021201210201202
20121021202101210201021201020120210201210212021012102010212010201
20121021202101210201021201210120210201210212021012102010212012101
20121021202101210201021202101201021201210212021012102010212021012
20121021202101210201021202102012021201210212021012102010212021020
20121021202101210201202102010212010201210212021012102012021020102
20121021202101210201202120102120210201210212021012102012021201021
20121021202101210201202120121012010201210212021012102012021201210
20121021202101210201210120102012021201210212021012102012101201020
20121021202101210201210120102120210201210212021012102012101201021
20121021202101210201210120210201021201210212021012102012101202102
20121021202101210212010201210120210201210212021012102120102012101
20121021202101210212010201210201021201210212021012102120102012102
20121021202101210212010210120212010201210212021012102120102101202
20121021202101210212012102010212010201210212021012102120121020102
20121021202102010210121020120212010201210212021020102101210201202
20121021202102010210121020121012010201210212021020102101210201210
20121021202102010210121020121012021201210212021020102101210201210
20121021202102010212010201210120210201210212021020102120102012101
20121021202102010212010201210201021201210212021020102120102012102
20121021202102010212021012102012021201210212021020102120210121020
20121021202102012021012102010212010201210212021020120210121020102
20121021202102012021201020121012021201210212021020120212010201210
20121021202102012021201210120212010201210212021020120212012101202
20121021202102012101201020120212010201210212021020121012010201202
20121021202102012101202101210201021201210212021020121012021012102
20121021202102012101202101210212010201210212021020121012021012102
20121021202102012101202102010212010201210212021020121012021020102
20121021202102012101202120102012021201210212021020121012021201020
20121021202102012101202120121012010201210212021020121012021201210
20210120102012021012102010210121021202101201020120210121020102101
20210120102012021012102012021201021202101201020120210121020120212
20210120102012021012102012101201021202101201020120210121020121012
20210120102012021012102120210201021202101201020120210121021202102
20210120102012021020102101210201021202101201020120210201021012102
20210120102012021020121012021201021202101201020120210201210120212
20210120102012021201021202101210201202101201020120212010212021012
20210120102012021201210120210121021202101201020120212012101202101
20210120102012021201210120210201021202101201020120212012101202102
20210120102012101201021012021201021202101201020121012010210120212
20210120102012101201021201210201021202101201020121012010212012102
20210120102012101201021202101210201202101201020121012010212021012
20210120102012101202101210212010201202101201020121012021012102120
20210120102012101202102010210121021202101201020121012021020102101
20210120102012101202102010212010201202101201020121012021020102120
20210120102012101202102012021201021202101201020121012021020120212
20210120102012101202120102101210201202101201020121012021201021012
20210120102012101202120102120210201202101201020121012021201021202
20210120102012102010210120210201021202101201020121020102101202102
20210120102012102010210120212010201202101201020121020102101202120
20210120102012102010212012101201021202101201020121020102120121012
20210120102012102010212021020121021202101201020121020102120210201
20210120102012102120102012021201021202101201020121021201020120212
20210120102012102120102101210201021202101201020121021201021012102
20210120102012102120121012021201021202101201020121021201210120212
20210120102012102120210120212010201202101201020121021202101202120
20210120102101210201021012021201021202101201021012102010210120212
20210120102101210201021201020121021202101201021012102010212010201
20210120102101210201021202101210201202101201021012102010212021012
20210120102101210201210120210121021202101201021012102012101202101
20210120102101210201210120210201021202101201021012102012101202102
20210120102101210201210120212010201202101201021012102012101202120
20210120102101210212010201210201021202101201021012102120102012102
20210120102101210212021012021201021202101201021012102120210120212
20210120102120121012010201210201021202101201021201210120102012102
20210120102120121012021201020121021202101201021201210120212010201
20210120102120121012021201210201021202101201021201210120212012102
20210120102120121021202101210201021202101201021201210212021012102
20210120102120210121020102120210201202101201021202101210201021202
20210120102120210121020120212010201202101201021202101210201202120
20210120102120210121020121012010201202101201021202101210201210120
20210120102120210201021201020121021202101201021202102010212010201
20210120102120210201210120210121021202101201021202102012101202101
20210120102120210201210120212010201202101201021202102012101202120
20210120212010201202101201020121021202101202120102012021012010201
20210120212010201202102010210121021202101202120102012021020102101
20210120212010201202102012101201021202101202120102012021020121012
20210120212010201210120102120121021202101202120102012101201021201
20210120212010201210212010210121021202101202120102012102120102101
20210120212010201210212012101201021202101202120102012102120121012
20210120212010210120102012021201021202101202120102101201020120212
20210120212010210120102012101201021202101202120102101201020121012
20210120212010210121020102101201021202101202120102101210201021012
20210120212010210121020102120121021202101202120102101210201021201
20210120212010210121020120210121021202101202120102101210201202101
20210120212010210121020120210201021202101202120102101210201202102
20210120212010210121021201020121021202101202120102101210212010201
20210120212010210121021201210201021202101202120102101210212012102
20210120212010212021012010210121021202101202120102120210120102101
20210120212010212021020102101201021202101202120102120210201021012
20210120212010212021020102120121021202101202120102120210201021201
20210120212010212021020120210121021202101202120102120210201202101
20210120212012101201020120210121021202101202120121012010201202101
20210120212012101201020120210201021202101202120121012010201202102
20210120212012101201021012021201021202101202120121012010210120212
20210120212012101201021201210201021202101202120121012010212012102
20210120212012101202102010210121021202101202120121012021020102101
20210120212012101202102012021201021202101202120121012021020120212
20210120212012101202102012101201021202101202120121012021020121012
20210120212012102010210120210201021202101202120121020102101202102
20210120212012102010212012101201021202101202120121020102120121012
20210120212012102010212021020121021202101202120121020102120210201
20210120212012102012021201020121021202101202120121020120212010201
20210120212012102120102012021201021202101202120121021201020120212
20210120212012102120102012101201021202101202120121021201020121012
20210120212012102120102101210201021202101202120121021201021012102
20210121020102101201020120210201021202101210201021012010201202102
20210121020102101201020120212012101202101210201021012010201202120
20210121020102101201021201210201021202101210201021012010212012102
20210121020102101201021202102012101202101210201021012010212021020
20210121020102101202102010212010201202101210201021012021020102120
20210121020102101202102010212012101202101210201021012021020102120
20210121020102101202102012021201021202101210201021012021020120212
20210121020102101202102012101201021202101210201021012021020121012
20210121020102101202120102120210201202101210201021012021201021202
20210121020102101202120121012010201202101210201021012021201210120
20210121020102101210212012101201021202101210201021012102120121012
20210121020102101210212021012010201202101210201021012102120210120
20210121020102120102012021020121021202101210201021201020120210201
20210121020102120102012021201210201202101210201021201020120212012
20210121020102120102012102120210201202101210201021201020121021202
20210121020102120121012010210121021202101210201021201210120102101
20210121020102120121012021020121021202101210201021201210120210201
20210121020102120121012021201210201202101210201021201210120212012
20210121020102120121020120210201021202101210201021201210201202102
20210121020102120121020120212010201202101210201021201210201202120
20210121020102120121020120212012101202101210201021201210201202120
20210121020102120121021202102012101202101210201021201210212021020
20210121020102120210120102120121021202101210201021202101201021201
20210121020102120210121021201210201202101210201021202101210212012
20210121020102120210201021012010201202101210201021202102010210120
20210121020102120210201202101201021202101210201021202102012021012
20210121020102120210201202120121021202101210201021202102012021201
20210121020102120210201210212010201202101210201021202102012102120
20210121020102120210201210212012101202101210201021202102012102120
20210121020120210120102012021201021202101210201202101201020120212
20210121020120210120102012101201021202101210201202101201020121012
20210121020120210120102101210201021202101210201202101201021012102
20210121020120210201021012021201021202101210201202102010210120212
20210121020120210201021012102012101202101210201202102010210121020
20210121020120210201021201020121021202101210201202102010212010201
20210121020120210201021202102012101202101210201202102010212021020
20210121020120212010201202101201021202101210201202120102012021012
20210121020120212010201202102012101202101210201202120102012021020
20210121020120212010201210212012101202101210201202120102012102120
20210121020120212010210120102012101202101210201202120102101201020
20210121020120212010210120210201021202101210201202120102101202102
20210121020120212010210120212012101202101210201202120102101202120
20210121020120212010212021012010201202101210201202120102120210120
20210121020120212010212021020121021202101210201202120102120210201
20210121020120212012101201020121021202101210201202120121012010201
20210121020120212012102010210121021202101210201202120121020102101
20210121020120212012102010212010201202101210201202120121020102120
20210121020120212012102010212012101202101210201202120121020102120
20210121020120212012102120102012101202101210201202120121021201020
20210121020120212012102120210201021202101210201202120121021202102
20210121020121012010201202101201021202101210201210120102012021012
20210121020121012010201202102012101202101210201210120102012021020
20210121020121012010201202120121021202101210201210120102012021201
20210121020121012010201210212010201202101210201210120102012102120
20210121020121012010201210212012101202101210201210120102012102120
20210121020121012010210120210201021202101210201210120102101202102
20210121020121012010210120212010201202101210201210120102101202120
20210121020121012010210120212012101202101210201210120102101202120
20210121020121012010212021012010201202101210201210120102120210120
20210121020121012010212021020121021202101210201210120102120210201
20210121020121012021012102120210201202101210201210120210121021202
20210121020121012021020102101201021202101210201210120210201021012
20210121020121012021020102120121021202101210201210120210201021201
20210121020121012021020102120210201202101210201210120210201021202
20210121020121012021020120212010201202101210201210120210201202120
20210121020121012021020120212012101202101210201210120210201202120
20210121020121012021201021012010201202101210201210120212010210120
20210121020121012021201210212010201202101210201210120212012102120
20210121021201020120210120102012101202101210212010201202101201020
20210121021201020120212012101201021202101210212010201202120121012
20210121021201020121012010212012101202101210212010201210120102120
20210121021201020121012021020121021202101210212010201210120210201
20210121021201020121012021201210201202101210212010201210120212012
20210121021201020121020102101201021202101210212010201210201021012
20210121021201020121020102101210201202101210212010201210201021012
20210121021201020121020102120121021202101210212010201210201021201
20210121021201020121020102120210201202101210212010201210201021202
20210121021201020121021202102012101202101210212010201210212021020
20210121021201021012010201210201021202101210212010210120102012102
20210121021201021012021201020121021202101210212010210120212010201
20210121021201021012021201210201021202101210212010210120212012102
20210121021201021012102010212010201202101210212010210121020102120
20210121021201021012102010212012101202101210212010210121020102120
20210121021201021012102012021201021202101210212010210121020120212
20210121021201021012102012101201021202101210212010210121020121012
20210121021201210120102012021201021202101210212012101201020120212
20210121021201210120102101210201021202101210212012101201021012102
20210121021201210201021012021201021202101210212012102010210120212
20210121021201210201021012102012101202101210212012102010210121020
20210121021201210201021201020121021202101210212012102010212010201
20210121021201210201021202102012101202101210212012102010212021020
20210121021201210201202101210201021202101210212012102012021012102
20210121021201210201202120102012101202101210212012102012021201020
20210121021202101201020120212012101202101210212021012010201202120
20210121021202101201021012102012101202101210212021012010210121020
20210121021202101201021202102012101202101210212021012010212021020
20210121021202101202120102101210201202101210212021012021201021012
20210121021202101202120102120210201202101210212021012021201021202
20210121021202101202120121012010201202101210212021012021201210120
20210121021202102010210120102012101202101210212021020102101201020
20210121021202102010210120212010201202101210212021020102101202120
20210121021202102010210120212012101202101210212021020102101202120
20210121021202102010212012101201021202101210212021020102120121012
20210121021202102010212021012010201202101210212021020102120210120
20210121021202102012021012102012101202101210212021020120210121020
20210121021202102012021201210201021202101210212021020120212012102
20210121021202102012102120102012101202101210212021020121021201020
20210201021012010201202101210201021202102010210120102012021012102
20210201021012010201202120102012101202102010210120102012021201020
20210201021012010201210120210121021202102010210120102012101202101
20210201021012010201210120212010201202102010210120102012101202120
20210201021012010212021012021201021202102010210120102120210120212
20210201021012010212021012102012101202102010210120102120210121020
20210201021012021020121012021201021202102010210120210201210120212
20210201021012021201020120210121021202102010210120212010201202101
20210201021012021201020120212012101202102010210120212010201202120
20210201021012021201020121012010201202102010210120212010201210120
20210201021012021201021012102012101202102010210120212010210121020
20210201021012021201021202101210201202102010210120212010212021012
20210201021012021201021202102012101202102010210120212010212021020
20210201021012021201210120102012101202102010210120212012101201020
20210201021012021201210120210121021202102010210120212012101202101
20210201021012102010212012101201021202102010210121020102120121012
20210201021012102010212021012010201202102010210121020102120210120
20210201021012102012021201020121021202102010210121020120212010201
20210201021012102012021201210201021202102010210121020120212012102
20210201021012102012101201020121021202102010210121020121012010201
20210201021012102012101202101210201202102010210121020121012021012
20210201021012102012101202120102101202102010210121020121012021201
20210201021012102012101202120121021202102010210121020121012021201
20210201021012102120102012021201021202102010210121021201020120212
20210201021012102120102012101201021202102010210121021201020121012
20210201021012102120121012021201021202102010210121021201210120212
20210201021012102120210120102012101202102010210121021202101201020
20210201021012102120210120212010201202102010210121021202101202120
20210201021012102120210120212012101202102010210121021202101202120
20210201021201020120210120102012101202102010212010201202101201020
20210201021201020120210121020102101202102010212010201202101210201
20210201021201020120212010210121021202102010212010201202120102101
20210201021201020120212012101201021202102010212010201202120121012
20210201021201020121012010210121021202102010212010201210120102101
20210201021201020121012010212012101202102010212010201210120102120
20210201021201020121012021020121021202102010212010201210120210201
20210201021201020121012021201210201202102010212010201210120212012
20210201021201020121020102101201021202102010212010201210201021012
20210201021201020121020102101210201202102010212010201210201021012
20210201021201020121020102120121021202102010212010201210201021201
20210201021201020121021202101201021202102010212010201210212021012
20210201021201020121021202101210201202102010212010201210212021012
20210201021201020121021202102012101202102010212010201210212021020
20210201021201210120102012021201021202102010212012101201020120212
20210201021201210120102120210121021202102010212012101201021202101
20210201021201210120210121020102101202102010212012101202101210201
20210201021201210120212010210121021202102010212012101202120102101
20210201021201210201021012021201021202102010212012102010210120212
20210201021201210201021012102012101202102010212012102010210121020
20210201021201210201202120102012101202102010212012102012021201020
20210201021201210212021012021201021202102010212012102120210120212
20210201021201210212021012102012101202102010212012102120210121020
20210201021202101201020120210121021202102010212021012010201202101
20210201021202101201020120212012101202102010212021012010201202120
20210201021202101201020121020102101202102010212021012010201210201
20210201021202101201021012102012101202102010212021012010210121020
20210201021202101202120102101210201202102010212021012021201021012
20210201021202101202120121012010201202102010212021012021201210120
20210201021202101202120121020102101202102010212021012021201210201
20210201021202101210201021012010201202102010212021012102010210120
20210201021202101210201021201210201202102010212021012102010212012
20210201021202101210201202120102101202102010212021012102012021201
20210201021202101210201202120121021202102010212021012102012021201
20210201021202101210201210120102101202102010212021012102012101201
20210201021202102012021012102012101202102010212021020120210121020
20210201021202102012101202101210201202102010212021020121012021012
20210201021202102012101202120102101202102010212021020121012021201
20210201021202102012102120102012101202102010212021020121021201020
20210201202101201020121012021201021202102012021012010201210120212
20210201202101201021202101210201021202102012021012010212021012102
20210201202101210201021012021201021202102012021012102010210120212
20210201202101210201021201020121021202102012021012102010212010201
20210201202101210201210120210121021202102012021012102012101202101
20210201202101210201210120210201021202102012021012102012101202102
20210201202101210212010201210201021202102012021012102120102012102
20210201202101210212021012021201021202102012021012102120210120212
20210201202120102012021012102012101202102012021201020120210121020
20210201202120102012101202120102101202102012021201020121012021201
20210201202120102012101202120121021202102012021201020121012021201
20210201202120102012102010210121021202102012021201020121020102101
20210201202120102012102010212012101202102012021201020121020102120
20210201202120102120210120102012101202102012021201021202101201020
20210201202120102120210120212012101202102012021201021202101202120
20210201202120102120210121020102101202102012021201021202101210201
20210201202120121012010201210201021202102012021201210120102012102
20210201202120121012021012102012101202102012021201210120210121020
20210201202120121012021201020121021202102012021201210120212010201
20210201202120121020102120102012101202102012021201210201021201020
20210201202120121020102120210121021202102012021201210201021202101
20210201202120121021202101210201021202102012021201210212021012102
20210201210120102012021201020121021202102012101201020120212010201
20210201210120102012021201210201021202102012101201020120212012102
20210201210120102012102010210121021202102012101201020121020102101
20210201210120102012102010212010201202102012101201020121020102120
20210201210120102012102010212012101202102012101201020121020102120
20210201210120102120121012021201021202102012101201021201210120212
20210201210120102120210120212010201202102012101201021202101202120
20210201210120102120210120212012101202102012101201021202101202120
20210201210120102120210121020102101202102012101201021202101210201
20210201210120210121020102101201021202102012101202101210201021012
20210201210120210121020102120121021202102012101202101210201021201
20210201210120210121020120210201021202102012101202101210201202102
20210201210120210121020120212010201202102012101202101210201202120
20210201210120210121020121012010201202102012101202101210201210120
20210201210120210121021201020121021202102012101202101210212010201
20210201210120210121021201210201021202102012101202101210212012102
20210201210120210121021202101201021202102012101202101210212021012
20210201210120210201021012021201021202102012101202102010210120212
20210201210120210201021201020121021202102012101202102010212010201
20210201210120212010201202101201021202102012101202120102012021012
20210201210120212010201202120121021202102012101202120102012021201
20210201210120212010201210120102101202102012101202120102012101201
20210201210120212010210120210201021202102012101202120102101202102
20210201210120212010210121020102101202102012101202120102101210201
20210201210120212010212021012010201202102012101202120102120210120
20210201210120212010212021020102101202102012101202120102120210201
20210201210120212012101201020121021202102012101202120121012010201
20210201210120212012102010210121021202102012101202120121020102101
20210201210120212012102010212010201202102012101202120121020102120
20210201210120212012102012021201021202102012101202120121020120212
20210201210212010201202101210201021202102012102120102012021012102
20210201210212010201210120210121021202102012102120102012101202101
20210201210212010201210120210201021202102012102120102012101202102
20210201210212010201210120212010201202102012102120102012101202120
20210201210212012101202101210201021202102012102120121012021012102
20210201210212012101202120102012101202102012102120121012021201020
20210201210212021012010201210201021202102012102120210120102012102
20210201210212021012021201210201021202102012102120210120212012102
20210201210212021012102010212010201202102012102120210121020102120
20210201210212021012102010212012101202102012102120210121020102120
20210201210212021012102012021201021202102012102120210121020120212
20210201210212021012102012101201021202102012102120210121020121012
20210201210212021012102120102012101202102012102120210121021201020
20210201210212021020102120102012101202102012102120210201021201020
20212010201202101201020121020102101202120102012021012010201210201
20212010201202101201020121021202101202120102012021012010201210212
20212010201202101201021012102012101202120102012021012010210121020
20212010201202101201021202101210201202120102012021012010212021012
20212010201202101201021202102012101202120102012021012010212021020
20212010201202101210201021201210201202120102012021012102010212012
20212010201202101210201210120102101202120102012021012102012101201
20212010201202101210201210120210201202120102012021012102012101202
20212010201202101210212021020102101202120102012021012102120210201
20212010201202102010210120102012101202120102012021020102101201020
20212010201202102010210121021202101202120102012021020102101210212
20212010201202102012101201021202101202120102012021020121012010212
20212010201202102012101202101210201202120102012021020121012021012
20212010201202102012102120102012101202120102012021020121021201020
20212010201202120121012021020102101202120102012021201210120210201
20212010201202120121021202102012101202120102012021201210212021020
20212010201210120102012021020102101202120102012101201020120210201
20212010201210120102101202102012101202120102012101201021012021020
20212010201210120102101210212012101202120102012101201021012102120
20212010201210120102120121020102101202120102012101201021201210201
20212010201210120102120121021202101202120102012101201021201210212
20212010201210120210121021201210201202120102012101202101210212012
20212010201210120210201021012010201202120102012101202102010210120
20212010201210120210201021201210201202120102012101202102010212012
20212010201210120210201210212012101202120102012101202102012102120
20212010201210120212010210120210201202120102012101202120102101202
20212010201210120212012102120102101202120102012101202120121021201
20212010201210120212012102120210201202120102012101202120121021202
20212010201210201021012010212012101202120102012102010210120102120
20212010201210201021012021201210201202120102012102010210120212012
20212010201210201021012102120102101202120102012102010210121021201
20212010201210201021012102120210201202120102012102010210121021202
20212010201210201021201210120102101202120102012102010212012101201
20212010201210201021201210120210201202120102012102010212012101202
20212010201210212010210120102012101202120102012102120102101201020
20212010201210212010210121020102101202120102012102120102101210201
20212010201210212010210121021202101202120102012102120102101210212
20212010201210212012101201021202101202120102012102120121012010212
20212010201210212012101202101210201202120102012102120121012021012
20212010201210212021012010212012101202120102012102120210120102120
20212010201210212021012021201210201202120102012102120210120212012
20212010201210212021012102120102101202120102012102120210121021201
20212010201210212021020102101210201202120102012102120210201021012
20212010201210212021020120212012101202120102012102120210201202120
20212010201210212021020121012010201202120102012102120210201210120
20212010210120102012021012102012101202120102101201020120210121020
20212010210120102012021201021202101202120102101201020120212010212
20212010210120102012101201021202101202120102101201020121012010212
20212010210120102012101202101210201202120102101201020121012021012
20212010210120102012102010212010201202120102101201020121020102120
20212010210120102012102010212012101202120102101201020121020102120
20212010210120210201021012102012101202120102101202102010210121020
20212010210120210201021202101210201202120102101202102010212021012
20212010210120210201021202102012101202120102101202102010212021020
20212010210120210201202120102012101202120102101202102012021201020
20212010210120212012101202101210201202120102101202120121012021012
20212010210120212012102010212010201202120102101202120121020102120
20212010210121020102101201021202101202120102101210201021012010212
20212010210121020102101202102012101202120102101210201021012021020
20212010210121020102120121012010201202120102101210201021201210120
20212010210121020102120121021202101202120102101210201021201210212
20212010210121020120210120102012101202120102101210201202101201020
20212010210121020120210121021202101202120102101210201202101210212
20212010210121020120210201021202101202120102101210201202102010212
20212010210121020121012010212012101202120102101210201210120102120
20212010210121020121012021020102101202120102101210201210120210201
20212010210121020121012021201210201202120102101210201210120212012
20212010210121021201020120212012101202120102101210212010201202120
20212010210121021201020121012010201202120102101210212010201210120
20212010210121021201020121020102101202120102101210212010201210201
20212010210121021201020121021202101202120102101210212010201210212
20212010210121021201210120102012101202120102101210212012101201020
20212010210121021201210201021202101202120102101210212012102010212
20212010210121021202102010212010201202120102101210212021020102120
20212010210121021202102010212012101202120102101210212021020102120
20212010212021012010201202101210201202120102120210120102012021012
20212010212021012010201202102012101202120102120210120102012021020
20212010212021012010201210120102101202120102120210120102012101201
20212010212021012010201210120210201202120102120210120102012101202
20212010212021012010201210212010201202120102120210120102012102120
20212010212021012010201210212012101202120102120210120102012102120
20212010212021012010210121020102101202120102120210120102101210201
20212010212021012010210121021202101202120102120210120102101210212
20212010212021012021201021012010201202120102120210120212010210120
20212010212021012021201210120102101202120102120210120212012101201
20212010212021012021201210120210201202120102120210120212012101202
20212010212021012021201210212010201202120102120210120212012102120
20212010212021012102010210120210201202120102120210121020102101202
20212010212021012102012021012010201202120102120210121020120210120
20212010212021012102012021020102101202120102120210121020120210201
20212010212021012102120102101210201202120102120210121021201021012
20212010212021012102120121012010201202120102120210121021201210120
20212010212021012102120121020102101202120102120210121021201210201
20212010212021020102101201021202101202120102120210201021012010212
20212010212021020102101202102012101202120102120210201021012021020
20212010212021020102101210212010201202120102120210201021012102120
20212010212021020102101210212012101202120102120210201021012102120
20212010212021020102120121012010201202120102120210201021201210120
20212010212021020102120121020102101202120102120210201021201210201
20212010212021020102120121021202101202120102120210201021201210212
20212010212021020120210120102012101202120102120210201202101201020
20212010212021020120210121020102101202120102120210201202101210201
20212010212021020120210121021202101202120102120210201202101210212
20212010212021020121012010212012101202120102120210201210120102120
20212010212021020121012021020102101202120102120210201210120210201
20212010212021020121012021201210201202120102120210201210120212012
20212010212021020121021202101210201202120102120210201210212021012
20212012101201020120210121020102101202120121012010201202101210201
20212012101201020120210121021202101202120121012010201202101210212
20212012101201020120210201021202101202120121012010201202102010212
20212012101201020121012021020102101202120121012010201210120210201
20212012101201020121020102101210201202120121012010201210201021012
20212012101201020121020102120210201202120121012010201210201021202
20212012101201020121021202101210201202120121012010201210212021012
20212012101201020121021202102012101202120121012010201210212021020
20212012101201021012021201021202101202120121012010210120212010212
20212012101201021012102010212010201202120121012010210121020102120
20212012101201021012102120102012101202120121012010210121021201020
20212012101201021201210201021202101202120121012010212012102010212
20212012101201021202101210212010201202120121012010212021012102120
20212012101201021202102010212010201202120121012010212021020102120
20212012101202101210201021012010201202120121012021012102010210120
20212012101202101210201021201210201202120121012021012102010212012
20212012101202101210201202120102101202120121012021012102012021201
20212012101202101210201210120102101202120121012021012102012101201
20212012101202101210201210120210201202120121012021012102012101202
20212012101202101210212021012010201202120121012021012102120210120
20212012101202101210212021020102101202120121012021012102120210201
20212012101202102010210120212010201202120121012021020102101202120
20212012101202102010210121021202101202120121012021020102101210212
20212012101202102010212021012010201202120121012021020102120210120
20212012101202102012021201021202101202120121012021020120212010212
20212012101202102012101201021202101202120121012021020121012010212
20212012101202120102012102120210201202120121012021201020121021202
20212012101202120102101210212010201202120121012021201021012102120
20212012102010210120210201021202101202120121020102101202102010212
20212012102010210121020121012010201202120121020102101210201210120
20212012102010210121021202101210201202120121020102101210212021012
20212012102010210121021202102012101202120121020102101210212021020
20212012102010212010201202101210201202120121020102120102012021012
20212012102010212010201202102012101202120121020102120102012021020
20212012102010212010201202120102101202120121020102120102012021201
20212012102010212010201210120102101202120121020102120102012101201
20212012102010212010201210120210201202120121020102120102012101202
20212012102010212010201210212012101202120121020102120102012102120
20212012102010212012101201021202101202120121020102120121012010212
20212012102010212012101202101210201202120121020102120121012021012
20212012102010212021012010212012101202120121020102120210120102120
20212012102010212021012102120102101202120121020102120210121021201
20212012102010212021012102120210201202120121020102120210121021202
20212012102010212021020102101210201202120121020102120210201021012
20212012102010212021020121012010201202120121020102120210201210120
20212012102010212021020121021202101202120121020102120210201210212
20212012102012021012102010212010201202120121020120210121020102120
20212012102012021012102010212012101202120121020120210121020102120
20212012102012021012102120102012101202120121020120210121021201020
20212012102012021020102120102012101202120121020120210201021201020
20212012102012021201020121020102101202120121020120212010201210201
20212012102012021201020121021202101202120121020120212010201210212
20212012102012021201021012102012101202120121020120212010210121020
20212012102012021201021202102012101202120121020120212010212021020
20212012102120102012021012102012101202120121021201020120210121020
20212012102120102012021201021202101202120121021201020120212010212
20212012102120102012101201021202101202120121021201020121012010212
20212012102120102012101202101210201202120121021201020121012021012
20212012102120102012102010212010201202120121021201020121020102120
20212012102120102012102010212012101202120121021201020121020102120
20212012102120102101202120102012101202120121021201021012021201020
20212012102120102101210201021202101202120121021201021012102010212
20212012102120210121020102120210201202120121021202101210201021202
20212012102120210121020121012010201202120121021202101210201210120
20212012102120210201021012102012101202120121021202102010210121020
20212012102120210201021202101210201202120121021202102010212021012
20212012102120210201202120102012101202120121021202102012021201020
20212012102120210201210120212010201202120121021202102012101202120
21012010201202101201021202101210201210120102012021012010212021012
21012010201202101210201021012021201210120102012021012102010210120
21012010201202101210201021012102120210120102012021012102010210121
21012010201202101210201021202102010210120102012021012102010212021
21012010201202101210201202120102120210120102012021012102012021201
21012010201202101210201210120102120210120102012021012102012101201
21012010201202101210201210120212010210120102012021012102012101202
21012010201202101210212021012021201210120102012021012102120210120
21012010201202101210212021020102120210120102012021012102120210201
21012010201202102010210120212010201210120102012021020102101202120
21012010201202102010210121020102120210120102012021020102101210201
21012010201202102010212021012021201210120102012021020102120210120
21012010201202102010212021012102010210120102012021020102120210121
21012010201202102012101202101210201210120102012021020121012021012
21012010201202102012101202120102120210120102012021020121012021201
21012010201202120102012101202102010210120102012021201020121012021
21012010201202120102012102120210201210120102012021201020121021202
21012010201202120102101210201021201210120102012021201021012102010
21012010201202120102101210212010201210120102012021201021012102120
21012010201202120102120210120212010210120102012021201021202101202
21012010201202120102120210121020120210120102012021201021202101210
21012010201202120102120210121021201210120102012021201021202101210
21012010201202120102120210201021201210120102012021201021202102010
21012010201202120121012021012102010210120102012021201210120210121
21012010201202120121012021012102120210120102012021201210120210121
21012010201202120121012021020102120210120102012021201210120210201
21012010201202120121020102101210201210120102012021201210201021012
21012010201202120121020102120210201210120102012021201210201021202
21012010201202120121021202101210201210120102012021201210212021012
21012010201210120102101202120102120210120102012101201021012021201
21012010201210120102120121020102120210120102012101201021201210201
21012010201210120102120210120212010210120102012101201021202101202
21012010201210120102120210121020120210120102012101201021202101210
21012010201210120210121020120212010210120102012101202101210201202
21012010201210120210121021201020120210120102012101202101210212010
21012010201210120210121021202102010210120102012101202101210212021
21012010201210120210201021012021201210120102012101202102010210120
21012010201210120210201021012102120210120102012101202102010210121
21012010201210120210201021201020120210120102012101202102010212010
21012010201210120210201202120102120210120102012101202102012021201
21012010201210120212010201202102010210120102012101202120102012021
21012010201210120212010201210212010210120102012101202120102012102
21012010201210120212010210121020120210120102012101202120102101210
21012010201210120212010210121021201210120102012101202120102101210
21012010201210120212010212021020120210120102012101202120102120210
21012010201210201021012021020102120210120102012102010210120210201
21012010201210201021012021201020120210120102012102010210120212010
21012010201210201021012102012021201210120102012102010210121020120
21012010201210201021012102120210201210120102012102010210121021202
21012010201210201021201020120210201210120102012102010212010201202
21012010201210201021201020120212010210120102012102010212010201202
21012010201210201021201020121021201210120102012102010212010201210
21012010201210201021201210120102120210120102012102010212012101201
21012010201210201021201210120210201210120102012102010212012101202
21012010201210201021201210120212010210120102012102010212012101202
21012010201210201021202101201021201210120102012102010212021012010
21012010201210201021202101210212010210120102012102010212021012102
21012010201210201021202102012021201210120102012102010212021020120
21012010201210201021202102012102120210120102012102010212021020121
21012010201210212010201202101210201210120102012102120102012021012
21012010201210212010201202120102120210120102012102120102012021201
21012010201210212010210121020102120210120102012102120102101210201
21012010201210212012101202101210201210120102012102120121012021012
21012010201210212012101202120102120210120102012102120121012021201
21012010201210212021012021201020120210120102012102120210120212010
21012010201210212021012102012021201210120102012102120210121020120
21012010201210212021020102101210201210120102012102120210201021012
21012010201210212021020121012021201210120102012102120210201210120
21012010210120210201021202101210201210120102101202102010212021012
21012010210120210201210120212010201210120102101202102012101202120
21012010210120212010201202101210201210120102101202120102012021012
21012010210120212010201210201021201210120102101202120102012102010
21012010210120212010212021012010201210120102101202120102120210120
21012010210120212010212021012021201210120102101202120102120210120
21012010210120212012101202101210201210120102101202120121012021012
21012010210120212012102010212010201210120102101202120121020102120
21012010210121020102101202120102120210120102101210201021012021201
21012010210121020102120102012021201210120102101210201021201020120
21012010210121020102120102012102120210120102101210201021201020121
21012010210121020102120210121020120210120102101210201021202101210
21012010210121020102120210121021201210120102101210201021202101210
21012010210121020121012021012102120210120102101210201210120210121
21012010210121020121012021020102120210120102101210201210120210201
21012010210121020121012021201020120210120102101210201210120212010
21012010210121021201020121012021201210120102101210212010201210120
21012010210121021201020121020102120210120102101210212010201210201
21012010210121021201210120212010201210120102101210212012101202120
21012010210121021202101202120102120210120102101210212021012021201
21012010210121021202101210201021201210120102101210212021012102010
21012010210121021202102010212010201210120102101210212021020102120
21012010212012101201020121020102120210120102120121012010201210201
21012010212012101202101210212010201210120102120121012021012102120
21012010212012101202102010212010201210120102120121012021020102120
21012010212012101202120102012102010210120102120121012021201020121
21012010212012101202120102012102120210120102120121012021201020121
21012010212012101202120102101210201210120102120121012021201021012
21012010212012101202120102120210201210120102120121012021201021202
21012010212012101202120121020102120210120102120121012021201210201
21012010212012102010210120212010201210120102120121020102101202120
21012010212012102010212021012010201210120102120121020102120210120
21012010212012102010212021012021201210120102120121020102120210120
21012010212012102010212021012102010210120102120121020102120210121
21012010212012102120210120212010201210120102120121021202101202120
21012010212012102120210121020102120210120102120121021202101210201
21012010212021012010201202101210201210120102120210120102012021012
21012010212021012010201210201021201210120102120210120102012102010
21012010212021012021201020120210201210120102120210120212010201202
21012010212021012021201020121021201210120102120210120212010201210
21012010212021012021201021012010201210120102120210120212010210120
21012010212021012021201021012102010210120102120210120212010210121
21012010212021012021201021202102010210120102120210120212010212021
21012010212021012021201210120210201210120102120210120212012101202
21012010212021012021201210201021201210120102120210120212012102010
21012010212021012021201210212010201210120102120210120212012102120
21012010212021012102010210120210201210120102120210121020102101202
21012010212021012102010210121021201210120102120210121020102101210
21012010212021012102010212021020120210120102120210121020102120210
21012010212021012102012021012010201210120102120210121020120210120
21012010212021012102012021201020120210120102120210121020120212010
21012010212021012102012101201020120210120102120210121020121012010
21012010212021012102012101202102010210120102120210121020121012021
21012010212021012102120102012021201210120102120210121021201020120
21012010212021012102120102012102010210120102120210121021201020121
21012010212021012102120102101210201210120102120210121021201021012
21012010212021012102120210201021201210120102120210121021202102010
21012010212021020102101210201021201210120102120210201021012102010
21012010212021020102101210212010201210120102120210201021012102120
21012010212021020102120102012021201210120102120210201021201020120
21012010212021020102120102012102010210120102120210201021201020121
21012010212021020102120102012102120210120102120210201021201020121
21012010212021020121012021012102010210120102120210201210120210121
21012010212021020121012021012102120210120102120210201210120210121
21012010212021020121012021201020120210120102120210201210120212010
21012010212021020121021202101210201210120102120210201210212021012
21012021012102010210120102012021201210120210121020102101201020120
21012021012102010210120102120210201210120210121020102101201021202
21012021012102010210120210201021201210120210121020102101202102010
21012021012102010212012102012021201210120210121020102120121020120
21012021012102010212012102120210201210120210121020102120121021202
21012021012102010212021020121021201210120210121020102120210201210
21012021012102012021020102101210201210120210121020120210201021012
21012021012102012021020102120210201210120210121020120210201021202
21012021012102012021201020120210201210120210121020120212010201202
21012021012102012021201020121021201210120210121020120212010201210
21012021012102012021201021012010201210120210121020120212010210120
21012021012102012021201021012021201210120210121020120212010210120
21012021012102012021201210201021201210120210121020120212012102010
21012021012102012021201210212010201210120210121020120212012102120
21012021012102012101201020120210201210120210121020121012010201202
21012021012102012101201020121021201210120210121020121012010201210
21012021012102012101201021012021201210120210121020121012010210120
21012021012102012101202102012021201210120210121020121012021020120
21012021012102120102012021012010201210120210121021201020120210120
21012021012102120102012101201021201210120210121021201020121012010
21012021012102120102012102120210201210120210121021201020121021202
21012021012102120102101210201021201210120210121021201021012102010
21012021012102120121020102101210201210120210121021201210201021012
21012021012102120121020102120210201210120210121021201210201021202
21012021012102120121020120212010201210120210121021201210201202120
21012021012102120210120102012021201210120210121021202101201020120
21012021012102120210120102101210201210120210121021202101201021012
21012021012102120210120102120210201210120210121021202101201021202
21012021012102120210201021012010201210120210121021202102010210120
21012021012102120210201021012021201210120210121021202102010210120
21012021012102120210201202101210201210120210121021202102012021012
21012021012102120210201210212010201210120210121021202102012102120
21012021020102101201020120212010201210120210201021012010201202120
21012021020102101201021202101210201210120210201021012010212021012
21012021020102101202120102012021201210120210201021012021201020120
21012021020102101202120102101210201210120210201021012021201021012
21012021020102101202120102120210201210120210201021012021201021202
21012021020102101202120121012010201210120210201021012021201210120
21012021020102101210201210120212010210120210201021012102012101202
21012021020102101210212021012010201210120210201021012102120210120
21012021020102101210212021012021201210120210201021012102120210120
21012021020102120102012021012010201210120210201021201020120210120
21012021020102120102012021012102010210120210201021201020120210121
21012021020102120102012101201021201210120210201021201020121012010
21012021020102120102012102120210201210120210201021201020121021202
21012021020102120121012021012102010210120210201021201210120210121
21012021020102120121020102101210201210120210201021201210201021012
21012021020102120121020120212010201210120210201021201210201202120
21012021020102120121021202101210201210120210201021201210212021012
21012021020102120210120102012021201210120210201021202101201020120
21012021020102120210120102012102010210120210201021202101201020121
21012021020102120210120102101210201210120210201021202101201021012
21012021020102120210120212012102010210120210201021202101202120121
21012021020102120210121020120212010210120210201021202101210201202
21012021020102120210121020121012010210120210201021202101210201210
21012021020102120210201202101210201210120210201021202102012021012
21012021020102120210201210120212010210120210201021202102012101202
21012021020102120210201210212010201210120210201021202102012102120
21012021020120212010201202101210201210120210201202120102012021012
21012021020120212010201210120212010210120210201202120102012101202
21012021020120212010201210201021201210120210201202120102012102010
21012021020120212010212021012010201210120210201202120102120210120
21012021020120212010212021012021201210120210201202120102120210120
21012021020120212010212021012102010210120210201202120102120210121
21012021020120212012101202101210201210120210201202120121012021012
21012021020120212012102010212010201210120210201202120121020102120
21012021020121012010201210201021201210120210201210120102012102010
21012021020121012010212021012021201210120210201210120102120210120
21012021020121012010212021012102010210120210201210120102120210121
21012021020121012021201020121012010210120210201210120212010201210
21012021020121012021201021012102010210120210201210120212010210121
21012021020121012021201021202102010210120210201210120212010212021
21012021020121021201210120212010201210120210201210212012101202120
21012021020121021202101210201021201210120210201210212021012102010
21012021020121021202101210212010201210120210201210212021012102120
21012021020121021202102010212010201210120210201210212021020102120
21012021201020120210120102012102010210120212010201202101201020121
21012021201020120210120102012102120210120212010201202101201020121
21012021201020120210120102101210201210120212010201202101201021012
21012021201020120210120102120210201210120212010201202101201021202
21012021201020120210121020121012010210120212010201202101210201210
21012021201020120210121021202102010210120212010201202101210212021
21012021201020120210201021012010201210120212010201202102010210120
21012021201020120210201021012102120210120212010201202102010210121
21012021201020120210201210120102120210120212010201202102012101201
21012021201020120210201210212010201210120212010201202102012102120
21012021201020120212012101202102010210120212010201202120121012021
21012021201020120212012102120210201210120212010201202120121021202
21012021201020121012010201202102010210120212010201210120102012021
21012021201020121012010210120210201210120212010201210120102101202
21012021201020121012010210121021201210120212010201210120102101210
21012021201020121012010212012102010210120212010201210120102120121
21012021201020121012010212012102120210120212010201210120102120121
21012021201020121012021020121021201210120212010201210120210201210
21012021201020121012021201210212010210120212010201210120212012102
21012021201020121020102101201021201210120212010201210201021012010
21012021201020121020102101210212010210120212010201210201021012102
21012021201020121020102120121012010210120212010201210201021201210
21012021201020121021201021012010201210120212010201210212010210120
21012021201020121021201021012102010210120212010201210212010210121
21012021201020121021201021012102120210120212010201210212010210121
21012021201020121021201210120102120210120212010201210212012101201
21012021201020121021202101201021201210120212010201210212021012010
21012021201020121021202101210212010210120212010201210212021012102
21012021201020121021202102012021201210120212010201210212021020120
21012021201021012010201202101210201210120212010210120102012021012
21012021201021012010201202120102120210120212010210120102012021201
21012021201021012010201210120102120210120212010210120102012101201
21012021201021012010201210201021201210120212010210120102012102010
21012021201021012021020102101210201210120212010210120210201021012
21012021201021012021020102120210201210120212010210120210201021202
21012021201021012021020120212010201210120212010210120210201202120
21012021201021012102010210120102120210120212010210121020102101201
21012021201021012102010210120210201210120212010210121020102101202
21012021201021012102010212012102120210120212010210121020102120121
21012021201021012102012021012010201210120212010210121020120210120
21012021201021012102012021012102120210120212010210121020120210121
21012021201021012102012021020102120210120212010210121020120210201
21012021201021012102012101201021201210120212010210121020121012010
21012021201021012102012101202102010210120212010210121020121012021
21012021201021012102120102012021201210120212010210121021201020120
21012021201021012102120102012102010210120212010210121021201020121
21012021201021012102120102012102120210120212010210121021201020121
21012021201021012102120121012010201210120212010210121021201210120
21012021201021012102120121020102120210120212010210121021201210201
21012021201021012102120210201021201210120212010210121021202102010
21012021201021202101201020120210201210120212010212021012010201202
21012021201021202101201020121012010210120212010212021012010201210
21012021201021202101201020121021201210120212010212021012010201210
21012021201021202101201021012102010210120212010212021012010210121
21012021201021202101201021012102120210120212010212021012010210121
21012021201021202101202120121012010210120212010212021012021201210
21012021201021202101210201202102010210120212010212021012102012021
21012021201021202101210212012102010210120212010212021012102120121
21012021201021202102010210120102120210120212010212021020102101201
21012021201021202102010210120210201210120212010212021020102101202
21012021201021202102010210121021201210120212010212021020102101210
21012021201021202102010212012102010210120212010212021020102120121
21012021201021202102010212012102120210120212010212021020102120121
21012021201021202102012021012010201210120212010212021020120210120
21012021201021202102012021012102010210120212010212021020120210121
21012021201021202102012021012102120210120212010212021020120210121
21012021201021202102012101201021201210120212010212021020121012010
21012021201021202102012101202102010210120212010212021020121012021
21012021201210120102012021012102010210120212012101201020120210121
21012021201210120102012021012102120210120212012101201020120210121
21012021201210120102012021020102120210120212012101201020120210201
21012021201210120102012101202102010210120212012101201020121012021
21012021201210120102012102120210201210120212012101201020121021202
21012021201210120102101202120102120210120212012101201021012021201
21012021201210120102101210212010201210120212012101201021012102120
21012021201210120102120121020102120210120212012101201021201210201
21012021201210120210121020120212010210120212012101202101210201202
21012021201210120210121020121012010210120212012101202101210201210
21012021201210120210121021202102010210120212012101202101210212021
21012021201210120210201021012102120210120212012101202102010210121
21012021201210120210201202120102120210120212012101202102012021201
21012021201210120210201210120102120210120212012101202102012101201
21012021201210201021012021020102120210120212012102010210120210201
21012021201210201021012102120210201210120212012102010210121021202
21012021201210201021201020120210201210120212012102010212010201202
21012021201210201021201020120212010210120212012102010212010201202
21012021201210201021201020121012010210120212012102010212010201210
21012021201210201021201020121021201210120212012102010212010201210
21012021201210201021201210120102120210120212012102010212012101201
21012021201210201021202101201021201210120212012102010212021012010
21012021201210201021202101210212010210120212012102010212021012102
21012021201210201021202102012102120210120212012102010212021020121
21012021201210201202101210201021201210120212012102012021012102010
21012021201210201202101210212010201210120212012102012021012102120
21012021201210201202102010212010201210120212012102012021020102120
21012021201210201202120102012102010210120212012102012021201020121
21012021201210201202120102012102120210120212012102012021201020121
21012021201210201202120102101210201210120212012102012021201021012
21012021201210201202120102120210201210120212012102012021201021202
21012021201210212010201202101210201210120212012102120102012021012
21012021201210212010201202120102120210120212012102120102012021201
21012021201210212010201210120102120210120212012102120102012101201
21012021201210212010201210201021201210120212012102120102012102010
21012021201210212010210120212010201210120212012102120102101202120
21012021201210212010210121020102120210120212012102120102101210201
21012021201210212021020102101210201210120212012102120210201021012
21012021201210212021020120212010201210120212012102120210201202120
21012102010210120102012021020102120210121020102101201020120210201
21012102010210120102012021201210120210121020102101201020120212012
21012102010210120102120121020102120210121020102101201021201210201
21012102010210120102120210120212010210121020102101201021202101202
21012102010210120102120210201210120210121020102101201021202102012
21012102010210120210201021201020120210121020102101202102010212010
21012102010210120210201021201210120210121020102101202102010212012
21012102010210120210201202120102120210121020102101202102012021201
21012102010210120210201210120102120210121020102101202102012101201
21012102010210120210201210120212010210121020102101202102012101202
21012102010210120212010201210212010210121020102101202120102012102
21012102010210120212010212021012010210121020102101202120102120210
21012102010210120212010212021020120210121020102101202120102120210
21012102010210120212012101201020120210121020102101202120121012010
21012102010210121021201210120102120210121020102101210212012101201
21012102010210121021202101201020120210121020102101210212021012010
21012102010212010201202101210212010210121020102120102012021012102
21012102010212010201202102012102120210121020102120102012021020121
21012102010212010201202120121012010210121020102120102012021201210
21012102010212010201202120121020120210121020102120102012021201210
21012102010212010201210212021012010210121020102120102012102120210
21012102010212010201210212021020120210121020102120102012102120210
21012102010212012101201020120212010210121020102120121012010201202
21012102010212012101201021012102120210121020102120121012010210121
21012102010212012101201021202102010210121020102120121012010212021
21012102010212012101202101210212010210121020102120121012021012102
21012102010212012101202102012102120210121020102120121012021020121
21012102010212012101202120121020120210121020102120121012021201210
21012102010212012102012021020102120210121020102120121020120210201
21012102010212012102012021201020120210121020102120121020120212010
21012102010212012102012021201210120210121020102120121020120212012
21012102010212012102120210120212010210121020102120121021202101202
21012102010212012102120210201210120210121020102120121021202102012
21012102010212021012010201202102010210121020102120210120102012021
21012102010212021012010201210212010210121020102120210120102012102
21012102010212021012010212012102120210121020102120210120102120121
21012102010212021012021201210212010210121020102120210120212012102
21012102010212021012102012021012010210121020102120210121020120210
21012102010212021012102120121012010210121020102120210121021201210
21012102010212021012102120121020120210121020102120210121021201210
21012102010212021020102101201020120210121020102120210201021012010
21012102010212021020120210120102120210121020102120210201202101201
21012102010212021020120212012102120210121020102120210201202120121
21012102010212021020121021201020120210121020102120210201210212010
21012102010212021020121021201210120210121020102120210201210212012
21012102012021012010201202120102120210121020120210120102012021201
21012102012021012010201210120102120210121020120210120102012101201
21012102012021012010201210120212010210121020120210120102012101202
21012102012021012010210121020102120210121020120210120102101210201
21012102012021012102120102012102010210121020120210121021201020121
21012102012021012102120210120212010210121020120210121021202101202
21012102012021020102101202120102120210121020120210201021012021201
21012102012021020102101210201210120210121020120210201021012102012
21012102012021020102120102012102010210121020120210201021201020121
21012102012021020102120102012102120210121020120210201021201020121
21012102012021020102120210120212010210121020120210201021202101202
21012102012021020102120210201210120210121020120210201021202102012
21012102012021201020120210120102120210121020120212010201202101201
21012102012021201020120210201210120210121020120212010201202102012
21012102012021201020121021201210120210121020120212010201210212012
21012102012021201020121021202102010210121020120212010201210212021
21012102012021201021012010201210120210121020120212010210120102012
21012102012021201021012021020102120210121020120212010210120210201
21012102012021201021012021201210120210121020120212010210120212012
21012102012021201021202101201020120210121020120212010212021012010
21012102012021201021202101210212010210121020120212010212021012102
21012102012021201021202102012102120210121020120212010212021020121
21012102012021201210120102012102010210121020120212012101201020121
21012102012021201210120102012102120210121020120212012101201020121
21012102012021201210201021012102120210121020120212012102010210121
21012102012021201210201021201020120210121020120212012102010212010
21012102012021201210201021201210120210121020120212012102010212012
21012102012021201210201021202102010210121020120212012102010212021
21012102012021201210212010201210120210121020120212012102120102012
21012102012021201210212021020102120210121020120212012102120210201
21012102012101201020120210120102120210121020121012010201202101201
21012102012101201020120210201210120210121020121012010201202102012
21012102012101201020120212012102010210121020121012010201202120121
21012102012101201020120212012102120210121020121012010201202120121
21012102012101201020121021201020120210121020121012010201210212010
21012102012101201020121021201210120210121020121012010201210212012
21012102012101201020121021202102010210121020121012010201210212021
21012102012101201021012021020102120210121020121012010210120210201
21012102012101201021012021201020120210121020121012010210120212010
21012102012101201021012021201210120210121020121012010210120212012
21012102012101201021201210120212010210121020121012010212012101202
21012102012101201021202101201020120210121020121012010212021012010
21012102012101201021202101210212010210121020121012010212021012102
21012102012101201021202102012102120210121020121012010212021020121
21012102012101202101210201202102010210121020121012021012102012021
21012102012101202101210212012102010210121020121012021012102120121
21012102012101202101210212021012010210121020121012021012102120210
21012102012101202101210212021020120210121020121012021012102120210
21012102012101202102010210120102120210121020121012021020102101201
21012102012101202102010210120212010210121020121012021020102101202
21012102012101202102010212012102010210121020121012021020102120121
21012102012101202102010212012102120210121020121012021020102120121
21012102012101202102010212021012010210121020121012021020102120210
21012102012101202102010212021020120210121020121012021020102120210
21012102012101202102012021201020120210121020121012021020120212010
21012102012101202102012021201210120210121020121012021020120212012
21012102012101202120102012021012010210121020121012021201020120210
21012102012101202120102101201020120210121020121012021201021012010
21012102012101202120102101202102010210121020121012021201021012021
21012102012101202120121020120212010210121020121012021201210201202
21012102012101202120121021201020120210121020121012021201210212010
21012102012101202120121021202102010210121020121012021201210212021
21012102120102012021012010201210120210121021201020120210120102012
21012102120102012021201021202102010210121021201020120212010212021
21012102120102012021201210120102120210121021201020120212012101201
21012102120102012021201210120212010210121021201020120212012101202
21012102120102012101201020120212010210121021201020121012010201202
21012102120102012101201021201210120210121021201020121012010212012
21012102120102012101201021202102010210121021201020121012010212021
21012102120102012101202102012102120210121021201020121012021020121
21012102120102012101202120121012010210121021201020121012021201210
21012102120102012101202120121020120210121021201020121012021201210
21012102120102012102010210120102120210121021201020121020102101201
21012102120102012102010210120212010210121021201020121020102101202
21012102120102012102010210121020120210121021201020121020102101210
21012102120102012102010212012102120210121021201020121020102120121
21012102120102012102010212021012010210121021201020121020102120210
21012102120102012102010212021020120210121021201020121020102120210
21012102120102012102120210120212010210121021201020121021202101202
21012102120102012102120210201210120210121021201020121021202102012
21012102120102101201020121020102120210121021201021012010201210201
21012102120102101202120102012102010210121021201021012021201020121
21012102120102101202120102012102120210121021201021012021201020121
21012102120102101202120121020102120210121021201021012021201210201
21012102120102101210201021201020120210121021201021012102010212010
21012102120102101210201021201210120210121021201021012102010212012
21012102120102101210201202120102120210121021201021012102012021201
21012102120102101210201210120102120210121021201021012102012101201
21012102120121012010201202120102120210121021201210120102012021201
21012102120121012010201210120212010210121021201210120102012101202
21012102120121012010210121020102120210121021201210120102101210201
21012102120121012010212021012102010210121021201210120102120210121
21012102120121012021201020121012010210121021201210120212010201210
21012102120121012021201021202102010210121021201210120212010212021
21012102120121020102101202120102120210121021201210201021012021201
21012102120121020102101210201210120210121021201210201021012102012
21012102120121020102120102012102010210121021201210201021201020121
21012102120121020102120102012102120210121021201210201021201020121
21012102120121020102120210120212010210121021201210201021202101202
21012102120121020102120210201210120210121021201210201021202102012
21012102120121020120210121020102120210121021201210201202101210201
21012102120121020120212010201210120210121021201210201202120102012
21012102120210120102012021012102010210121021202101201020120210121
21012102120210120102012021201210120210121021202101201020120212012
21012102120210120102012101202102010210121021202101201020121012021
21012102120210120102101210201210120210121021202101201021012102012
21012102120210120102120210201210120210121021202101201021202102012
21012102120210120212010201202102010210121021202101202120102012021
21012102120210120212010201210212010210121021202101202120102012102
21012102120210120212010210121020120210121021202101202120102101210
21012102120210120212010212021012010210121021202101202120102120210
21012102120210120212010212021020120210121021202101202120102120210
21012102120210120212012101201020120210121021202101202120121012010
21012102120210120212012101202102010210121021202101202120121012021
21012102120210121020102120121012010210121021202101210201021201210
21012102120210121020120212012102010210121021202101210201202120121
21012102120210201021012010201210120210121021202102010210120102012
21012102120210201021012021201020120210121021202102010210120212010
21012102120210201021012021201210120210121021202102010210120212012
21012102120210201021201020120212010210121021202102010212010201202
21012102120210201021201020121012010210121021202102010212010201210
21012102120210201021201210120102120210121021202102010212012101201
21012102120210201021201210120212010210121021202102010212012101202
21012102120210201021202101201020120210121021202102010212021012010
21012102120210201202101210201210120210121021202102012021012102012
21012102120210201202120102012102010210121021202102012021201020121
21012102120210201202120121020102120210121021202102012021201210201
21012102120210201210120102012102010210121021202102012101201020121
21012102120210201210120212012102010210121021202102012101202120121
21012102120210201210212010201210120210121021202102012102120102012
21020102101201020120210121020102120210201021012010201202101210201
21020102101201020120210201021202101210201021012010201202102010212
21020102101201020120212010201210120210201021012010201202120102012
21020102101201020120212012101202101210201021012010201202120121012
21020102101201020121012021012102120210201021012010201210120210121
21020102101201020121012021201020120210201021012010201210120212010
21020102101201021201210120212010201210201021012010212012101202120
21020102101201021201210201021202101210201021012010212012102010212
21020102101201021202101202120102101210201021012010212021012021201
21020102101201021202101202120102120210201021012010212021012021201
21020102101201021202101210201210120210201021012010212021012102012
21020102101201021202101210212010201210201021012010212021012102120
21020102101201021202102010212010201210201021012010212021020102120
21020102101201021202102012101202101210201021012010212021020121012
21020102101202102010212010201202101210201021012021020102120102012
21020102101202102010212012101202101210201021012021020102120121012
21020102101202102010212021012010201210201021012021020102120210120
21020102101202102010212021012021201210201021012021020102120210120
21020102101202102012021201021202101210201021012021020120212010212
21020102101202102012101201021202101210201021012021020121012010212
21020102101202102012101202120102101210201021012021020121012021201
21020102101202102012101202120102120210201021012021020121012021201
21020102101202120102012021012010201210201021012021201020120210120
21020102101202120102012021012102120210201021012021201020120210121
21020102101202120102012021201210120210201021012021201020120212012
21020102101202120102012101201020120210201021012021201020121012010
21020102101202120102012101201021201210201021012021201020121012010
21020102101202120102012102120102101210201021012021201020121021201
21020102101202120102101210201210120210201021012021201021012102012
21020102101202120102101210212010201210201021012021201021012102120
21020102101202120102120210120102101210201021012021201021202101201
21020102101202120102120210121020120210201021012021201021202101210
21020102101202120102120210121021201210201021012021201021202101210
21020102101202120102120210201021201210201021012021201021202102010
21020102101202120102120210201202101210201021012021201021202102012
21020102101202120102120210201210120210201021012021201021202102012
21020102101202120121012010201202101210201021012021201210120102012
21020102101202120121012010201210120210201021012021201210120102012
21020102101202120121012021012102120210201021012021201210120210121
21020102101202120121020120212010201210201021012021201210201202120
21020102101210201021201210120102120210201021012102010212012101201
21020102101210201021202101201020120210201021012102010212021012010
21020102101210201202101210212010201210201021012102012021012102120
21020102101210201202102010212010201210201021012102012021020102120
21020102101210201202120102012102120210201021012102012021201020121
21020102101210201202120121012010201210201021012102012021201210120
21020102101210201202120121020102120210201021012102012021201210201
21020102101210201210120102012021201210201021012102012101201020120
21020102101210201210120102012102120210201021012102012101201020121
21020102101210201210120210121020120210201021012102012101202101210
21020102101210201210120210121021201210201021012102012101202101210
21020102101210201210120210201021201210201021012102012101202102010
21020102101210201210120212010210120210201021012102012101202120102
21020102101210201210120212012102120210201021012102012101202120121
21020102101210212010201202120102120210201021012102120102012021201
21020102101210212010201210120102120210201021012102120102012101201
21020102101210212010210120212010201210201021012102120102101202120
21020102101210212012101201021202101210201021012102120121012010212
21020102101210212012101202120102120210201021012102120121012021201
21020102101210212012102010212010201210201021012102120121020102120
21020102101210212021012010201202101210201021012102120210120102012
21020102101210212021012010201210120210201021012102120210120102012
21020102101210212021012021201020120210201021012102120210120212010
21020102101210212021012021201210120210201021012102120210120212012
21020102101210212021012102012021201210201021012102120210121020120
21020102101210212021020120212010201210201021012102120210201202120
21020102101210212021020121012010201210201021012102120210201210120
21020102101210212021020121012021201210201021012102120210201210120
21020102120102012021012010201210120210201021201020120210120102012
21020102120102012021012102010210120210201021201020120210121020102
21020102120102012021012102012021201210201021201020120210121020120
21020102120102012021012102120102101210201021201020120210121021201
21020102120102012021020121012010201210201021201020120210201210120
21020102120102012021020121012021201210201021201020120210201210120
21020102120102012021020121021202101210201021201020120210201210212
21020102120102012021201021012010201210201021201020120212010210120
21020102120102012021201021012021201210201021201020120212010210120
21020102120102012021201021012102120210201021201020120212010210121
21020102120102012021201210120102101210201021201020120212012101201
21020102120102012021201210120102120210201021201020120212012101201
21020102120102012021201210201202101210201021201020120212012102012
21020102120102012021201210212010201210201021201020120212012102120
21020102120102012101201021012021201210201021201020121012010210120
21020102120102012101201021012102120210201021201020121012010210121
21020102120102012101201021201210120210201021201020121012010212012
21020102120102012101202102012021201210201021201020121012021020120
21020102120102012101202102012102120210201021201020121012021020121
21020102120102012101202120121020120210201021201020121012021201210
21020102120102012102010210120102120210201021201020121020102101201
21020102120102012102010210121020120210201021201020121020102101210
21020102120102012102010210121021201210201021201020121020102101210
21020102120102012102010212012102120210201021201020121020102120121
21020102120102012102120121012010201210201021201020121021201210120
21020102120102012102120121012021201210201021201020121021201210120
21020102120102012102120210120102101210201021201020121021202101201
21020102120102012102120210120102120210201021201020121021202101201
21020102120102012102120210121020120210201021201020121021202101210
21020102120102012102120210121021201210201021201020121021202101210
21020102120102012102120210201202101210201021201020121021202102012
21020102120102012102120210201210120210201021201020121021202102012
21020102120121012010201202120102101210201021201210120102012021201
21020102120121012010201202120102120210201021201210120102012021201
21020102120121012010210120212010201210201021201210120102101202120
21020102120121012010210121021202101210201021201210120102101210212
21020102120121012010212021012010201210201021201210120102120210120
21020102120121012010212021012021201210201021201210120102120210120
21020102120121012010212021012102120210201021201210120102120210121
21020102120121012010212021020102101210201021201210120102120210201
21020102120121012021012102010210120210201021201210120210121020102
21020102120121012021012102012021201210201021201210120210121020120
21020102120121012021012102120102101210201021201210120210121021201
21020102120121012021020120212010201210201021201210120210201202120
21020102120121012021020121012010201210201021201210120210201210120
21020102120121012021020121021202101210201021201210120210201210212
21020102120121012021201021012010201210201021201210120212010210120
21020102120121012021201021012102120210201021201210120212010210121
21020102120121012021201210201202101210201021201210120212012102012
21020102120121012021201210212010201210201021201210120212012102120
21020102120121020102101202120102120210201021201210201021012021201
21020102120121020102101210201210120210201021201210201021012102012
21020102120121020120210201021202101210201021201210201202102010212
21020102120121020120212010201202101210201021201210201202120102012
21020102120121020120212010201210120210201021201210201202120102012
21020102120121020120212012101202101210201021201210201202120121012
21020102120121021202101202120102101210201021201210212021012021201
21020102120121021202101202120102120210201021201210212021012021201
21020102120121021202101210201210120210201021201210212021012102012
21020102120121021202101210212010201210201021201210212021012102120
21020102120121021202102010212010201210201021201210212021020102120
21020102120121021202102012101202101210201021201210212021020121012
21020102120210120102012021012102120210201021202101201020120210121
21020102120210120102012021020102101210201021202101201020120210201
21020102120210120102012021201210120210201021202101201020120212012
21020102120210120102012101201021201210201021202101201020121012010
21020102120210120102012102010210120210201021202101201020121020102
21020102120210120102012102120102101210201021202101201020121021201
21020102120210120102101210201210120210201021202101201021012102012
21020102120210120102101210212010201210201021202101201021012102120
21020102120210120102120121012010201210201021202101201021201210120
21020102120210120102120121012021201210201021202101201021201210120
21020102120210120102120121021202101210201021202101201021201210212
21020102120210120212010210121020120210201021202101202120102101210
21020102120210120212010210121021201210201021202101202120102101210
21020102120210120212012101201020120210201021202101202120121012010
21020102120210120212012101201021201210201021202101202120121012010
21020102120210120212012102010210120210201021202101202120121020102
21020102120210120212012102120102101210201021202101202120121021201
21020102120210121020102101201020120210201021202101210201021012010
21020102120210121020102101201021201210201021202101210201021012010
21020102120210121020102120121020120210201021202101210201021201210
21020102120210121020120210120102101210201021202101210201202101201
21020102120210121020120212010210120210201021202101210201202120102
21020102120210121020120212012102120210201021202101210201202120121
21020102120210121020121012010210120210201021202101210201210120102
21020102120210121021201021012010201210201021202101210212010210120
21020102120210121021201021012021201210201021202101210212010210120
21020102120210121021201210120102101210201021202101210212012101201
21020102120210121021201210201202101210201021202101210212012102012
21020102120210121021202102012021201210201021202101210212021020120
21020102120210201021012010201202101210201021202102010210120102012
21020102120210201021012102012021201210201021202102010210121020120
21020102120210201202101201021202101210201021202102012021012010212
21020102120210201202101210201210120210201021202102012021012102012
21020102120210201202101210212010201210201021202102012021012102120
21020102120210201202120121012010201210201021202102012021201210120
21020102120210201202120121021202101210201021202102012021201210212
21020102120210201210120102012021201210201021202102012101201020120
21020102120210201210120210121020120210201021202102012101202101210
21020102120210201210120210121021201210201021202102012101202101210
21020102120210201210120212010210120210201021202102012101202120102
21020102120210201210212010201202101210201021202102012102120102012
21020102120210201210212010201210120210201021202102012102120102012
21020102120210201210212012101202101210201021202102012102120121012
21020102120210201210212021012010201210201021202102012102120210120
21020102120210201210212021012021201210201021202102012102120210120
21020120210120102012021201021202101210201202101201020120212010212
21020120210120102012101201021202101210201202101201020121012010212
21020120210120102012101202120102101210201202101201020121012021201
21020120210120102012101202120102120210201202101201020121012021201
21020120210120102101210201021202101210201202101201021012102010212
21020120210120102120210121020102120210201202101201021202101210201
21020120210121020102101202120102120210201202101210201021012021201
21020120210121020102120102012021201210201202101210201021201020120
21020120210121020102120102012102120210201202101210201021201020121
21020120210121020102120121012021201210201202101210201021201210120
21020120210121020102120210121021201210201202101210201021202101210
21020120210121020121012021012102120210201202101210201210120210121
21020120210121020121012021020102120210201202101210201210120210201
21020120210121021201020121012021201210201202101210212010201210120
21020120210121021201020121020102101210201202101210212010201210201
21020120210121021201020121020102120210201202101210212010201210201
21020120210121021202101202120102101210201202101210212021012021201
21020120210121021202101202120102120210201202101210212021012021201
21020120210201021012021201021202101210201202102010210120212010212
21020120210201021012102012101202101210201202102010210121020121012
21020120210201021201020121012021201210201202102010212010201210120
21020120210201021201020121020102101210201202102010212010201210201
21020120210201021201020121021202101210201202102010212010201210212
21020120210201021202101202120102101210201202102010212021012021201
21020120210201021202101210201021201210201202102010212021012102010
21020120210201021202102012101202101210201202102010212021020121012
21020120212010201202101201021202101210201202120102012021012010212
21020120212010201202101210201021201210201202120102012021012102010
21020120212010201202101210201210120210201202120102012021012102012
21020120212010201202102012101202101210201202120102012021020121012
21020120212010201210120210121021201210201202120102012101202101210
21020120212010201210120210201021201210201202120102012101202102010
21020120212010201210120212010210120210201202120102012101202120102
21020120212010201210120212012102120210201202120102012101202120121
21020120212010201210201021012021201210201202120102012102010210120
21020120212010201210201021012102120210201202120102012102010210121
21020120212010201210201021201210120210201202120102012102010212012
21020120212010201210212012101202101210201202120102012102120121012
21020120212010201210212021012021201210201202120102012102120210120
21020120212010201210212021020102101210201202120102012102120210201
21020120212010210120102012101202101210201202120102101201020121012
21020120212010210120210201021202101210201202120102101202102010212
21020120212010210120212012101202101210201202120102101202120121012
21020120212010210121020121012021201210201202120102101210201210120
21020120212010212021012010201202101210201202120102120210120102012
21020120212010212021012010201210120210201202120102120210120102012
21020120212010212021012021201210120210201202120102120210120212012
21020120212010212021012102010210120210201202120102120210121020102
21020120212010212021012102120102101210201202120102120210121021201
21020120212010212021020121012021201210201202120102120210201210120
21020120212010212021020121021202101210201202120102120210201210212
21020120212012101201020121020102101210201202120121012010201210201
21020120212012101201020121020102120210201202120121012010201210201
21020120212012101201020121021202101210201202120121012010201210212
21020120212012101202101210201021201210201202120121012021012102010
21020120212012101202101210201210120210201202120121012021012102012
21020120212012101202120102012102120210201202120121012021201020121
21020120212012102010210121021202101210201202120121020102101210212
21020120212012102010212010201202101210201202120121020102120102012
21020120212012102010212010201210120210201202120121020102120102012
21020120212012102010212012101202101210201202120121020102120121012
21020120212012102010212021012102120210201202120121020102120210121
21020120212012102010212021020102101210201202120121020102120210201
21020120212012102120102012101202101210201202120121021201020121012
21020120212012102120210121020102120210201202120121021202101210201
21020120212012102120210201021202101210201202120121021202102010212
21020121012010201202101201021202101210201210120102012021012010212
21020121012010201202102012101202101210201210120102012021020121012
21020121012010201202120102012102120210201210120102012021201020121
21020121012010201202120121020102101210201210120102012021201210201
21020121012010201202120121020102120210201210120102012021201210201
21020121012010201202120121021202101210201210120102012021201210212
21020121012010201210201021012102120210201210120102012102010210121
21020121012010201210201021201020120210201210120102012102010212010
21020121012010201210201021201210120210201210120102012102010212012
21020121012010201210212010201202101210201210120102012102120102012
21020121012010201210212012101202101210201210120102012102120121012
21020121012010201210212021020102101210201210120102012102120210201
21020121012010210120210201021202101210201210120102101202102010212
21020121012010210120212010201202101210201210120102101202120102012
21020121012010210120212012101202101210201210120102101202120121012
21020121012010212012101202120102101210201210120102120121012021201
21020121012010212012101202120102120210201210120102120121012021201
21020121012010212021012010201202101210201210120102120210120102012
21020121012010212021012021201020120210201210120102120210120212010
21020121012010212021012021201210120210201210120102120210120212012
21020121012010212021012102010210120210201210120102120210121020102
21020121012010212021012102120102101210201210120102120210121021201
21020121012010212021020121021202101210201210120102120210201210212
21020121012021012102010210120102120210201210120210121020102101201
21020121012021012102010212012102120210201210120210121020102120121
21020121012021012102012021020102101210201210120210121020120210201
21020121012021012102012021020102120210201210120210121020120210201
21020121012021012102012021201020120210201210120210121020120212010
21020121012021012102012101201020120210201210120210121020121012010
21020121012021012102120102012102120210201210120210121021201020121
21020121012021012102120121020102101210201210120210121021201210201
21020121012021012102120121020102120210201210120210121021201210201
21020121012021012102120210120102101210201210120210121021202101201
21020121012021012102120210120102120210201210120210121021202101201
21020121012021012102120210201202101210201210120210121021202102012
21020121012021020102101201021202101210201210120210201021012010212
21020121012021020102101202120102101210201210120210201021012021201
21020121012021020102101202120102120210201210120210201021012021201
21020121012021020102120102012102120210201210120210201021201020121
21020121012021020102120121020102101210201210120210201021201210201
21020121012021020102120121021202101210201210120210201021201210212
21020121012021020102120210120102101210201210120210201021202101201
21020121012021020102120210201202101210201210120210201021202102012
21020121012021020120212010201202101210201210120210201202120102012
21020121012021020120212012101202101210201210120210201202120121012
21020121012021201020120210120102101210201210120212010201202101201
21020121012021201020120210120102120210201210120212010201202101201
21020121012021201020120212012102120210201210120212010201202120121
21020121012021201020121012010210120210201210120212010201210120102
21020121012021201021012010201202101210201210120212010210120102012
21020121012021201021012021020102101210201210120212010210120210201
21020121012021201021012021020102120210201210120212010210120210201
21020121012021201021012102010210120210201210120212010210121020102
21020121012021201021202101201020120210201210120212010212021012010
21020121012021201021202102010210120210201210120212010212021020102
21020121012021201210120102012102120210201210120212012101201020121
21020121012021201210201021012102120210201210120212012102010210121
21020121012021201210201021201020120210201210120212012102010212010
21020121012021201210201202120102101210201210120212012102012021201
21020121012021201210201202120102120210201210120212012102012021201
21020121012021201210212010201202101210201210120212012102120102012
21020121012021201210212021020102101210201210120212012102120210201
21020121021201020120210121020102120210201210212010201202101210201
21020121021201020121012021012102120210201210212010201210120210121
21020121021201020121012021020102120210201210212010201210120210201
21020121021201020121012021201020120210201210212010201210120212010
21020121021201210120210121020102120210201210212012101202101210201
21020121021201210120212010201210120210201210212012101202120102012
21020121021202101201020121020102120210201210212021012010201210201
21020121021202101202120121020102120210201210212021012021201210201
21020121021202101210201021201020120210201210212021012102010212010
21020121021202101210201021201210120210201210212021012102010212012
21020121021202101210201202120102120210201210212021012102012021201
21020121021202101210201210120102120210201210212021012102012101201
21020121021202101210212010201210120210201210212021012102120102012
21020121021202102010212010201210120210201210212021020102120102012
21021201020120210120102012101202101210212010201202101201020121012
21021201020120210121020102120210201210212010201202101210201021202
21021201020120210121020121012010201210212010201202101210201210120
21021201020120210121020121012021201210212010201202101210201210120
21021201020120212010212021012010201210212010201202120102120210120
21021201020120212010212021012021201210212010201202120102120210120
21021201020120212010212021020102101210212010201202120102120210201
21021201020120212012101201021202101210212010201202120121012010212
21021201020120212012101202120102101210212010201202120121012021201
21021201020121012010201202120102101210212010201210120102012021201
21021201020121012010212012101202101210212010201210120102120121012
21021201020121012010212021012021201210212010201210120102120210120
21021201020121012010212021020102101210212010201210120102120210201
21021201020121012021012102012021201210212010201210120210121020120
21021201020121012021012102120210201210212010201210120210121021202
21021201020121012021020102120210201210212010201210120210201021202
21021201020121012021020121021202101210212010201210120210201210212
21021201020121012021201020120210201210212010201210120212010201202
21021201020121012021201210120102101210212010201210120212012101201
21021201020121012021201210201202101210212010201210120212012102012
21021201020121020102101201021202101210212010201210201021012010212
21021201020121020102101202120102101210212010201210201021012021201
21021201020121020102101210201202101210212010201210201021012102012
21021201020121020102120102012021201210212010201210201021201020120
21021201020121020102120121012021201210212010201210201021201210120
21021201020121020102120121021202101210212010201210201021201210212
21021201020121020102120210120102101210212010201210201021202101201
21021201020121020102120210201202101210212010201210201021202102012
21021201020121021202101202120102101210212010201210212021012021201
21021201020121021202102012101202101210212010201210212021020121012
21021201021012010201210120212010201210212010210120102012101202120
21021201021012010201210201021202101210212010210120102012102010212
21021201021012021201020121012021201210212010210120212010201210120
21021201021012021201020121020102101210212010210120212010201210201
21021201021012021201020121021202101210212010210120212010201210212
21021201021012021201210201021202101210212010210120212012102010212
21021201021012102010210120212010201210212010210121020102101202120
21021201021012102010212010201202101210212010210121020102120102012
21021201021012102010212012101202101210212010210121020102120121012
21021201021012102010212021012010201210212010210121020102120210120
21021201021012102010212021012021201210212010210121020102120210120
21021201021012102012021201021202101210212010210121020120212010212
21021201021012102012101201021202101210212010210121020121012010212
21021201021012102120210120212010201210212010210121021202101202120
21021201210120102012021201021202101210212012101201020120212010212
21021201210120102012101202120102101210212012101201020121012021201
21021201210120102012102010212010201210212012101201020121020102120
21021201210120102101210201021202101210212012101201021012102010212
21021201210120102120210120212010201210212012101201021202101202120
21021201210120102120210121020102101210212012101201021202101210201
21021201210120210121020102120210201210212012101202101210201021202
21021201210120210121020120212010201210212012101202101210201202120
21021201210120210121020121012010201210212012101202101210201210120
21021201210120212010201210120102101210212012101202120102012101201
21021201210120212010201210120210201210212012101202120102012101202
21021201210120212010212021012010201210212012101202120102120210120
21021201210120212010212021020102101210212012101202120102120210201
21021201210120212012102010212010201210212012101202120121020102120
21021201210201021012021201021202101210212012102010210120212010212
21021201210201021012102012101202101210212012102010210121020121012
21021201210201021201020121020102101210212012102010212010201210201
21021201210201021201020121021202101210212012102010212010201210212
21021201210201021202101202120102101210212012102010212021012021201
21021201210201021202102012101202101210212012102010212021020121012
21021201210201202101210201021202101210212012102012021012102010212
21021201210201202120102012101202101210212012102012021201020121012
21021202101201020120210121020102101210212021012010201202101210201
21021202101201020120212012101202101210212021012010201202120121012
21021202101201020121012021020102101210212021012010201210120210201
21021202101201020121020102120210201210212021012010201210201021202
21021202101201021012102010212010201210212021012010210121020102120
21021202101201021012102012101202101210212021012010210121020121012
21021202101201021201210120212010201210212021012010212012101202120
21021202101201021202102010212010201210212021012010212021020102120
21021202101201021202102012101202101210212021012010212021020121012
21021202101202120102012021012010201210212021012021201020120210120
21021202101202120102012021020102101210212021012021201020120210201
21021202101202120102012101201021201210212021012021201020121012010
21021202101202120102012102120102101210212021012021201020121021201
21021202101202120102101210201021201210212021012021201021012102010
21021202101202120102101210201202101210212021012021201021012102012
21021202101202120102101210212010201210212021012021201021012102120
21021202101202120102120210120102101210212021012021201021202101201
21021202101202120102120210201021201210212021012021201021202102010
21021202101202120102120210201202101210212021012021201021202102012
21021202101202120121012010201202101210212021012021201210120102012
21021202101202120121012021020102101210212021012021201210120210201
21021202101202120121020102120210201210212021012021201210201021202
21021202101202120121020120212010201210212021012021201210201202120
21021202101210201021201020120210201210212021012102010212010201202
21021202101210201021201210120102101210212021012102010212012101201
21021202101210201021201210120210201210212021012102010212012101202
21021202101210201021202101201021201210212021012102010212021012010
21021202101210201021202102012021201210212021012102010212021020120
21021202101210201202102010212010201210212021012102012021020102120
21021202101210201202120102120210201210212021012102012021201021202
21021202101210201202120121012010201210212021012102012021201210120
21021202101210201202120121020102101210212021012102012021201210201
21021202101210201210120102012021201210212021012102012101201020120
21021202101210201210120102120210201210212021012102012101201021202
21021202101210201210120210201021201210212021012102012101202102010
21021202101210212010201210120210201210212021012102120102012101202
21021202101210212010201210201021201210212021012102120102012102010
21021202101210212010210120212010201210212021012102120102101202120
21021202101210212012102010212010201210212021012102120121020102120
21021202102010210120102012101202101210212021020102101201020121012
21021202102010210120212010201202101210212021020102101202120102012
21021202102010210120212012101202101210212021020102101202120121012
21021202102010210121020120212010201210212021020102101210201202120
21021202102010210121020121012010201210212021020102101210201210120
21021202102010210121020121012021201210212021020102101210201210120
21021202102010212010201202120102101210212021020102120102012021201
21021202102010212010201210120102101210212021020102120102012101201
21021202102010212010201210120210201210212021020102120102012101202
21021202102010212010201210201021201210212021020102120102012102010
21021202102010212012101201021202101210212021020102120121012010212
21021202102010212012101202120102101210212021020102120121012021201
21021202102010212021012010201202101210212021020102120210120102012
21021202102010212021012102012021201210212021020102120210121020120
21021202102012021012102010212010201210212021020120210121020102120
21021202102012021012102012101202101210212021020120210121020121012
21021202102012021201020121012021201210212021020120212010201210120
21021202102012021201020121020102101210212021020120212010201210201
21021202102012021201210120212010201210212021020120212012101202120
21021202102012021201210201021202101210212021020120212012102010212
21021202102012101201020120212010201210212021020121012010201202120
21021202102012101201020121020102101210212021020121012010201210201
21021202102012101202101210201021201210212021020121012021012102010
21021202102012101202101210212010201210212021020121012021012102120
21021202102012101202102010212010201210212021020121012021020102120
21021202102012101202120102012021201210212021020121012021201020120
21021202102012101202120121012010201210212021020121012021201210120
21021202102012101202120121020102101210212021020121012021201210201
21021202102012102120102012101202101210212021020121021201020121012
21201020120210120102012101202101210212010201202101201020121012021
21201020120210120102012101202102010212010201202101201020121012021
21201020120210120102012102010210120212010201202101201020121020102
21201020120210120102012102120210120212010201202101201020121021202
21201020120210120102101210201210120212010201202101201021012102012
21201020120210120102120210121020120212010201202101201021202101210
21201020120210120102120210201210120212010201202101201021202102012
21201020120210121020102101202102010212010201202101210201021012021
21201020120210121020102120121020120212010201202101210201021201210
21201020120210121020102120210201210212010201202101210201021202102
21201020120210121020120212012102010212010201202101210201202120121
21201020120210121020121012010201210212010201202101210201210120102
21201020120210121020121012010210120212010201202101210201210120102
21201020120210121020121012021020120212010201202101210201210120210
21201020120210121020121012021201210212010201202101210201210120212
21201020120210121021201021012102010212010201202101210212010210121
21201020120210121021202102010210120212010201202101210212021020102
21201020120210201021012010201210120212010201202102010210120102012
21201020120210201021012102120210120212010201202102010210121021202
21201020120210201210120102012102010212010201202102012101201020121
21201020120210201210120102120210120212010201202102012101201021202
21201020120210201210120210121020120212010201202102012101202101210
21201020120210201210120212012102010212010201202102012101202120121
21201020120210201210212010201210120212010201202102012102120102012
21201020120210201210212021012102010212010201202102012102120210121
21201020120212010210120102012102010212010201202120102101201020121
21201020120212010210120212012102010212010201202120102101202120121
21201020120212010210121021202102010212010201202120102101210212021
21201020120212010212021012010201210212010201202120102120210120102
21201020120212010212021012021201210212010201202120102120210120212
21201020120212010212021020102101210212010201202120102120210201021
21201020120212012101201021012102010212010201202120121012010210121
21201020120212012101201021202101210212010201202120121012010212021
21201020120212012101201021202102010212010201202120121012010212021
21201020120212012101202102010210120212010201202120121012021020102
21201020120212012101202120102101210212010201202120121012021201021
21201020120212012102012021012102010212010201202120121020120210121
21201020120212012102120102012102010212010201202120121021201020121
21201020120212012102120210201210120212010201202120121021202102012
21201020121012010201202102010210120212010201210120102012021020102
21201020121012010201202120102101210212010201210120102012021201021
21201020121012010210120210201210120212010201210120102101202102012
21201020121012010210120212012102010212010201210120102101202120121
21201020121012010210121021201210120212010201210120102101210212012
21201020121012010210121021202102010212010201210120102101210212021
21201020121012010212012101202101210212010201210120102120121012021
21201020121012010212012101202102010212010201210120102120121012021
21201020121012010212012102010210120212010201210120102120121020102
21201020121012010212012102120210120212010201210120102120121021202
21201020121012010212021012021201210212010201210120102120210120212
21201020121012010212021020102101210212010201210120102120210201021
21201020121012021012102012021201210212010201210120210121020120212
21201020121012021012102120121020120212010201210120210121021201210
21201020121012021012102120210201210212010201210120210121021202102
21201020121012021020102101201020120212010201210120210201021012010
21201020121012021020102120121020120212010201210120210201021201210
21201020121012021020102120210201210212010201210120210201021202102
21201020121012021020120212012102010212010201210120210201202120121
21201020121012021020121021201210120212010201210120210201210212012
21201020121012021020121021202101210212010201210120210201210212021
21201020121012021020121021202102010212010201210120210201210212021
21201020121012021201020120210201210212010201210120212010201202102
21201020121012021201021012021020120212010201210120212010210120210
21201020121012021201210120102101210212010201210120212012101201021
21201020121012021201210201202101210212010201210120212012102012021
21201020121012021201210201202102010212010201210120212012102012021
21201020121012021201210212010210120212010201210120212012102120102
21201020121012021201210212021020120212010201210120212012102120210
21201020121020102101201021201210120212010201210201021012010212012
21201020121020102101201021202101210212010201210201021012010212021
21201020121020102101201021202102010212010201210201021012010212021
21201020121020102101202120102101210212010201210201021012021201021
21201020121020102101202120121020120212010201210201021012021201210
21201020121020102101210201202101210212010201210201021012102012021
21201020121020102101210201202102010212010201210201021012102012021
21201020121020102101210212010210120212010201210201021012102120102
21201020121020102101210212012102010212010201210201021012102120121
21201020121020102101210212021020120212010201210201021012102120210
21201020121020102120102012021201210212010201210201021201020120212
21201020121020102120121012010210120212010201210201021201210120102
21201020121020102120121012021020120212010201210201021201210120210
21201020121020102120121012021201210212010201210201021201210120212
21201020121020102120121021202101210212010201210201021201210212021
21201020121020102120121021202102010212010201210201021201210212021
21201020121020102120210120102101210212010201210201021202101201021
21201020121020102120210201202101210212010201210201021202102012021
21201020121021201021012010201210120212010201210212010210120102012
21201020121021201021012102010210120212010201210212010210121020102
21201020121021201021012102120210120212010201210212010210121021202
21201020121021201210120102012102010212010201210212012101201020121
21201020121021201210120102120210120212010201210212012101201021202
21201020121021201210120210121020120212010201210212012101202101210
21201020121021201210120212012102010212010201210212012101202120121
21201020121021202101201021012102010212010201210212021012010210121
21201020121021202101201021201210120212010201210212021012010212012
21201020121021202101201021202102010212010201210212021012010212021
21201020121021202101202120102101210212010201210212021012021201021
21201020121021202101202120121020120212010201210212021012021201210
21201020121021202101210201202102010212010201210212021012102012021
21201020121021202101210212010210120212010201210212021012102120102
21201020121021202101210212012102010212010201210212021012102120121
21201020121021202102010210121020120212010201210212021020102101210
21201020121021202102012021012102010212010201210212021020120210121
21201020121021202102012021201210120212010201210212021020120212012
21201020121021202102012101201020120212010201210212021020121012010
21201020121021202102012101202101210212010201210212021020121012021
21201020121021202102012101202102010212010201210212021020121012021
21201021012010201202101210201210120212010210120102012021012102012
21201021012010201202120102120210120212010210120102012021201021202
21201021012010201210120102120210120212010210120102012101201021202
21201021012010201210120210121020120212010210120102012101202101210
21201021012010201210120212010201210212010210120102012101202120102
21201021012010201210201021201020120212010210120102012102010212010
21201021012010201210201021201210120212010210120102012102010212012
21201021012010201210201021202101210212010210120102012102010212021
21201021012021020102101210201210120212010210120210201021012102012
21201021012021020102120210121020120212010210120210201021202101210
21201021012021020102120210201210120212010210120210201021202102012
21201021012021020120212010201210120212010210120210201202120102012
21201021012021201020121012021201210212010210120212010201210120212
21201021012021201020121020102101210212010210120212010201210201021
21201021012021201020121021202101210212010210120212010201210212021
21201021012021201210120210121020120212010210120212012101202101210
21201021012021201210201021201020120212010210120212012102010212010
21201021012021201210201021202101210212010210120212012102010212021
21201021012102010210120102120210120212010210121020102101201021202
21201021012102010210120210201210120212010210121020102101202102012
21201021012102010210120212010201210212010210121020102101202120102
21201021012102010212010201202101210212010210121020102120102012021
21201021012102010212012101201020120212010210121020102120121012010
21201021012102010212012101202101210212010210121020102120121012021
21201021012102010212012102120210120212010210121020102120121021202
21201021012102010212021012010201210212010210121020102120210120102
21201021012102010212021012021201210212010210121020102120210120212
21201021012102012021012010201210120212010210121020120210120102012
21201021012102012021012102120210120212010210121020120210121021202
21201021012102012021020102120210120212010210121020120210201021202
21201021012102012021201021202101210212010210121020120212010212021
21201021012102012101201021201210120212010210121020121012010212012
21201021012102012101201021202101210212010210121020121012010212021
21201021012102012101202102010210120212010210121020121012021020102
21201021012102012101202120121020120212010210121020121012021201210
21201021012102120102012021201210120212010210121021201020120212012
21201021012102120102012101201020120212010210121021201020121012010
21201021012102120102012102010210120212010210121021201020121020102
21201021012102120102012102120210120212010210121021201020121021202
21201021012102120121012010201210120212010210121021201210120102012
21201021012102120121020102120210120212010210121021201210201021202
21201021012102120210120212010201210212010210121021202101202120102
21201021012102120210201021201020120212010210121021202102010212010
21201021012102120210201021201210120212010210121021202102010212012
21201021202101201020120210121020120212010212021012010201202101210
21201021202101201020120210201210120212010212021012010201202102012
21201021202101201020121012010210120212010212021012010201210120102
21201021202101201020121012021020120212010212021012010201210120210
21201021202101201020121021201020120212010212021012010201210212010
21201021202101201020121021201210120212010212021012010201210212012
21201021202101201021012102010210120212010212021012010210121020102
21201021202101201021012102120210120212010212021012010210121021202
21201021202101202120102101201020120212010212021012021201021012010
21201021202101202120121012010210120212010212021012021201210120102
21201021202101202120121012021020120212010212021012021201210120210
21201021202101202120121021201020120212010212021012021201210212010
21201021202101210201021012021020120212010212021012102010210120210
21201021202101210201202101201020120212010212021012102012021012010
21201021202101210201202102010210120212010212021012102012021020102
21201021202101210212010210121020120212010212021012102120102101210
21201021202101210212012101201020120212010212021012102120121012010
21201021202101210212012102010210120212010212021012102120121020102
21201021202102010210120102120210120212010212021020102101201021202
21201021202102010210120210201210120212010212021020102101202102012
21201021202102010210121021201020120212010212021020102101210212010
21201021202102010210121021201210120212010212021020102101210212012
21201021202102010212012101201020120212010212021020102120121012010
21201021202102010212012102010210120212010212021020102120121020102
21201021202102010212012102120210120212010212021020102120121021202
21201021202102012021012010201210120212010212021020120210120102012
21201021202102012021012102010210120212010212021020120210121020102
21201021202102012021012102120210120212010212021020120210121021202
21201021202102012101201021201210120212010212021020121012010212012
21201021202102012101202102010210120212010212021020121012021020102
21201021202102012101202120121020120212010212021020121012021201210
21201021202102012102120210121020120212010212021020121021202101210
21201210120102012021012102010210120212012101201020120210121020102
21201210120102012021012102120210120212012101201020120210121021202
21201210120102012021020102120210120212012101201020120210201021202
21201210120102012021201021012102010212012101201020120212010210121
21201210120102012021201021202101210212012101201020120212010212021
21201210120102012021201021202102010212012101201020120212010212021
21201210120102012101202102010210120212012101201020121012021020102
21201210120102012101202120102101210212012101201020121012021201021
21201210120102012102010210121020120212012101201020121020102101210
21201210120102012102010212010201210212012101201020121020102120102
21201210120102012102010212021012010212012101201020121020102120210
21201210120102012102010212021020120212012101201020121020102120210
21201210120102012102120210121020120212012101201020121021202101210
21201210120102012102120210201210120212012101201020121021202102012
21201210120102101202120102012102010212012101201021012021201020121
21201210120102101202120102120210120212012101201021012021201021202
21201210120102101210201021201020120212012101201021012102010212010
21201210120102101210201021202101210212012101201021012102010212021
21201210120102101210212010201210120212012101201021012102120102012
21201210120102101210212021012102010212012101201021012102120210121
21201210120102120121020102120210120212012101201021201210201021202
21201210120102120210120102012102010212012101201021202101201020121
21201210120102120210120212010201210212012101201021202101202120102
21201210120102120210120212012102010212012101201021202101202120121
21201210120102120210121020102101210212012101201021202101210201021
21201210120102120210121021201020120212012101201021202101210212010
21201210120102120210121021202102010212012101201021202101210212021
21201210120102120210201021012102010212012101201021202102010210121
21201210120102120210201021201020120212012101201021202102010212010
21201210120210121020102101201020120212012101202101210201021012010
21201210120210121020102101202102010212012101202101210201021012021
21201210120210121020102120121020120212012101202101210201021201210
21201210120210121020102120210201210212012101202101210201021202102
21201210120210121020120212010201210212012101202101210201202120102
21201210120210121020120212010210120212012101202101210201202120102
21201210120210121020120212012102010212012101202101210201202120121
21201210120210121020121012010201210212012101202101210201210120102
21201210120210121020121012010210120212012101202101210201210120102
21201210120210121020121012021020120212012101202101210201210120210
21201210120210121021201020121012010212012101202101210212010201210
21201210120210121021201021012102010212012101202101210212010210121
21201210120210121021202101201020120212012101202101210212021012010
21201210120210121021202102010210120212012101202101210212021020102
21201210120210201021012021201020120212012101202102010210120212010
21201210120210201021012102120210120212012101202102010210121021202
21201210120210201021201020121012010212012101202102010212010201210
21201210120210201021202101201020120212012101202102010212021012010
21201210120210201202120102012102010212012101202102012021201020121
21201210120210201202120102120210120212012101202102012021201021202
21201210120210201210120102012102010212012101202102012101201020121
21201210120210201210120102120210120212012101202102012101201021202
21201210120210201210212021012102010212012101202102012102120210121
21201210120212010201210120102101210212012101202120102012101201021
21201210120212010201210120210201210212012101202120102012101202102
21201210120212010201210201021012010212012101202120102012102010210
21201210120212010201210212021012010212012101202120102012102120210
21201210120212010201210212021020120212012101202120102012102120210
21201210120212010210120102012102010212012101202120102101201020121
21201210120212010210121020121012010212012101202120102101210201210
21201210120212010210121021201020120212012101202120102101210212010
21201210120212010210121021202102010212012101202120102101210212021
21201210120212010212021012010201210212012101202120102120210120102
21201210120212010212021020102101210212012101202120102120210201021
21201210120212010212021020121012010212012101202120102120210201210
21201210120212012102010212010201210212012101202120121020102120102
21201210120212012102010212021012010212012101202120121020102120210
21201210120212012102012021012102010212012101202120121020120210121
21201210120212012102120102012102010212012101202120121021201020121
21201210201021012021020102120210120212012102010210120210201021202
21201210201021012021201020121012010212012102010210120212010201210
21201210201021012021201021202101210212012102010210120212010212021
21201210201021012021201021202102010212012102010210120212010212021
21201210201021012102012101201020120212012102010210121020121012010
21201210201021012102012101202101210212012102010210121020121012021
21201210201021012102012101202102010212012102010210121020121012021
21201210201021012102120210121020120212012102010210121021202101210
21201210201021012102120210201210120212012102010210121021202102012
21201210201021201020120210121020120212012102010212010201202101210
21201210201021201020120210201210120212012102010212010201202102012
21201210201021201020120212010210120212012102010212010201202120102
21201210201021201020121012010210120212012102010212010201210120102
21201210201021201020121012021020120212012102010212010201210120210
21201210201021201020121020102101210212012102010212010201210201021
21201210201021201020121021201210120212012102010212010201210212012
21201210201021201020121021202101210212012102010212010201210212021
21201210201021201210120102120210120212012102010212012101201021202
21201210201021201210120210121020120212012102010212012101202101210
21201210201021202101201020121012010212012102010212021012010201210
21201210201021202101201021201210120212012102010212021012010212012
21201210201021202101202120102101210212012102010212021012021201021
21201210201021202101202120121012010212012102010212021012021201210
21201210201021202101210201021012010212012102010212021012102010210
21201210201021202101210212010210120212012102010212021012102120102
21201210201021202101210212021020120212012102010212021012102120210
21201210201021202102010210121020120212012102010212021020102101210
21201210201021202102012101201020120212012102010212021020121012010
21201210201021202102012101202101210212012102010212021020121012021
21201210201021202102012102120210120212012102010212021020121021202
21201210201202101210201021201020120212012102012021012102010212010
21201210201202101210201021201210120212012102012021012102010212012
21201210201202101210201021202101210212012102012021012102010212021
21201210201202101210212010201210120212012102012021012102120102012
21201210201202102010212010201210120212012102012021020102120102012
21201210201202102010212021012102010212012102012021020102120210121
21201210201202120102012021012102010212012102012021201020120210121
21201210201202120102012101202101210212012102012021201020121012021
21201210201202120102012101202102010212012102012021201020121012021
21201210201202120102012102010210120212012102012021201020121020102
21201210201202120102012102120210120212012102012021201020121021202
21201210201202120102101210201210120212012102012021201021012102012
21201210201202120102120210201210120212012102012021201021202102012
21201210201202120121012021012102010212012102012021201210120210121
21201210212010201202101210201210120212012102120102012021012102012
21201210212010201202120102120210120212012102120102012021201021202
21201210212010201210120102120210120212012102120102012101201021202
21201210212010201210120210121020120212012102120102012101202101210
21201210212010201210201021201020120212012102120102012102010212010
21201210212010201210201021201210120212012102120102012102010212012
21201210212010210120212010201210120212012102120102101202120102012
21201210212010210121020102120210120212012102120102101210201021202
21201210212021012021201020121012010212012102120210120212010201210
21201210212021012021201021012102010212012102120210120212010210121
21201210212021012021201021202102010212012102120210120212010212021
21201210212021012102010212021012010212012102120210121020102120210
21201210212021012102010212021020120212012102120210121020102120210
21201210212021012102012101201020120212012102120210121020121012010
21201210212021012102012101202102010212012102120210121020121012021
21201210212021012102120102012102010212012102120210121021201020121
21201210212021020102101210201210120212012102120210201021012102012
21201210212021020102120102012102010212012102120210201021201020121
21201210212021020102120210121020120212012102120210201021202101210
21201210212021020120212010201210120212012102120210201202120102012
21201210212021020121012021012102010212012102120210201210120210121
21201210212021020121012021201020120212012102120210201210120212010
21202101201020120210121020102101210212021012010201202101210201021
21202101201020120210121020120212010212021012010201202101210201202
21202101201020120210121020121012010212021012010201202101210201210
21202101201020120210121021202102010212021012010201202101210212021
21202101201020120210201021012102010212021012010201202102010210121
21202101201020120210201210120212010212021012010201202102012101202
21202101201020120212012101202101210212021012010201202120121012021
21202101201020120212012101202102010212021012010201202120121012021
21202101201020121012010210120212010212021012010201210120102101202
21202101201020121012010212012102010212021012010201210120102120121
21202101201020121012021020102101210212021012010201210120210201021
21202101201020121012021020120212010212021012010201210120210201202
21202101201020121020102101202102010212021012010201210201021012021
21202101201020121020102120121012010212021012010201210201021201210
21202101201020121020102120210201210212021012010201210201021202102
21202101201020121021201020120212010212021012010201210212010201202
21202101201020121021201021012102010212021012010201210212010210121
21202101201020121021201210120212010212021012010201210212012101202
21202101201021012102010210120212010212021012010210121020102101202
21202101201021012102010212010201210212021012010210121020102120102
21202101201021012102012101202101210212021012010210121020121012021
21202101201021012102012101202102010212021012010210121020121012021
21202101201021012102120102012102010212021012010210121021201020121
21202101201021012102120210120212010212021012010210121021202101202
21202101201021201210120102012102010212021012010212012101201020121
21202101201021201210120212010201210212021012010212012101202120102
21202101201021201210120212012102010212021012010212012101202120121
21202101201021201210212021012102010212021012010212012102120210121
21202101201021202102010212010201210212021012010212021020102120102
21202101201021202102012101202101210212021012010212021020121012021
21202101202120102012021012010201210212021012021201020120210120102
21202101202120102012021020102101210212021012021201020120210201021
21202101202120102012021020121012010212021012021201020120210201210
21202101202120102012101201021201210212021012021201020121012010212
21202101202120102012102120102101210212021012021201020121021201021
21202101202120102012102120121012010212021012021201020121021201210
21202101202120102101201020120212010212021012021201021012010201202
21202101202120102101201020121012010212021012021201021012010201210
21202101202120102101210201021012010212021012021201021012102010210
21202101202120102101210201021201210212021012021201021012102010212
21202101202120102101210201202101210212021012021201021012102012021
21202101202120102101210201202102010212021012021201021012102012021
21202101202120102101210212010201210212021012021201021012102120102
21202101202120102101210212012102010212021012021201021012102120121
21202101202120102120210120102101210212021012021201021202101201021
21202101202120102120210201021012010212021012021201021202102010210
21202101202120102120210201021201210212021012021201021202102010212
21202101202120102120210201202101210212021012021201021202102012021
21202101202120121012010201202101210212021012021201210120102012021
21202101202120121012010201202102010212021012021201210120102012021
21202101202120121012010210120212010212021012021201210120102101202
21202101202120121012010212012102010212021012021201210120102120121
21202101202120121012021020102101210212021012021201210120210201021
21202101202120121012021020120212010212021012021201210120210201202
21202101202120121012021020121012010212021012021201210120210201210
21202101202120121020102101202102010212021012021201210201021012021
21202101202120121020102120121012010212021012021201210201021201210
21202101202120121020102120210201210212021012021201210201021202102
21202101202120121020120212010201210212021012021201210201202120102
21202101202120121021201020120212010212021012021201210212010201202
21202101202120121021201020121012010212021012021201210212010201210
21202101202120121021201021012102010212021012021201210212010210121
21202101210201021012010201202102010212021012102010210120102012021
21202101210201021012010212012102010212021012102010210120102120121
21202101210201021012021020120212010212021012102010210120210201202
21202101210201021012021020121012010212021012102010210120210201210
21202101210201021012102120121012010212021012102010210121021201210
21202101210201021201020120210201210212021012102010212010201202102
21202101210201021201210120102101210212021012102010212012101201021
21202101210201021201210120210201210212021012102010212012101202102
21202101210201021201210201202102010212021012102010212012102012021
21202101210201021202101201021201210212021012102010212021012010212
21202101210201021202102012021012010212021012102010212021020120210
21202101210201021202102012021201210212021012102010212021020120212
21202101210201202101201020120212010212021012102012021012010201202
21202101210201202101201020121012010212021012102012021012010201210
21202101210201202101201021012102010212021012102012021012010210121
21202101210201202102010210120212010212021012102012021020102101202
21202101210201202102010212010201210212021012102012021020102120102
21202101210201202120102012021012010212021012102012021201020120210
21202101210201202120102101202102010212021012102012021201021012021
21202101210201202120102120210201210212021012102012021201021202102
21202101210201202120121012010201210212021012102012021201210120102
21202101210201202120121020102101210212021012102012021201210201021
21202101210201202120121021202102010212021012102012021201210212021
21202101210201210120102012021012010212021012102012101201020120210
21202101210201210120102012021201210212021012102012101201020120212
21202101210201210120102101202102010212021012102012101201021012021
21202101210201210120102120210201210212021012102012101201021202102
21202101210201210120210201021012010212021012102012101202102010210
21202101210201210120210201021201210212021012102012101202102010212
21202101210212010201202120121012010212021012102120102012021201210
21202101210212010201210120210201210212021012102120102012101202102
21202101210212010201210201021012010212021012102120102012102010210
21202101210212010201210201021201210212021012102120102012102010212
21202101210212010210120102012102010212021012102120102101201020121
21202101210212010210120212010201210212021012102120102101202120102
21202101210212010210120212012102010212021012102120102101202120121
21202101210212010210121020120212010212021012102120102101210201202
21202101210212010210121020121012010212021012102120102101210201210
21202101210212012101201020120212010212021012102120121012010201202
21202101210212012101201021012102010212021012102120121012010210121
21202101210212012102010210120212010212021012102120121020102101202
21202101210212012102010212010201210212021012102120121020102120102
21202101210212012102012021012102010212021012102120121020120210121
21202101210212021020102120121012010212021012102120210201021201210
21202101210212021020120212012102010212021012102120210201202120121
21202102010210120102012021012102010212021020102101201020120210121
21202102010210120102012101202101210212021020102101201020121012021
21202102010210120102120210120212010212021020102101201021202101202
21202102010210120210201210120212010212021020102101202102012101202
21202102010210120212010201202101210212021020102101202120102012021
21202102010210120212012101202101210212021020102101202120121012021
21202102010210121020102120121012010212021020102101210201021201210
21202102010210121020120212010201210212021020102101210201202120102
21202102010210121020120212012102010212021020102101210201202120121
21202102010210121020121012010201210212021020102101210201210120102
21202102010210121020121012021201210212021020102101210201210120212
21202102010210121021201020120212010212021020102101210212010201202
21202102010210121021201020121012010212021020102101210212010201210
21202102010210121021201210120212010212021020102101210212012101202
21202102010212010201202120102101210212021020102120102012021201021
21202102010212010201202120121012010212021020102120102012021201210
21202102010212010201210120102101210212021020102120102012101201021
21202102010212010201210120210201210212021020102120102012101202102
21202102010212010201210201021012010212021020102120102012102010210
21202102010212010201210201021201210212021020102120102012102010212
21202102010212010201210212021012010212021020102120102012102120210
21202102010212012101201020120212010212021020102120121012010201202
21202102010212012101201021202101210212021020102120121012010212021
21202102010212012101202120102101210212021020102120121012021201021
21202102010212012102010210120212010212021020102120121020102101202
21202102010212012102120210120212010212021020102120121021202101202
21202102010212021012010201202101210212021020102120210120102012021
21202102010212021012102012021201210212021020102120210121020120212
21202102012021012010201210120212010212021020120210120102012101202
21202102012021012010212021012102010212021020120210120102120210121
21202102012021012102010210120212010212021020120210121020102101202
21202102012021012102010212010201210212021020120210121020102120102
21202102012021012102012101202101210212021020120210121020121012021
21202102012021012102012101202102010212021020120210121020121012021
21202102012021012102120102012102010212021020120210121021201020121
21202102012021012102120210120212010212021020120210121021202101202
21202102012021201020121012021201210212021020120212010201210120212
21202102012021201020121020102101210212021020120212010201210201021
21202102012021201210120102012102010212021020120212012101201020121
21202102012021201210120212010201210212021020120212012101202120102
21202102012021201210201021202101210212021020120212012102010212021
21202102012021201210212021012102010212021020120212012102120210121
21202102012101201020120212010201210212021020121012010201202120102
21202102012101201020120212012102010212021020121012010201202120121
21202102012101201020121020102101210212021020121012010201210201021
21202102012101201021201210120212010212021020121012010212012101202
21202102012101202101210201021012010212021020121012021012102010210
21202102012101202101210201021201210212021020121012021012102010212
21202102012101202101210201202102010212021020121012021012102012021
21202102012101202101210212010201210212021020121012021012102120102
21202102012101202101210212012102010212021020121012021012102120121
21202102012101202101210212021012010212021020121012021012102120210
21202102012101202102010210120212010212021020121012021020102101202
21202102012101202102010212010201210212021020121012021020102120102
21202102012101202120102012021012010212021020121012021201020120210
21202102012101202120102012021201210212021020121012021201020120212
21202102012101202120102101202102010212021020121012021201021012021
21202102012101202120121012010201210212021020121012021201210120102
21202102012101202120121020102101210212021020121012021201210201021
21202102012101202120121020120212010212021020121012021201210201202
21202102012102120102012021012102010212021020121021201020120210121
21202102012102120102012101202101210212021020121021201020121012021
21202102012102120102012101202102010212021020121021201020121012021
21202102012102120121012021012102010212021020121021201210120210121
21202102012102120210120102012102010212021020121021202101201020121
21202102012102120210120212012102010212021020121021202101202120121
21202102012102120210121020120212010212021020121021202101210201202
21202102012102120210121020121012010212021020121021202101210201210