01201021201
010210120210
012010212012
0102101202102
0120102120121
01021012021020
012010212012101
0102101202102010
0120102120121021
01021012021020120
012010212012101201
012010212012102012
0102101202102010210
0102101202102012102
0120102120121020120
01021012021020121021
01201021201210120212
01201021201210201202
010210120210201021202
010210120210201210212
0102101201020120210120
0102101202102010210120
0102120121012021201020
0102120121020120212012
0120102101210212010210
0120102120121012010210
0120102120121020120212
01020120210121020120212
01020121012021020121021
01021012010201202101201
01021012021020102101201
01021012021020121021202
01201021012102120102101
01201021201210120102101
01201021201210201021202
01201021201210201202102
01210120102101210212012
010201202101210201202120
010201202102010210120210
010201210120210201210212
010210120102012021012010
010210120210201021012010
010210120210201210120212
010210120210201210212012
012010212012102010212021
012101201021202101201020
012101202120102101202102
0102012021020102101202102
0102101202102012101202120
0102120210201202120121021
0120102120121012010210120
0120102120121012010210121
0120102120121012021201020
0120102120121020120210120
0120102120121020120212012
0121012010210121021201021
0121012010212021012010201
0121012021201021012021020
01020120210121020120212010
01020120210121020120212012
01020120210201021012021020
01020121012021020121021202
01021012021020102101201020
01021012021020102101201021
01021012021020102120210121
01021012021020121021201021
01021012021020121021202102
01021202101210201202101201
01021202102012101202102010
01201021201210120102101210
01201021201210201021202101
01201021201210201021202102
01201021201210201202101201
01201021201210212021020120
01210120102101210212010210
01210120102101210212012102
010201210120210201210212012
010210120210201021012010201
010210120210201202120121021
010210120210201210120212010
010210120210201210120212012
010210120210201210212010210
010212012101202120102012101
010212021012102012021012010
010212021020120212012102012
010212021020121012021020102
012010212012102012021012010
012010212012102012021201020
012101201021012102120102101
012101201021012102120121012
012101201021202101201020120
012101201021202101201020121
012101202120102101202102010
0102012021012102012021201020
0102101202102012102120102101
0102101202102012102120210121
0102120210201202120121020120
0102120210201202120121021201
0120102120121012010210120210
0120102120121012010210121020
0120102120121012010210121021
0120102120121020102120210121
0120102120121021202102012102
0120102120210201202120121021
0121012021201021012021020120
01020120210121020120212010210
01020121012021020121021201021
01020121012021020121021202102
01021012021020102101201020120
01021012021020102101201020121
01021012021020102101201021201
01021012021020120212012102012
01021012021020121012021201020
01021012021201210212021020120
01021201020120212012102012021
01021201210120212010201202101
01021202101210201202101201020
01021202102012021201210201202
01021202102012021201210212021
01021202102012101202102010210
01021202102012101202102010212
01201021201210120102101202102
01201021201210201021202101201
01201021201210201202101201020
01201021201210212021020120210
01201021201210212021020121021
01201021202101210201202101201
01201021202102012101202102010
01210120102101210212012101201
01210120102101210212012101202
01210120102101210212012102012
01210120102120210120102012101
01210212010210121021202101202
010201202101210201202120102101
010201202101210201202120121021
010201210120210201210212010210
010210120210201021012010212012
010210120210201202120121020120
010210120210201202120121021201
010210120210201210120212010210
010210120210201210212010210121
010210120212010201210212010210
010210120212012102010212012101
010212012101202120102101202102
010212021012102012021012010210
012010212012101201020120210120
012010212012101201021012021020
012010212012101201021012102010
012010212012101202120102012101
012010212012102010212021012010
012010212012102010212021020120
012010212012102010212021020121
012010212012102012021012010210
012010212012102012021012102010
012010212012102120210201202120
012010212012102120210201210212
012010212021012010201210120212
012010212021012102012021012010
012010212021020120212012102012
012010212021020121012021020102
012101201021012102120121020120
012101201021202101201020121021
012101202120102101202102010210
012101202120102101202102012102
012102120102101210212021020120
0102012021020102101202120121021
0102012101202102012102120102101
0102012101202102012102120210121
0102101202102010210120102012101
0102101202102010210120102120121
0102101202102010210121021201021
0102101202102010212021012102010
0102101202102012021201210201202
0102101202102012021201210212021
0102101202102012101202120102101
0102101202102012101202120121020
0102101202102012101202120121021
0102101202102012102120102012101
0102101202102012102120102101201
0102101202120102012102120102101
0102101202120102101210201021202
0102101202120121020102120121012
0102101202120121021202102012102
0102120102012021201210201202101
0102120102012021201210201202102
0102120121012021201020120210120
0102120121012021201020120210121
0102120121012021201021012021020
0102120121020120212012101202101
0102120210201202120121021201021
0102120210201202120121021202101
0102120210201202120121021202102
0102120210201210120210201021202
0120102120121012010201202101201
0120102120121012010210121020120
0120102120121012021020121021202
0120102120121020120210121020102
0120102120210201202120121020120
0120102120210201202120121021201
0121012010210121021201210120212
0121012010210121021201210201202
0121012010212021012010201202102
0121012010212021012010201210212
0121012021201021012021020121021
01020120210121020120212010210121
01020120210121020120212012102012
01021012021020102101201020121021
01021012021020102101210212010210
01021012021020102120121020120212
01021012021020121021201020121012
01021012021201210212021020120210
01021012021201210212021020121021
01021201210120212010201202101201
01021201210201202120121012010210
01021202101210201202101201020120
01021202101210201202101201021201
01021202102012021201210212010210
01021202102012101202102010212012
01201021201210120102012021012010
01201021201210120102101202102010
01201021201210120102101210201202
01201021201210120102101210212012
01201021201210120210201210212012
01201021201210120212010201202101
01201021201210201021202101201020
01201021201210201021202102012101
01201021201210201021202102012102
01201021201210201202101201020120
01201021201210201202101201021201
01201021201210201202120102012101
01201021201210212021020120210120
01201021201210212021020120212010
01201021201210212021020120212012
01201021202101210201202101201020
01201021202102012021201210201202
01201021202102012021201210212021
01201021202102012101202102010210
01201021202102012101202102010212
01202101201021202101210201202102
01210120102101210212010201202102
01210120102101210212012101202102
01210120212010210120210201021202
01210120212010210120210201210212
01210212010201210212021012102010
01210212010210121021202102012102
010201202101210201202120102012101
010201202101210201202120102101201
010201202101210201202120121021201
010201202101210201202120121021202
010201202102010210120212010210121
010201210120210201210212010210121
010210120210201021012010201202102
010210120210201021012010201210212
010210120210201021012010212012101
010210120210201021012102120102101
010210120210201021201210201202102
010210120210201021202101210212010
010210120210201202120121021201021
010210120210201202120121021202101
010210120210201202120121021202102
010210120210201210120212010210121
010210120210201210120212012102010
010210120210201210120212012102012
010210120210201210212010210120210
010210120210201210212010210121021
010210120210201210212021012102010
010210120212010201210212010210121
010210120212012102010212012101201
010210120212012102010212012101202
010210120212012102120210201202120
010210120212012102120210201210212
010212010201202120121020120210120
010212010201202120121020120210121
010212012101202120102012021012010
010212012101202120102101202102010
010212021012102012021012010212012
010212021020120212012102120102101
010212021020120212012102120210121
010212021020121012021020102101201
010212021020121012021020102120121
012010212012101201020120210120102
012010212012101201021012021020120
012010212012101202120102101202102
012010212012102010212021012010210
012010212012102010212021012102010
012010212012102010212021020120210
012010212012102010212021020121021
012010212012102012021012010212012
012010212012102012021012102010210
012010212012102012021012102010212
012010212012102012021020102101201
012010212012102120210201202101201
012010212021012102012021012010210
012101201021012102120121012010210
012101201021012102120121012021020
012101201021012102120121020120212
012101201021202101201020120210120
012101201021202101201020121021202
012102120102101210212021020120210
012102120102101210212021020121021
0102012021012102012021201210212021
0102012021020102101202120102101210
0102012021020102101202120121021201
0102012101202102012102120102012101
0102012101202102012102120102101201
0102101202102010210120102120121021
0102101202102010210121021201021012
0102101202102010212021012010212012
0102101202102012021201210212010210
0102101202102012101202120102012101
0102101202102012101202120102101201
0102101202102012101202120121020120
0102101202102012101202120121021201
0102101202102012102120102012101201
0102101202102012102120102012101202
0102101202102012102120102101202102
0102101202102012102120121012010210
0102101202120102012102120102101201
0102120102012021201210201202101201
0102120121012021201020121012010212
0102120121012021201021012021020120
0102120121020120212012101201021201
0102120210121020120210120102012101
0102120210121020120210120102120121
0102120210201202120121020102101201
0102120210201202120121021202101201
0120102120121012010210121020120212
0120102120121012010210121021201021
0120102120121012021020102120210121
0120102120121012021020121021201021
0120102120121012021020121021202102
0120102120121012021201020120210120
0120102120121012021201020120210121
0120102120121012021201021012021020
0120102120121020102120210201210212
0120102120121020120210120102012101
0120102120121020120210120102120121
0120102120121020120210121021201021
0120102120121020120212012101202101
0120102120121021202102012021012010
0120102120121021202102012021201020
0120102120210121021201020120210120
0120102120210201202120121021201021
0120102120210201202120121021202101
0120102120210201202120121021202102
0120102120210201210120210201021202
0120210120102120210121020120210120
0121012010210121021201020121021202
0121012010210121021201210201202102
0121012010212021012010201202102010
0121012010212021012010201202102012
0121012010212021012010201210120212
0121012010212021012010201210212012
0121012021201021012021020121021202
0121021201021012102120210201210212
01020120210121020120212010210120210
01020120210121020120212010210121021
01020121012021020121021201020121012
01021012021020102101201020120210120
01021012021020102101201020121021202
01021012021020102120121012021201020
01021012021020102120121020120210120
01021012021020102120121020120212012
01021012021020102120210120102120121
01021012021020102120210121021201020
01021012021020102120210121021201021
01021012021020120212012102120102101
01021012021020120212012102120210121
01021012021020121012021201210201202
01021012021020121021201020120210120
01021012021020121021201021012021020
01021012021020121021201021012102010
01021012021020121021202102010212010
01021012021201020120210121021201021
01021012021201210201021201210120212
01021012021201210212021020120210120
01021012021201210212021020120212010
01021012021201210212021020120212012
01021201020120212012102012021012010
01021201210120212010201202101201020
01021201210120212010201210212010210
01021201210201202120121012010210120
01021201210201202120121012010212012
01021202102012021201210212010210121
01021202102012021201210212021012010
01021202102012021201210212021020120
01021202102012101202102010210120210
01021202102012101202102010212012101
01201021201210120102012021012010210
01201021201210120102012021012010212
01201021201210120102101202102010210
01201021201210120102101202102012102
01201021201210120102101210201021202
01201021201210120102101210201202102
01201021201210120102101210212010210
01201021201210120102101210212012102
01201021201210120210201021202101201
01201021201210120210201210212010210
01201021201210120212010201202101201
01201021201210201021012010201202102
01201021201210201021202101201020120
01201021201210201021202101201021201
01201021201210201021202101210212010
01201021201210201202101210201021202
01201021201210201202101210212010210
01201021201210201202102010210120210
01201021201210201202120121012010210
01201021201210212021012010201202102
01201021201210212021020120212010210
01201021201210212021020121012010210
01201021202101201020121012021201020
01201021202101210201202101201020120
01201021202101210201202101201021201
01201021202101210212010201202101201
01201021202102012021201210212010210
01201021202102012101202102010212012
01202101201021202101210201202101201
01210120102101210212010201202102012
01210120102101210212010201210212021
01210120102101210212012101201021201
01210120102101210212012101202102010
01210120102120210120102012021020102
01210120212010210120210201210120212
01210120212010210120210201210212012
01210212010210121021202102012102120
010201202101210201202120102101202102
010201202101210201202120121021201021
010201202101210201202120121021202101
010201202101210201202120121021202102
010201202102010210120212010210121020
010201202102010210120212010210121021
010201210120210201210212010210120210
010201210120210201210212010210121021
010201210120210201210212021012102010
010210120210201021012010201202101201
010210120210201021012010201202102012
010210120210201021012010201210120212
010210120210201021012010201210212012
010210120210201021012010212012101201
010210120210201021012010212012102012
010210120210201021012102120102101201
010210120210201021012102120102101202
010210120210201021201210120212010210
010210120210201021201210201202101201
010210120210201021202101210212010210
010210120210201202120102101210212012
010210120210201202120121020102101201
010210120210201202120121021202101201
010210120210201210120102101210212012
010210120210201210120212010201202101
010210120210201210120212010210120210
010210120210201210120212010210121021
010210120210201210212010201202101201
010210120210201210212010201202102012
010210120210201210212010201210120212
010210120210201210212010210120210201
010210120210201210212010210120212012
010210120210201210212012101201021201
010210120210201210212021020102101201
010210120212010201202101210212010210
010210120212010201210212010210120210
010210120212010201210212010210121021
010210120212010210121020102120210121
010210120212012102010212012101202102
010210120212012102120210201202101201
010212012101202120102012021012010210
010212012101202120102012021012102010
010212012101202120102012101201021201
010212012101202120102012101201021202
010212012101202120102012102120102101
010212012101202120102101202102010210
010212012101202120102101202102012102
010212012101202120102101210201021202
010212012102012021201210120102120121
010212012102120210201202120121021201
010212021012102012021012010212012101
010212021020120210120102120121020120
010212021020120212012102010212012101
010212021020120212012102120102101201
010212021020121012021020102101201020
010212021020121012021020102101201021
010212021020121012021020102120121021
010212021020121012021020102120210121
012010210120210201210212010210120210
012010212012101201021012021020121021
012010212012101201021012102120102101
012010212012101201021012102120121012
012010212012101202102010212021012010
012010212012101202102012102120102101
012010212012101202102012102120210121
012010212012101202120102012021012010
012010212012101202120102101202102010
012010212012102010210120212010210121
012010212012102010212021012010212012
012010212012102010212021020120210120
012010212012102010212021020121021202
012010212012102012021012010210121020
012010212012102012021012010212012101
012010212012102012021012010212012102
012010212012102012021012102010212012
012010212012102012021012102120102101
012010212012102012021020102101201021
012010212012102012021020102101202102
012010212012102120210201202101201020
012010212012102120210201202120102101
012010212012102120210201202120121021
012010212021012102012021012010212012
012010212021012102120102012021012010
012010212021020120212012102120102101
012010212021020120212012102120210121
012010212021020121012021020102101201
012010212021020121012021020102120121
012021012010212021012102012021012010
012021020120212012102120210201202120
012101201021012102120121012010210120
012101201021012102120121012010212012
012101201021012102120121012021020120
012101201021012102120121012021201020
012101201021012102120121020120210120
012101201021012102120121020120212012
012101201021202101201020121021201021
012101201021202101201020121021202102
012101202120102101202102012101202120
012102120102101202102012102120102101
012102120102101210212021020120210120
0102012021012010212012102012021012010
0102012021012102012021201021012021020
0102012021012102012021201021012102010
0102012021012102012021201210212010210
0102012021020102101202120121021201021
0102012021020121021201021012021020120
0102012101202102012102120102012101201
0102012101202102012102120102012101202
0102012101202102012102120102101202102
0102012101202102012102120121012010210
0102101201021201210201202101201021201
0102101202102010210120102012021012010
0102101202102010210120102012021020102
0102101202102010210120102120121020120
0102101202102010212012101202120102101
0102101202102010212012102012021012010
0102101202102010212012102012021201020
0102101202102010212021012010212012101
0102101202102010212021012102120102101
0102101202102012021201210212010210121
0102101202102012021201210212021012010
0102101202102012021201210212021020120
0102101202102012101201021202101201020
0102101202102012101202120102101202102
0102101202102012101202120121020120212
0102101202102012101202120121021201021
0102101202102012102120102012021012010
0102101202102012102120102012101202102
0102101202102012102120102101201020120
0102101202102012102120102101201020121
0102101202102012102120102101202102010
0102101202102012102120121012010210120
0102101202102012102120121012010212012
0102101202102012102120121012021020120
0102101202120102012021012102120102101
0102101202120102012102120102101202102
0102101202120121020102120121012010210
0102101202120121020102120121012021020
0102101202120121021201021012021020120
0102101202120121021202102012021012010
0102101202120121021202102012021201020
0102120102012021201210201202101201020
0102120102012021201210212021020120210
0102120121012021201020120210121020120
0102120121012021201020121012010212012
0102120121012021201021012021020121021
0102120121020120212012101201021201210
0102120121021202102012021201210212010
0102120121021202102012021201210212021
0102120210121020120210120102120121021
0102120210121020120210120102120210121
0102120210201202101201021201210201202
0102120210201202120121020102101201021
0102120210201202120121020102120121012
0102120210201202120121021202101201020
0102120210201202120121021202102012102
0102120210201210120210201021012010201
0120102101202102012102120102101202102
0120102120121012010201202101201021201
0120102120121012010201202101201021202
0120102120121012010210120210201021202
0120102120121012010210120210201210212
0120102120121012010210121020120210120
0120102120121012010210121020120212012
0120102120121012021201020121012010212
0120102120121012021201021012021020120
0120102120121020102101201020120210120
0120102120121020102101202120102101210
0120102120121020102120210120102012101
0120102120121020102120210120102120121
0120102120121020102120210121021201020
0120102120121020102120210121021201021
0120102120121020102120210201202101201
0120102120121020102120210201210120212
0120102120121020102120210201210212012
0120102120121020120210120102120121021
0120102120121020120210120102120210121
0120102120121020120210121020102101201
0120102120121020120210121020102101202
0120102120121020120210121020102120121
0120102120121020120210201021012010201
0120102120121020120210201021012021020
0120102120121020120212010201210120212
0120102120121020120212012101201021201
0120102120121021202101201020120210120
0120102120121021202101210201202101201
0120102120121021202102010210120210201
0120102120121021202102012021012010210
0120102120121021202102012101202102010
0120102120210120102012101202120121020
0120102120210121020120210120102012101
0120102120210121020120210120102120121
0120102120210201202120121020102101201
0120102120210201202120121021202101201
0121012010210120210201210212010210121
0121012010210121021201020121021202101
0121012010210121021201020121021202102
0121012010210121021201210120102101202
0121012010210121021201210120102120121
0121012010210121021201210201202101201
0121012010212021012010201202102010210
0121012010212021012010201202102010212
0121012010212021012010201202102012102
0121012010212021012010201210212010210
0121012021201021012021020102120210121
0121012021201021012021020121021201021
0121012021201021012021020121021202102
0121021201020121021202101210201021202
0121021201021012102120210201202101201
0121021201021012102120210201210212010
0121021201021012102120210201210212012
01020120210121020120212010201210120212
01020120210121020120212010210121020102
01020120210121020120212010210121021202
01020120210121020120212012101201021201
01020120210121020120212012102120102101
01020120210121020120212012102120210121
01020120210201021012021201021012102010
01020120210201021012021201210212010210
01020121012021020121021201020120210120
01020121012021020121021201021012021020
01020121012021020121021201021012102010
01020121012021020121021202102010212010
01021012010212012102012021012010212012
01021012010212021020120210120102120121
01021012021020102101201020121021201021
01021012021020102101201020121021202102
01021012021020102101201021201210120212
01021012021020102101201021201210201202
01021012021020102101210212010210120210
01021012021020102101210212010210120212
01021012021020102120210120102120121021
01021012021020102120210121020102101202
01021012021020120212010201210212010210
01021012021020120212010210121021201021
01021012021020120212012101201021201210
01021012021020120212012102010212012101
01021012021020120212012102120102101201
01021012021020121012010210121021201021
01021012021020121012010212021012010201
01021012021020121012021201020120210120
01021012021020121012021201020120210121
01021012021020121012021201021012021020
01021012021020121012021201021012102010
01021012021020121012021201210201021202
01021012021020121012021201210201202102
01021012021020121012021201210212010210
01021012021020121021201020121012010210
01021012021020121021201020121012010212
01021012021020121021201020121012021020
01021012021020121021201021012021020102
01021012021020121021201021012021201020
01021012021020121021201210120102101210
01021012021020121021201210120102120121
01021012021020121021201210120210201202
01021012021020121021202101210201021202
01021012021020121021202102010210120210
01021012021201020121021201021012021020
01021012021201020121021201021012102010
01021012021201021012102010212021020121
01021012021201210212021020120212010210
01021012021201210212021020121012010210
01021201020120212012102012021012010210
01021201020120212012102012021012102010
01021201020120212012102120210201202120
01021201210120212010201202101201021201
01021201210120212010201202101201021202
01021201210120212010201202101210201202
01021201210120212010201210120102120121
01021201210120212010201210212010210121
01021201210120212010210120210201021202
01021201210120212010210120210201210212
01021201210201202120121012010210120210
01021202101201021201210201202101201020
01021202101210201202101201021202101210
01021202102012021201210212010210120210
01021202102012021201210212010210121021
01021202102012021201210212021012010210
01021202102012021201210212021012102010
01021202102012021201210212021020121021
01021202102012101202102010212012101201
01021202102012101202102010212012102012
01201021201210120102012021012010212012
01201021201210120102012021020102101201
01201021201210120102101210201202101201
01201021201210120102101210212012101201
01201021201210120102101210212012101202
01201021201210120102101210212012102012
01201021201210120210201021202101201020
01201021201210120210201210212010210121
01201021201210120212010201202101201020
01201021201210120212010201210212010210
01201021201210201021012010201202101201
01201021201210201021012010201202102012
01201021201210201021202101210212010210
01201021201210201021202102012021012010
01201021201210201021202102012101202102
01201021201210201202101201021012102010
01201021201210201202101201021201210212
01201021201210201202101201021202101210
01201021201210201202101201021202102010
01201021201210201202101210212010210121
01201021201210201202101210212012102012
01201021201210201202120102101202102010
01201021201210201202120121012010210120
01201021201210201202120121012010212012
01201021201210212021012010201202102010
01201021201210212021012010201202102012
01201021201210212021012010212012102012
01201021201210212021012102012021012010
01201021201210212021020120212010210121
01201021201210212021020120212012102012
01201021201210212021020121012010210120
01201021201210212021020121012021020102
01201021202101201020121012021020121021
01201021202101210212010201202101201020
01201021202102012021012010212012102012
01201021202102012021201210212010210121
01201021202102012021201210212021012010
01201021202102012021201210212021020120
01201021202102012101202102010210120210
01201021202102012101202102010212012101
01202101201021202101210201202101201020
01210120102101202102012102120102101201
01210120102101210212010201202102012102
01210120102101210212012101201020121020
01210120102101210212012101202102010210
01210120102101210212012101202102012102
01210120102101210212012102012021012010
01210120102101210212012102012021201020
01210120102120121020120210120102120121
01210120102120210120102012021020121021
01210120102120210120102012102120102101
01210120102120210120102012102120210121
01210120212010210120210201202120121021
01210120212010210120210201210120212010
01210120212010210120210201210120212012
01210120212010210120210201210212010210
01210120212012102010210120212010210121
01210212010210121021202102012021012010
01210212012102012021012010212012102012
010201202101210201202120102101202102010
010201202101210201202120102101210212012
010201202101210201202120121012010212012
010201202101210201202120121020102101201
010201202101210201202120121021202101201
010201202102010210120212010210121020120
010201202102010210120212012102120102101
010201202102012102120102101202102012102
010201210120210201210212010201202101201
010201210120210201210212010201210120212
010201210120210201210212012101201021201
010201210120210201210212021020102101201
010210120210201021012010201202102010210
010210120210201021012010201202102010212
010210120210201021012010201202102012102
010210120210201021012010201210212010210
010210120210201021012102120102101202102
010210120210201021012102120121012010210
010210120210201021201210120212010210121
010210120210201021201210201202101201020
010210120210201021202101210201202101201
010210120210201021202101210212010210121
010210120210201202120102012102120102101
010210120210201202120102101210212012101
010210120210201202120102101210212012102
010210120210201202120121020102101201021
010210120210201202120121020102120121012
010210120210201202120121021202101201020
010210120210201202120121021202102012102
010210120210201210120102101210212010210
010210120210201210120102101210212012102
010210120210201210120212010201202101201
010210120210201210120212012102010212012
010210120210201210120212012102120102101
010210120210201210212010201202101201020
010210120210201210212010201202102012102
010210120210201210212010210120102012101
010210120210201210212010210120212010201
010210120210201210212010210120212012101
010210120210201210212012101202102012021
010210120210201210212021012010212012101
010210120210201210212021020102101201021
010210120210201210212021020102101202102
010210120212010201202101210212010210121
010210120212010210121020102120121020120
010210120212012102010212012101201021201
010210120212012102010212012101202102010
010210120212012102120102101202102012102
010210120212012102120210201202101201020
010210120212012102120210201202120102101
010210120212012102120210201202120121021
010212010201202120121020120210121020102
010212012101202120102012021012010212012
010212012101202120102012021012102010210
010212012101202120102012021012102012021
010212012101202120102012021020102101201
010212012101202120102012102120102101201
010212012102012021201210120102101202102
010212012102012021201210120102120121020
010212012102012021201210120102120121021
010212012102120210201202120121021201020
010212012102120210201202120121021201021
010212021012010212012102012021012010210
010212021012102012021012010201210120212
010212021012102012021012010212012101201
010212021012102012021012010212012102012
010212021020120210120102120121020120212
010212021020120212012102010212012101201
010212021020120212012102010212012101202
010212021020120212012102120102101202102
010212021020120212012102120210201210212
010212021020121012021020102101201020120
010212021020121012021020102101201020121
010212021020121012021020102101201021201
010212021020121012021020102120121020120
012010212012101201020120210120102120121
012010212012101201020120210121020120212
012010212012101201021012021020121021202
012010212012101201021012102012021012010
012010212012101201021012102012021201020
012010212012101201021012102120121020120
012010212012101202102010212021012010210
012010212012101202102010212021012102010
012010212012101202102012102120102012101
012010212012101202102012102120102101201
012010212012101202120102012021012010210
012010212012101202120102012021012102010
012010212012101202120102012101201021201
012010212012101202120102012101201021202
012010212012101202120102012102120102101
012010212012101202120102101202102010210
012010212012101202120102101202102012102
012010212012101202120102101210201021202
012010212012102010210120102012021012010
012010212012102010210120102012021020102
012010212012102010210120212010210121020
012010212012102010210120212010210121021
012010212012102010212021012010201202102
012010212012102010212021012010212012101
012010212012102010212021012102120102101
012010212012102010212021020121012021020
012010212012102010212021020121021201020
012010212012102010212021020121021201021
012010212012102012021012010201210120212
012010212012102012021012010210121020120
012010212012102012021012010212012101201
012010212012102012021012010212012102120
012010212012102012021012010212021020120
012010212012102012021012102010210120210
012010212012102012021012102010210120212
012010212012102012021012102010212012101
012010212012102012021012102120102101201
012010212012102012021012102120121020120
012010212012102012021020102101201020120
012010212012102012021020102101201020121
012010212012102012021020102101201021201
012010212012102012021201020121012010212
012010212012102012021201021012021020120
012010212012102012021201210120102120121
012010212012102120210120102012021020102
012010212012102120210120102120121020120
012010212012102120210201021012021020120
012010212012102120210201021012021020121
012010212012102120210201202101201020120
012010212012102120210201202101201021201
012010212012102120210201202120102012101
012010212012102120210201202120102101201
012010212012102120210201202120121020120
012010212012102120210201202120121021201
012010212021012010201210120210201210212
012010212021012010201210120212012102010
012010212021012010201210120212012102012
012010212021012102012021012010212012101
012010212021012102120102012021012010210
012010212021020120210120102120121020120
012010212021020120212012102010212012101
012010212021020120212012102120102101201
012010212021020121012021020102101201020
012010212021020121012021020102101201021
012010212021020121012021020102120121021
012010212021020121012021020102120210121
012021012010212021012102012021012010210
012101201021012102120102012021020121021
012101201021012102120102012102120210121
012101201021012102120121012010210120210
012101201021012102120121012010210120212
012101201021012102120121012021020121021
012101201021202101201020120210201021202
012101201021202101201020120210201210212
012101201021202101201020120212012102012
012101201021202101201020121012021201020
012101201021202101201020121021202101210
012101201021202101201020121021202102010
012101202120102101202102010210121020121
012101202120102101202102012101201021201
012101202120102101202102012102120102101
012101202120102101202102012102120210121
012101202120121020102101202120102101210
012102120102012102120210121020102101202
012102120102101210212021012010201202102
012102120102101210212021020121021201020
012102120102101210212021020121021201021
012102120121020102101201021201210201202
012102120121020120210120102120121020120
0102012021012102012021201020121012010212
0102012021012102012021201021012021020120
0102012021012102012021201021012102010210
0102012021012102012021201021012102010212
0102012021012102012021201210120102120121
0102012021012102012021201210212010210121
0102012021012102012021201210212021012010
0102012021012102012021201210212021020120
0102012021020102101202120102101210201202
0102012021020102101202120102101210212012
0102012021020121012010210120210201210212
0102012021020121021201021012021020120212
0102012021020121021201021012021020121021
0102012101202102012102120102012021012010
0102012101202102012102120102012101202102
0102012101202102012102120102101202102010
0102012101202102012102120121012010210120
0102012101202102012102120121012010212012
0102101201021201210201202101201021202101
0102101201021201210201202101201021202102
0102101201021202102012021012010212012101
0102101202102010210120102012021020121021
0102101202102010210120102012102120102101
0102101202102010210120102012102120210121
0102101202102010210120102120121020120212
0102101202102010210121021201020121021202
0102101202102010210121021201021012021020
0102101202102010212012101202120102012101
0102101202102010212012101202120102101201
0102101202102010212012102012021012010210
0102101202102010212012102012021012102010
0102101202102010212021012010201210120212
0102101202102010212021012010212012101201
0102101202102010212021012010212012102012
0102101202102010212021012102010210120210
0102101202102010212021012102010210120212
0102101202102010212021012102012021012010
0102101202102010212021012102120102012101
0102101202102010212021012102120102101201
0102101202102012021201021012102120121012
0102101202102012021201210120102120121020
0102101202102012021201210120102120121021
0102101202102012021201210212010210120210
0102101202102012021201210212010210121021
0102101202102012021201210212021012010210
0102101202102012021201210212021012102010
0102101202102012021201210212021020120210
0102101202102012021201210212021020121021
0102101202102012101201021012102120102101
0102101202102012101201021012102120121012
0102101202102012101201021202101201020120
0102101202102012101201021202101201020121
0102101202102012101202120102012021012010
0102101202102012101202120102101202102010
0102101202102012101202120102101210212012
0102101202102012101202120121020102120121
0102101202102012101202120121020120210120
0102101202102012101202120121020120210121
0102101202102012102120102012021012010210
0102101202102012102120102012021020121021
0102101202102012102120102012101201021201
0102101202102012102120102012101201021202
0102101202102012102120102012101202102010
0102101202102012102120102101201020121021
0102101202102012102120102101202102010210
0102101202102012102120102101202102010212
0102101202102012102120102101202120121021
0102101202102012102120102101210201021202
0102101202102012102120121012010210120210
0102101202102012102120121012010210121020
0102101202102012102120121012010210121021
0102101202102012102120121012021020120212
0102101202102012102120210120102120121021
0102101202102012102120210121020102101202
0102101202102012102120210201021012021020
0102101202120102012021012102120102101201
0102101202120102012102120102101202102010
0102101202120102101210201021201210201202
0102101202120102101210201021202102012101
0102101202120102101210201021202102012102
0102101202120121020102120121012010210120
0102101202120121020102120121012010210121
0102101202120121020102120121012021020120
0102101202120121020102120121012021201020
0102101202120121021201021012021020121021
0102101202120121021202102012021012010210
0102101202120121021202102012101202102010
0102120102012021201210201202101201020120
0102120102012021201210201202101201021201
0102120102012021201210212021020120210120
0102120102012021201210212021020120212010
0102120102012021201210212021020120212012
0102120121012021201020120210120102012101
0102120121012021201020120210120102120121
0102120121012021201020120210121020120212
0102120121012021201020120210121021201021
0102120121012021201020121012010212012101
0102120121012021201020121012021020121021
0102120121012021201021012021020121021202
0102120121020120212012101201021012021020
0102120121021202102012021201210212010210
0102120210120102120121020120210120102101
0102120210121020120210120102101210212012
0102120210121020120210120102120121020120
0102120210121020120210120102120210121020
0102120210121020120210120102120210121021
0102120210121021201020120210121020120212
0102120210201202101201021201210201202102
0102120210201202120121020102101201021201
0102120210201202120121021201020120210120
0102120210201202120121021201021012021020
0102120210201202120121021201021012102010
0102120210201202120121021202101201020120
0102120210201202120121021202101201021201
0102120210201202120121021202102010212010
0102120210201210120210201021012010212012
0102120210201210120210201021201210120212
0102120210201210120210201021201210201202
0102120210201210212010210120210201210212
0120102120121012010201202101210201202120
0120102120121012010201202102010210120210
0120102120121012010210120210201210120212
0120102120121012010210120210201210212012
0120102120121012010210121020102120210121
0120102120121012010210121021201210120212
0120102120121012010210121021201210201202
0120102120121012010210121021202102012102
0120102120121012021020121021201020121012
0120102120121012021201020120210121020120
0120102120121012021201020121012010212012
0120102120121012021201021012021020121021
0120102120121020102120210120102120121021
0120102120121020102120210121020102101202
0120102120121020102120210201202101201020
0120102120121020102120210201202120121021
0120102120121020102120210201210120210201
0120102120121020102120210201210120212012
0120102120121020102120210201210212010210
0120102120121020120210120102101210201202
0120102120121020120210120102101210212012
0120102120121020120210120102120121021202
0120102120121020120210120102120210121020
0120102120121020120210120102120210121021
0120102120121020120210121020102101201021
0120102120121020120210121020102101202102
0120102120121020120210121020102120121021
0120102120121020120210121020102120210121
0120102120121020120210201021012010212012
0120102120121020120212010201210212010210
0120102120121020120212012101201021201210
0120102120121021202101201021201210201202
0120102120121021202101210201202101201020
0120102120121021202102012021012010212012
0120102120121021202102012021201210201202
0120102120121021202102012021201210212010
0120102120121021202102012021201210212021
0120102120121021202102012101202102010210
0120102120121021202102012101202102010212
0120102120210120102012101202120121020120
0120102120210121020120210120102120121021
0120102120210121020120210120102120210121
0120102120210201202101201021201210201202
0120102120210201202120121020102101201021
0120102120210201202120121020102120121012
0120102120210201202120121021202101201020
0120102120210201202120121021202102012102
0120102120210201210120210201021012010201
0120210120102120210121021201020120210120
0121012010210120210201210212010210120210
0121012010210120210201210212010210121021
0121012010210121021201020120210201210212
0121012010210121021201020121021202101201
0121012010210121021201210120102101202102
0121012010210121021201210120210201021202
0121012010210121021201210120210201210212
0121012010210121021201210201202101201020
0121012010212021012010201202101210212012
0121012010212021012010201202102010212012
0121012010212021012010201202120121020120
0121012010212021012010201210212010210121
0121012010212021012010201210212021020120
0121012021201021012021020102101210212012
0121012021201021012021020120212012102012
0121012021201021012021020121012010212012
0121012021201021012021020121012021201020
0121021201020121021202101210201202101201
0121021201021012102120210201202101201020
0121021201021012102120210201202120121021
0121021201021012102120210201210212010210
01020120210121020120212010201210212010210
01020120210121020120212010210121021201021
01020120210121020120212012101201021201210
01020120210121020120212012102010212012101
01020120210121020120212012102120102101201
01020120210201021012021201210212010210121
01020120210201021012021201210212021020120
01020120210201210212010210120210201202120
01020121012021020121021201020121012010210
01020121012021020121021201020121012010212
01020121012021020121021201020121012021020
01020121012021020121021201021012021020120
01020121012021020121021201021012021201020
01020121012021020121021201210120102101210
01020121012021020121021201210120102120121
01020121012021020121021202101210201021202
01020121012021020121021202102010210120210
01021012010212021020120210120102120121021
01021012021020102101201020120210201021202
01021012021020102101201020120210201210212
01021012021020102101201020120212012102012
01021012021020102101201020121012021201020
01021012021020102101201021201210201021202
01021012021020102101201021201210201202102
01021012021020102101210212010201210212021
01021012021020102101210212012101201021201
01021012021020102120121020120210121020102
01021012021020102120210120102120121020120
01021012021020102120210121020102101202102
01021012021020102120210121021201020121021
01021012021020120212010201210212010210121
01021012021020120212012102010212012101201
01021012021020120212012102010212012101202
01021012021020120212012102120102101202102
01021012021020120212012102120210201202101
01021012021020120212012102120210201202120
01021012021020120212012102120210201210212
01021012021020121012021201020121012010212
01021012021020121012021201021012021020120
01021012021020121012021201210201021201210
01021012021020121012021201210201021202102
01021012021020121012021201210201202101201
01021012021020121012021201210212010210121
01021012021020121012021201210212021020120
01021012021020121021201020121012010210120
01021012021020121021201020121012010212012
01021012021020121021201020121012021020120
01021012021020121021201020121012021201020
01021012021020121021201021012010201202102
01021012021020121021201021012010201210212
01021012021020121021201021012021201020120
01021012021020121021201021012021201020121
01021012021020121021201210120102101202102
01021012021020121021201210120210201202120
01021012021020121021202101210201202101201
01021012021020121021202102010210120210201
01021012021201020121021201021012021020120
01021012021201020121021201021012021201020
01021012021201021012102010212021020121021
01021012021201210201021201210120102101210
01021012021201210212010210120210201210212
01021012021201210212021020120212010210121
01021012021201210212021020120212012102012
01021012021201210212021020121012010210120
01021012021201210212021020121012021020102
01021201020120212012102012021012010212012
01021201020120212012102012021012102010210
01021201020120212012102012021012102010212
01021201020120212012102012021020102101201
01021201020120212012102120210201202101201
01021201210120212010201202101210201021202
01021201210120212010201202101210201202120
01021201210120212010201202101210212010210
01021201210120212010201202102010210120210
01021201210120212010201210120102120121021
01021201210120212010201210120102120210121
01021201210120212010201210120210201210212
01021201210120212010201210212010210120210
01021201210120212010201210212010210121021
01021201210120212010201210212021012102010
01021201210120212010210120210201210120212
01021201210120212010210120210201210212012
01021201210120212010210121020102120210121
01021201210201202120121012010212012102010
01021201210201202120121012010212012102012
01021201210201202120121012021020102101201
01021201210212021020120212012102120102101
01021202101201021201210201202101201020120
01021202101201021201210201202101201021012
01021202101210201202101201020120212010212
01021202101210201202101201021201210120212
01021202101210201202101201021201210201202
01021202101210201202101201021202102012102
01021202101210212010201202101210201202120
01021202102012021201210201021012010212012
01021202102012021201210201021201210120212
01021202102012021201210212010201202101201
01021202102012021201210212021012010212012
01021202102012021201210212021020102101201
01021202102012101202102010210120102012101
01021202102012101202102010210120102120121
01021202102012101202102010210121021201021
01021202102012101202102010212012101201020
01021202102012101202102010212012101202120
01021202102012101202102010212021012102010
01201021201210120102012021012010212012101
01201021201210120102012021020102101201021
01201021201210120102012021020102101202102
01201021201210120102101202102012101202120
01201021201210120102101210201202101201020
01201021201210120102101210201202120121021
01201021201210120102101210212010201202102
01201021201210120102101210212012101202102
01201021201210120102101210212021020121021
01201021201210120210201021202101201020120
01201021201210120210201021202101201021201
01201021201210120210201021202101210212010
01201021201210120210201202120121021202101
01201021201210120210201202120121021202102
01201021201210120210201210212010210120210
01201021201210120210201210212010210121021
01201021201210120210201210212021012102010
01201021201210120212010201202101201021201
01201021201210120212010201202101201021202
01201021201210120212010201202101210201202
01201021201210120212010201210120102120121
01201021201210120212010201210212010210121
01201021201210120212010210120210201021202
01201021201210120212010210120210201210212
01201021201210201021012010201202102010210
01201021201210201021012010201202102010212
01201021201210201021012010201202102012102
01201021201210201021012021201021012102010
01201021201210201021202101201020120210120
01201021201210201021202101210201202101201
01201021201210201021202101210212010210121
01201021201210201021202102012021012010210
01201021201210201021202102012101201021201
01201021201210201021202102012101202102010
01201021201210201021202102012102120102101
01201021201210201021202102012102120210121
01201021201210201202101201020120212010212
01201021201210201202101201021201210120212
01201021201210201202101201021201210212021
01201021201210201202101201021202102012102
01201021201210201202101210201021012021020
01201021201210201202101210212010210120210
01201021201210201202101210212010210120212
01201021201210201202102010210120102012101
01201021201210201202102010210120102120121
01201021201210201202120102012101201021201
01201021201210201202120102012101201021202
01201021201210201202120102012102120102101
01201021201210201202120102101202102010210
01201021201210201202120102101202102012102
01201021201210201202120102101210201021202
01201021201210201202120121012010210120210
01201021201210212021012010201202102010210
01201021201210212021012010201202102010212
01201021201210212021012010201202102012102
01201021201210212021012102012021012010210
01201021201210212021020102101202102012101
01201021201210212021020102101202102012102
01201021201210212021020120210120102012101
01201021201210212021020120210120102120121
01201021201210212021020120212010210120210
01201021201210212021020120212010210121021
01201021201210212021020120212012101202101
01201021201210212021020121012010210120210
01201021202101201020121012021020121021202
01201021202101201020121012021201210201202
01201021202101210201202101201021202101210
01201021202101210212010201202101201021201
01201021202101210212010201202101201021202
01201021202102012021201210212010210120210
01201021202102012021201210212010210121021
01201021202102012021201210212021012010210
01201021202102012021201210212021012102010
01201021202102012021201210212021020121021
01201021202102012101202102010212012101201
01201021202102012101202102010212012102012
01202101201021202101210201202101201020120
01202101201021202101210201202101201021201
01202101201021202101210212010201202101201
01210120102101202102012102120102101201020
01210120102101202102012102120102101202102
01210120102101202120121021201021012021020
01210120102101210212010201210212021012010
01210120102101210212010201210212021020120
01210120102101210212012101201020120210120
01210120102101210212012101201021012021020
01210120102101210212012101202120102012101
01210120102101210212012102012021012010210
01210120102101210212012102012021012102010
01210120102120210120102012021020102101201
01210120102120210120102012021020102120121
01210120102120210120102012021020121021202
01210120102120210120102012021201210201202
01210120102120210120102012101202120121020
01210120102120210120102012102120102101201
01210120102120210120102012102120210121020
01210120102120210120102012102120210121021
01210120212010210120210201202120121020120
01210120212010210120210201202120121021201
01210120212010210120210201210120102120121
01210120212010210120210201210120212010210
01210120212010210120210201210212010210121
01210120212012102010210120212010210121020
01210120212012102010210120212010210121021
01210212010201210212021012102010210120210
01210212010201210212021012102010210120212
01210212010201210212021012102012021012010
01210212010210121021202101201020120210120
01210212010210121021202102010210120210201
01210212010210121021202102012021012010210
01210212010210121021202102012101202102010
01210212010210121021202102012102120102101
01210212012102010210120102120121020120212
01210212012102012021012010212012102010210
01210212012102012021012010212012102010212
010201202101210201202120102012101201021201
010201202101210201202120102012101201021202
010201202101210201202120102012102120102101
010201202101210201202120102101202102010210
010201202101210201202120102101202102012102
010201202101210201202120102101210201021202
010201202101210201202120102101210212012101
010201202101210201202120102101210212012102
010201202101210201202120121020102101201021
010201202101210201202120121020102120121012
010201202101210201202120121021202101201020
010201202101210201202120121021202102012102
010201202102010210120212010201210212010210
010201202102010210120212010210121020120212
010201202102010210120212010210121021201021
010201202102010210120212012101201021201210
010201202102010210120212012102010212012101
010201202102010210120212012102120102101201
010201202102012101201021012021020121021202
010201202102012102120102101202102012101201
010201202102012102120102101202102012101202
010201210120210201210212010201202101201020
010201210120210201210212010201202102012102
010201210120210201210212010201210120210201
010201210120210201210212010201210120212012
010201210120210201210212010210120210201202
010201210120210201210212010210120212010201
010201210120210201210212021012010212012101
010201210120210201210212021020102101201021
010201210120210201210212021020102101202102
010201210120212010210120210201210120212010
010210120102120121020120210120102120210120
010210120102120121020120210120102120210121
010210120210201021012010201202101210212012
010210120210201021012010201202102010212012
010210120210201021012010201202120121020120
010210120210201021012010201210212010210121
010210120210201021012010201210212021020120
010210120210201021012010212012102010212021
010210120210201021012102120102101202102010
010210120210201021012102120121012010210120
010210120210201021012102120121012010212012
010210120210201021201210120212010201202101
010210120210201021201210120212010210120210
010210120210201021201210120212010210121021
010210120210201021201210201202101201020120
010210120210201021201210201202101201021201
010210120210201021201210201202120102012101
010210120210201021201210212021020120212010
010210120210201021201210212021020120212012
010210120210201021202101201021201210120212
010210120210201021202101201021201210201202
010210120210201021202101210201021012021020
010210120210201021202101210201202101201020
010210120210201021202101210212010201210212
010210120210201021202101210212010210120210
010210120210201021202101210212010210120212
010210120210201202120102012102120102101201
010210120210201202120102101210212012101201
010210120210201202120102101210212012101202
010210120210201202120102101210212012102012
010210120210201202120121012010212012102010
010210120210201202120121012010212012102012
010210120210201202120121012021020121021202
010210120210201202120121020102101201021201
010210120210201202120121021201021012021020
010210120210201202120121021201021012102010
010210120210201202120121021202101201020120
010210120210201202120121021202101201021201
010210120210201202120121021202102010212010
010210120210201210120102101210212012101201
010210120210201210120102101210212012101202
010210120210201210120102101210212012102012
010210120210201210120102120210120102012101
010210120210201210120212010201202101201020
010210120210201210120212010201210212010210
010210120210201210120212010210120102012101
010210120210201210120212010210121021201021
010210120210201210120212012102010210120210
010210120210201210120212012102010212012101
010210120210201210120212012102012021012010
010210120210201210120212012102012021201020
010210120210201210120212012102120102101201
010210120210201210212010201202101201021201
010210120210201210212010201202101201021202
010210120210201210212010201210120102120121
010210120210201210212010210120210201021202
010210120210201210212010210120212012102012
010210120210201210212010210121021202101202
010210120210201210212012101201021012021020
010210120210201210212012101201021012102010
010210120210201210212021012010201210120212
010210120210201210212021012010212012101201
010210120210201210212021012010212012102012
010210120210201210212021012102010210120210
010210120210201210212021012102010210120212
010210120210201210212021012102012021012010
010210120210201210212021020102101201021201
010210120212010201202101210212010210120210
010210120212010201202101210212010210120212
010210120212010201210212010210120212010201
010210120212010210121020102120121020120212
010210120212010210121020102120210201210212
010210120212012102010212012101202102010210
010210120212012102010212012101202102012102
010210120212012102120210201202101201020120
010210120212012102120210201202101201021201
010210120212012102120210201202120102012101
010210120212012102120210201202120102101201
010210120212012102120210201202120121020120
010212010201202120121020120210120102012101
010212010201202120121020120210120102120121
010212010201202120121020120210121021201021
010212010201202120121021202102012021012010
010212010201202120121021202102012021201020
010212012101202120102012021012010212012101
010212012101202120102012021012102120102101
010212012101202120102012021020102101201021
010212012101202120102012021020102101202102
010212012101202120102012101201021202101201
010212012101202120102012102120102101202102
010212012101202120102101202102012101202120
010212012102012021201210120102101202102010
010212012102012021201210120102101210212012
010212012102012021201210120102120121020120
010212021012010212012102012021012010210121
010212021012102012021012010201202120121021
010212021012102012021012010210121021201021
010212021012102012021012010212021012102010
010212021012102012021012010212021012102012
010212021012102012021012010212021020121021
010212021020120210120102120121020120210120
010212021020120210120102120121020120212012
010212021020120212012102010210120102120121
010212021020120212012102010212012101202102
010212021020120212012102120102012021012010
010212021020120212012102120102101202102010
010212021020120212012102120210120102012101
010212021020120212012102120210120102120121
010212021020121012021020102101201020121021
010212021020121012021020102101202120121021
010212021020121012021020102101210212010210
010212021020121012021020102120121012010210
010212021020121012021020102120121020120212
012010212012101201020120210120102120121021
012010212012101201020120210120102120210121
012010212012101201020120210121020120212010
012010212012101201020120210121020120212012
012010212012101201020120210201021012010201
012010212012101201020120210201021012021020
012010212012101201021012021020102120210121
012010212012101201021012021020121021201021
012010212012101201021012021020121021202102
012010212012101201021012102010212021020121
012010212012101201021012102012021012010210
012010212012101201021012102120121012021020
012010212012101201021012102120121020120212
012010212012101201021012102120210201210212
012010212012101202102010212021012010212012
012010212012101202102012102120102012101201
012010212012101202102012102120102012101202
012010212012101202102012102120102101202102
012010212012101202102012102120121012010210
012010212012101202120102012021012010212012
012010212012101202120102012021012102010210
012010212012101202120102012021012102012021
012010212012101202120102012021020102101201
012010212012101202120102012102120102101201
012010212012102010210120102012021020121021
012010212012102010210120212010210121020120
012010212012102010212021012010201202102010
012010212012102010212021012010201202102012
012010212012102010212021012010201210120212
012010212012102010212021012010212012101201
012010212012102010212021012010212012102012
012010212012102010212021012102010210120210
012010212012102010212021012102010210120212
012010212012102010212021012102012021012010
012010212012102010212021012102120102012101
012010212012102010212021012102120102101201
012010212012102010212021020120212012102012
012010212012102010212021020121012010212012
012010212012102010212021020121012021020102
012010212012102010212021020121012021201020
012010212012102012021012010201202120121021
012010212012102012021012010210121020120212
012010212012102012021012010210121021201021
012010212012102012021012010212021012102010
012010212012102012021012010212021020120210
012010212012102012021012010212021020121021
012010212012102012021012102010212012101201
012010212012102012021012102010212012102012
012010212012102012021012102010212021020121
012010212012102012021012102120102101202102
012010212012102012021012102120121012010210
012010212012102012021020102101201020121021
012010212012102012021020102101202120121021
012010212012102012021020102120121012010210
012010212012102012021201020121012010212012
012010212012102012021201021012021020121021
012010212012102012021201021012102010212012
012010212012102012021201210120102101202102
012010212012102012021201210120102120121020
012010212012102012021201210120102120121021
012010212012102120210120102012021020121021
012010212012102120210120102120121020120212
012010212012102120210201021012021020121021
012010212012102120210201202120102101202102
012010212012102120210201202120121021201020
012010212012102120210201202120121021201021
012010212012102120210201210120102101202102
012010212012102120210201210120210201021202
012010212021012010201210120210201210212012
012010212021012010201210120212010201202101
012010212021012102012021012010201210120212
012010212021012102012021012010212012101201
012010212021012102012021012010212012102012
012010212021012102012021012010212021012102
012010212021012102120102012021012010212012
012010212021020120210120102120121020120212
012010212021020120212012102010212012101201
012010212021020120212012102010212012101202
012010212021020120212012102120102101202102
012010212021020120212012102120210201210212
012010212021020121012021020102101201020120
012010212021020121012021020102101201020121
012010212021020121012021020102101201021201
012010212021020121012021020102120121020120
012021012010212012102010212021012010212012
012021012010212021012102012021012010212012
012021012010212021012102012021020102101201
012021012010212021012102120102012021012010
012021201020121021201021012021201020121021
012101201021012021020121021201021012010201
012101201021012021020121021201021012102010
012101201021012102120102012021020102101201
012101201021012102120102012021020121021202
012101201021012102120121012010201202101201
012101201021012102120121012010212021020120
012101201021012102120121012021020102101201
012101201021012102120121012021020121021202
012101201021012102120121020120210121020102
012101201021202101201020120210121020120212
012101201021202101201020120210201210212012
012101201021202101201020120212012102012021
012101201021202101201020121012021020121021
012101201021202101201020121021202102012102
012101202120102101202102010210121021201021
012101202120102101202102010212021012102010
012101202120102101202102012021201210201202
012101202120102101202102012021201210212021
012101202120102101202102012101202120102101
012101202120102101202102012101202120121020
012101202120102101202102012101202120121021
012101202120102101202102012102120102012101
012101202120102101202102012102120102101201
012102010212021012010212012102010212021012
012102120102012101202102012102120102012101
012102120102012102120210120102101210212012
012102120102012102120210121020102101202102
012102120102101210212021012010201202102010
012102120102101210212021012010201202102012
012102120102101210212021020120212012102012
012102120102101210212021020121012021020102
012102120121020102101201021201210201202102
0102012021012102010212012102012021012102010
0102012021012102012021201020121012010212012
0102012021012102012021201021012010201202102
0102012021012102012021201021012021020121021
0102012021012102012021201021012102010212012
0102012021012102012021201021012102120121012
0102012021012102012021201021012102120210121
0102012021012102012021201210120102120121020
0102012021012102012021201210120102120121021
0102012021012102012021201210212010210120210
0102012021012102012021201210212010210121021
0102012021012102012021201210212021012010210
0102012021012102012021201210212021012102010
0102012021012102012021201210212021020120210
0102012021012102012021201210212021020121021
0102012021020102101202120102012102120102101
0102012021020102101202120102101210201021202
0102012021020102101202120102101210201202102
0102012021020102101202120102101210212012101
0102012021020102101202120102101210212012102
0102012021020102101202120121020102120121012
0102012021020102101202120121021202102012102
0102012021020121012010210120210201210212012
0102012021020121021201021012021020120212010
0102012021020121021201021012021020120212012
0102012101202102012102120102012021012010210
0102012101202102012102120102012021020121021
0102012101202102012102120102012101201021201
0102012101202102012102120102012101201021202
0102012101202102012102120102012101202102010
0102012101202102012102120102101201020121021
0102012101202102012102120102101202102010210
0102012101202102012102120102101202102012021
0102012101202102012102120102101202120121021
0102012101202102012102120102101210201021202
0102012101202102012102120121012010210120210
0102012101202102012102120121012010210121020
0102012101202102012102120121012010210121021
0102012101202102012102120210120102120121021
0102012101202102012102120210121020102101202
0102012101202102012102120210201021012021020
0102012101202120102101202102012101202120102
0102101201021201210201202101201021202101210
0102101201021201210201202101201021202102010
0102101201021202102012021012010212012101201
0102101201021202102012021012010212012102012
0102101202102010210120102012021020102120121
0102101202102010210120102012021020121021202
0102101202102010210120102012021201210201202
0102101202102010210120102012101202120121020
0102101202102010210120102012102120102101201
0102101202102010210120102120121012021201020
0102101202102010210120102120121020120210120
0102101202102010210120102120121020120212012
0102101202102010210121021201020121021202101
0102101202102010210121021201020121021202102
0102101202102010210121021201021012021020120
0102101202102010210121021201021012021201020
0102101202102010210121021201210120102101210
0102101202102010210121021201210120102120121
0102101202102010212012101202120102101202102
0102101202102010212012102012021012010212012
0102101202102010212012102012021012102010210
0102101202102010212012102012021012102010212
0102101202102010212012102012021020102101201
0102101202102010212021012102012021012010210
0102101202102010212021012102120102012101201
0102101202102010212021012102120102012102120
0102101202102010212021012102120102101202102
0102101202102010212021012102120121012010210
0102101202102012021201021012102120121020120
0102101202102012021201210120102120121020120
0102101202102012021201210120210201210212012
0102101202102012021201210201021012010212012
0102101202102012021201210201021201210120212
0102101202102012021201210212021012010212012
0102101202102012021201210212021020120210120
0102101202102012021201210212021020120210121
0102101202102012101201021012102120121020120
0102101202102012101201021202101201020121021
0102101202102012101202120102012021012010210
0102101202102012101202120102012021012102010
0102101202102012101202120102012101201021201
0102101202102012101202120102012101201021202
0102101202102012101202120102012102120102101
0102101202102012101202120102101202102010210
0102101202102012101202120102101202102012102
0102101202102012101202120102101210201021202
0102101202102012101202120102101210212012101
0102101202102012101202120102101210212012102
0102101202102012101202120121020102101202102
0102101202102012101202120121020102120121012
0102101202102012101202120121020102120210121
0102101202102012101202120121021202102012102
0102101202102012102120102012021012010212012
0102101202102012102120102012021020102101201
0102101202102012102120102012101202102010210
0102101202102012102120102012101202102012102
0102101202102012102120102012101202120121020
0102101202102012102120102101201020120210120
0102101202102012102120102101201020121021202
0102101202102012102120102101202102010212012
0102101202102012102120102101202120102012101
0102101202102012102120102101202120121020120
0102101202102012102120102101202120121021201
0102101202102012102120102101210212021020120
0102101202102012102120121012010210121020120
0102101202102012102120121012010212021020120
0102101202102012102120121012021020102101201
0102101202102012102120121012021020120212010
0102101202102012102120121012021020120212012
0102101202102012102120210120102012101202102
0102101202102012102120210120102120121020120
0102101202102012102120210121020102101202102
0102101202102012102120210201021012010212012
0102101202102012102120210201021012021020120
0102101202102012102120210201021012021020121
0102101202120102012021012102120102101202102
0102101202120102012102120102101202102010210
0102101202120102012102120102101202102012102
0102101202120102012102120102101210201021202
0102101202120102101210201021201210201202102
0102101202120102101210201021202101210212010
0102101202120121020102120121012010210120210
0102101202120121020102120121012010210121020
0102101202120121020102120121012010210121021
0102101202120121020102120121012021020121021
0102101202120121021201021012021020121021202
0102101202120121021202102012021012010212012
0102101202120121021202102012021201210201202
0102101202120121021202102012101202102010210
0102101202120121021202102012101202102010212
0102101202120121021202102012101202120121021
0102101210201021201210201202101210201021202
0102120102012021201210201202101210201021202
0102120102012021201210201202101210212010210
0102120102012021201210201202102010210120210
0102120102012021201210212021020120212010210
0102120121012021201020120210120102120121021
0102120121012021201020120210120102120210121
0102120121012021201020120210121020102101201
0102120121012021201020120210121020102101202
0102120121012021201020120210121020120212010
0102120121012021201020120210121020120212012
0102120121012021201020120210201021012010201
0102120121012021201020120210201021012021020
0102120121012021201020121012010212012102010
0102120121012021201020121012010212012102012
0102120121012021201020121012010212021012010
0102120121012021201020121012021020121021202
0102120121012021201020121021201021012021020
0102120121012021201020121021201021012102010
0102120121012021201021012021020102120210121
0102120121012021201021012021020121021201021
0102120121012021201021012021020121021202102
0102120121012021201021012102010212021020121
0102120121020120212012101201020120210120102
0102120121020120212012101201021012021020120
0102120121020120212012101201021201210201202
0102120121020120212012101201021202101201020
0102120121020120212012101202102010210120210
0102120121021202102012021201210212010210121
0102120210120102120121020120210120102012101
0102120210120102120121020120210120102101210
0102120210121020102120121020120210121020102
0102120210121020120210120102101210212010210
0102120210121020120210120102101210212012102
0102120210121020120210120102120121020120212
0102120210121020120210120102120210121020102
0102120210121020120210120102120210121021202
0102120210121020120210120102120210201210212
0102120210121020120210201021012010201202102
0102120210121021201020120210121020120212010
0102120210121021201020120210121020120212012
0102120210201202101201021201210201202101201
0102120210201202101201021201210201202102010
0102120210201202101210201021201210201202102
0102120210201202101210212012102012021012010
0102120210201202120121020102120121012010210
0102120210201202120121020102120121012021020
0102120210201202120121021201021012021020120
0102120210201202120121021201021012021201020
0102120210201202120121021202101210201021202
0102120210201202120121021202102010210120210
0102120210201210120210201021012010201202102
0102120210201210120210201021012010201210212
0102120210201210120210201021012010212012101
0102120210201210120210201021012102120102101
0102120210201210120210201021201210120212010
0102120210201210120210201021201210120212012
0102120210201210120210201021201210201202102
0102120210201210120210201021202101210212010
0120102012101202102012102120102012101202102
0120102101202102012101202120102101202102010
0120102101202102012101202120102101202102012
0120102120121012010201202101201021202101210
0120102120121012010210120210201202120121021
0120102120121012010210120210201210120212010
0120102120121012010210120210201210120212012
0120102120121012010210120210201210212010210
0120102120121012010210120212010201210212012
0120102120121012010210121020102120121020120
0120102120121012010210121020120212012102012
0120102120121012010210121021201020121021202
0120102120121012010210121021201210201021202
0120102120121012010210121021201210201202102
0120102120121012010210121021202102012102120
0120102120121012021020102120210120102012101
0120102120121012021020102120210120102120121
0120102120121012021020102120210121021201020
0120102120121012021020102120210121021201021
0120102120121012021020120212012102120210121
0120102120121012021020121021201020120210120
0120102120121012021020121021201021012021020
0120102120121012021020121021201021012102010
0120102120121012021020121021202102010212010
0120102120121012021201020120210120102012101
0120102120121012021201020120210120102120121
0120102120121012021201020120210121020120212
0120102120121012021201020120210121021201021
0120102120121012021201020121012010212012101
0120102120121012021201020121012021020121021
0120102120121012021201021012021020121021202
0120102120121020102101201020120210201021202
0120102120121020102101201020120210201210212
0120102120121020102101202120102101210201202
0120102120121020102101202120102101210212012
0120102120121020102120210120102012021020102
0120102120121020102120210120102101210212012
0120102120121020102120210120102120121020120
0120102120121020102120210121020102101202102
0120102120121020102120210121021201020121021
0120102120121020102120210201202101201020120
0120102120121020102120210201202101201021201
0120102120121020102120210201202120121020120
0120102120121020102120210201202120121021201
0120102120121020102120210201210120102120121
0120102120121020102120210201210212010210121
0120102120121020120210120102101210201021202
0120102120121020120210120102101210201202102
0120102120121020120210120102101210212010210
0120102120121020120210120102101210212012102
0120102120121020120210120102120121021202101
0120102120121020120210120102120121021202102
0120102120121020120210120102120210121020120
0120102120121020120210120102120210201210212
0120102120121020120210121020102101201021201
0120102120121020120210121020102101202102010
0120102120121020120210121020102120121020120
0120102120121020120210121021201020121021202
0120102120121020120210121021201021012021020
0120102120121020120210121021201021012102010
0120102120121020120210201021012010201202102
0120102120121020120210201021012010201210212
0120102120121020120210201021012010212012101
0120102120121020120212010201210120102120121
0120102120121020120212010201210212010210121
0120102120121020120212010210120210201021202
0120102120121020120212010210120210201210212
0120102120121020120212010210121020102120121
0120102120121020120212012101201021012021020
0120102120121021202101201020120210201021202
0120102120121021202101201020120210201210212
0120102120121021202101201021201210201021202
0120102120121021202101201021201210201202102
0120102120121021202101210201202101201020120
0120102120121021202101210201202101201021201
0120102120121021202101210201202120102012101
0120102120121021202102010210120210201210212
0120102120121021202102012021012010212012101
0120102120121021202102012021201021012021020
0120102120121021202102012021201021012102010
0120102120121021202102012021201210212010210
0120102120121021202102012101201021012021020
0120102120121021202102012101202102010212012
0120102120210120102012101202120102101202102
0120102120210120102012101202120121020120212
0120102120210121020120210120102101210212012
0120102120210121020120210120102120121020120
0120102120210121020120210120102120210121021
0120102120210121021201020120210120102012101
0120102120210121021201020120210120102120121
0120102120210121021201020120210121020120212
0120102120210201202101201021201210201021202
0120102120210201202101201021201210201202102
0120102120210201202120121020102101201021201
0120102120210201202120121021201020120210120
0120102120210201202120121021201021012021020
0120102120210201202120121021201021012102010
0120102120210201202120121021202101201020120
0120102120210201202120121021202101201021201
0120102120210201202120121021202102010212010
0120102120210201210120210201021012010212012
0120102120210201210120210201021201210120212
0120102120210201210120210201021201210201202
0120102120210201210212010210120210201210212
0120210120102120121020102120210120102120121
0120210120102120210121020120210120102012101
0120210120102120210121020120210120102120121
0121012010210120210201210212010210120212010
0121012010210120210201210212010210120212012
0121012010210120212010201210212010210120210
0121012010210120212012102120102101202102010
0121012010210121021201020120210121020120212
0121012010210121021201020120210201210212012
0121012010210121021201020120212012102012021
0121012010210121021201020121012021020121021
0121012010210121021201020121021202101201020
0121012010210121021201020121021202102012102
0121012010210121021201210120102012021012010
0121012010210121021201210120102101202102010
0121012010210121021201210120210201210212012
0121012010210121021201210120212010201202101
0121012010210121021201210201202101201020120
0121012010210121021201210201202101201021201
0121012010210121021201210201202120102012101
0121012010212021012010201202101210201202120
0121012010212021012010201202101210212012102
0121012010212021012010201202102010210120210
0121012010212021012010201202102010212012101
0121012010212021012010201210120210201210212
0121012010212021012010201210120212012102010
0121012010212021012010201210120212012102012
0121012010212021012010201210212010210120210
0121012010212021012010201210212010210121021
0121012010212021012010201210212021012102010
0121012010212021012010201210212021020120210
0121012010212021012010201210212021020120212
0121012021201020121021201021012021201020120
0121012021201020121021201021012021201020121
0121012021201021012021020102101210212010210
0121012021201021012021020102101210212012102
0121012021201021012021020102120121020120212
0121012021201021012021020121012010210120210
0121012021201021012021020121012010212012101
0121012021201021012021020121012021201020120
0121012021201021012021020121012021201020121
0121012021201021012021020121021201020121012
0121012021201021012021020121021201021012010
0121012021201210201021012021201021012102010
0121020102120210120102120121020102120210121
0121021201020121021202101210201021012021020
0121021201020121021202101210201202101201020
0121021201021012102120210120102012021020102
0121021201021012102120210201021012021020120
0121021201021012102120210201021012021020121
0121021201021012102120210201202101201020120
0121021201021012102120210201202101201021201
0121021201021012102120210201202120121020120
0121021201021012102120210201202120121021201
0121021201021012102120210201210212010210121
0121021201210201202101201021201210201021201
0121021201210201202101201021201210201021202
01020120210121020120212010201210120102120121
01020120210121020120212010201210212010210121
01020120210121020120212010210120210201021202
01020120210121020120212010210120210201210212
01020120210121020120212010210121020102120121
01020120210121020120212012102010212012101201
01020120210121020120212012102010212012101202
01020120210121020120212012102120102101202102
01020120210121020120212012102120210201202120
01020120210121020120212012102120210201210212
01020120210201021012021201021012102120121012
01020120210201021012021201210120102120121020
01020120210201021012021201210120102120121021
01020120210201021012021201210212010210120210
01020120210201021012021201210212010210121021
01020120210201021012021201210212021020120210
01020120210201021012021201210212021020121021
01020120210201210212010210120210201210120210
01020120210201210212010210120210201210120212
01020121012021020121021201020121012010210120
01020121012021020121021201020121012010212012
01020121012021020121021201020121012021020102
01020121012021020121021201020121012021201020
01020121012021020121021201021012010201202102
01020121012021020121021201021012010201210212
01020121012021020121021201021012021020120212
01020121012021020121021201021012021201020120
01020121012021020121021201021012021201020121
01020121012021020121021201210120102101202102
01020121012021020121021202101210201202101201
01020121012021020121021202102010210120210201
01020121012021201021012021020121012021201020
01021012010212012102010212021012010212012101
01021012010212012102010212021012010212012102
01021012010212012102012021012010212021020120
01021012010212021020120210120102120121020120
01021012021020102101201020120210121020120212
01021012021020102101201020120210201210120212
01021012021020102101201020120210201210212012
01021012021020102101201020120212012102012021
01021012021020102101201020121012021020121021
01021012021020102101201020121021202102012102
01021012021020102101201021201210201021202101
01021012021020102101201021201210201021202102
01021012021020102101201021201210201202101201
01021012021020102101201021201210212021020120
01021012021020102101201021202101210201202102
01021012021020102101210212010210120212010201
01021012021020102120121012021201020120210120
01021012021020102120121012021201020120210121
01021012021020102120121012021201021012021020
01021012021020102120121012021201021012102010
01021012021020102120121020120210120102012101
01021012021020102120121020120210120102120121
01021012021020102120121020120210121021201021
01021012021020102120121020120212012101202101
01021012021020102120121021202102012021201020
01021012021020102120210120102120121020120212
01021012021020102120210121020102101202102010
01021012021020102120210121020102120121020120
01021012021020102120210121021201020120210120
01021012021020102120210121021201020121021202
01021012021020102120210121021201021012021020
01021012021020102120210121021201021012102010
01021012021020120212010201210212010210120210
01021012021020120212010201210212010210121021
01021012021020120212010201210212021012102010
01021012021020120212010210121021201210120212
01021012021020120212010210121021201210201202
01021012021020120212012101201021201210201202
01021012021020120212012102010210120102120121
01021012021020120212012102010212012101202102
01021012021020120212012102120102101202102010
01021012021020120212012102120210120102012101
01021012021020120212012102120210120102120121
01021012021020120212012102120210201202101201
01021012021020121012010210121021201210120212
01021012021020121012010210121021201210201202
01021012021020121012010212021012010201202102
01021012021020121012010212021012010201210212
01021012021020121012021201020120210121020120
01021012021020121012021201020121012010212012
01021012021020121012021201021012010201202102
01021012021020121012021201021012021020121021
01021012021020121012021201021012102120121012
01021012021020121012021201210201021012021020
01021012021020121012021201210201202101201020
01021012021020121012021201210212010210120210
01021012021020121012021201210212010210121021
01021012021020121012021201210212021020120210
01021012021020121012021201210212021020121021
01021012021020121021201020120210120102012101
01021012021020121021201020120210120102120121
01021012021020121021201020120210121020120212
01021012021020121021201020121012010210120210
01021012021020121021201020121012010212012101
01021012021020121021201020121012021020121021
01021012021020121021201021012010201202101201
01021012021020121021201021012010201202102012
01021012021020121021201021012010201210120212
01021012021020121021201021012010201210212012
01021012021020121021201021012021020102120121
01021012021020121021201021012021201020121021
01021012021020121021201021012021201210201202
01021012021020121021201210120102101202102010
01021012021020121021201210120102101210201202
01021012021020121021201210120102101210212012
01021012021020121021202101201020121012021020
01021012021020121021202101201021201210120212
01021012021020121021202101201021201210201202
01021012021020121021202101210201021012021020
01021012021020121021202101210201202101201020
01021012021020121021202102010210120102120121
01021012021201020120210121021201020121021202
01021012021201020120210121021201021012021020
01021012021201020120210121021201021012102010
01021012021201020121021201021012010201202102
01021012021201020121021201021012021020121021
01021012021201021012102010212021012010212012
01021012021201021012102010212021020121021202
01021012021201210201021201210120102101202102
01021012021201210201021201210120210201021202
01021012021201210201021201210120210201210212
01021012021201210201202101201021201210201202
01021012021201210212010210120210201210120212
01021012021201210212010210120210201210212012
01021012021201210212021020120210120102012101
01021012021201210212021020120210120102120121
01021012021201210212021020120210121021201021
01021012021201210212021020120212010210120210
01021012021201210212021020120212010210121021
01021012021201210212021020120212012101202101
01021012021201210212021020121012010210120210
01021012102010212012102012021012102010212012
01021012102010212012102012021012102010212021
01021201020120212012102012021012010212012101
01021201020120212012102012021012102010212012
01021201020120212012102012021012102120102101
01021201020120212012102012021020102101201021
01021201020120212012102012021020102101202102
01021201020120212012102120210201202101201020
01021201020120212012102120210201202120102101
01021201210120212010201202101201021202101210
01021201210120212010201202101210212010210121
01021201210120212010201210120102101210212012
01021201210120212010201210120102120121020120
01021201210120212010201210120102120210120102
01021201210120212010201210120102120210121021
01021201210120212010201210120210201210212012
01021201210120212010210120210201202120121021
01021201210120212010210120210201210120212010
01021201210120212010210120210201210120212012
01021201210120212010210120210201210212010210
01021201210120212010210121020102120121020120
01021201210201202120121012010210121021201021
01021201210201202120121012010212021012010201
01021201210201202120121012021020102101201020
01021201210201202120121012021020102101201021
01021201210212021020120212012102120102012101
01021201210212021020120212012102120102101201
01021202101201021201210201202101201021202101
01021202101201021201210201202101201021202102
01021202101210201202101201020120212012102012
01021202101210201202101201020121012021201020
01021202101210201202101201021012102120102101
01021202101210201202101201021012102120121012
01021202101210201202101201021201210201021202
01021202101210201202101201021201210201202102
01021202101210201202101201021202101210212010
01021202101210201202101201021202101210212012
01021202102012021012010212012102012021020102
01021202102012021012010212012102012021201020
01021202102012021201210201021012010201202102
01021202102012021201210201021012010212012101
01021202102012021201210212010201202101201020
01021202102012021201210212010210120212010201
01021202102012021201210212021012010201202102
01021202102012021201210212021012010212012101
01021202102012021201210212021020102101201021
01021202102012021201210212021020102101202102
01021202102012021201210212021020121012010210
01021202102012101202102010210120102120121021
01021202102012101202102010210120212010210121
01021202102012101202102010210121021201021012
01021202102012101202102010212012101201021201
01021202102012101202102010212021012010212012
01201021012021020121012021201021012021020120
01201021201210120102012021012010212012101201
01201021201210120102012021012010212012102012
01201021201210120102012021012102012021201020
01201021201210120102012021020102101201020120
01201021201210120102012021020102101201020121
01201021201210120102012021020102101201021201
01201021201210120102101202102010210121020121
01201021201210120102101202102012101201021201
01201021201210120102101202102012102120102101
01201021201210120102101202102012102120210121
01201021201210120102101210201021201210201202
01201021201210120102101210201021202102012101
01201021201210120102101210201021202102012102
01201021201210120102101210201202101201020120
01201021201210120102101210201202101201021201
01201021201210120102101210201202120102012101
01201021201210120102101210201202120121021201
01201021201210120102101210201202120121021202
01201021201210120102101210212010201202102012
01201021201210120102101210212010201210212021
01201021201210120102101210212012101202102010
01201021201210120210201021202101210212010210
01201021201210120210201202120121021202101201
01201021201210120210201210212010201202101201
01201021201210120210201210212010201210120212
01201021201210120210201210212012101201021201
01201021201210120210201210212021020102101201
01201021201210120212010201202101210201021202
01201021201210120212010201202101210201202120
01201021201210120212010201202101210212010210
01201021201210120212010201202102010210120210
01201021201210120212010201210120102120121021
01201021201210120212010201210120102120210121
01201021201210120212010201210120210201210212
01201021201210120212010201210212010210120210
01201021201210120212010201210212010210121021
01201021201210120212010201210212021012102010
01201021201210120212010210120210201210120212
01201021201210120212010210120210201210212012
01201021201210120212010210121020102120210121
01201021201210201021012010201202101210212012
01201021201210201021012010201202102010212012
01201021201210201021202101201021201210120212
01201021201210201021202101201021201210201202
01201021201210201021202101210201021012021020
01201021201210201021202101210201202101201020
01201021201210201021202101210212010201210212
01201021201210201021202101210212010210120210
01201021201210201021202101210212010210120212
01201021201210201021202102012021012010212012
01201021201210201021202102012021201210201202
01201021201210201021202102012021201210212021
01201021201210201021202102012101202102010210
01201021201210201021202102012101202102010212
01201021201210201021202102012101202120121020
01201021201210201021202102012101202120121021
01201021201210201021202102012102120102012101
01201021201210201021202102012102120102101201
01201021201210201202101201020120212012102012
01201021201210201202101201020121012021201020
01201021201210201202101201021012102012021020
01201021201210201202101201021012102120102101
01201021201210201202101201021012102120121012
01201021201210201202101201021202101210201202
01201021201210201202101201021202101210212010
01201021201210201202101201021202101210212012
01201021201210201202101210201021012010212012
01201021201210201202101210201021012021020120
01201021201210201202101210201021012021201020
01201021201210201202101210201021201210120212
01201021201210201202101210201021201210201202
01201021201210201202101210201021201210212021
01201021201210201202101210201021202102012101
01201021201210201202101210201021202102012102
01201021201210201202101210212010201210212021
01201021201210201202101210212012101201021201
01201021201210201202102010210120102120121021
01201021201210201202102010210120212010210121
01201021201210201202102010210121021201021012
01201021201210201202102010212012101201021201
01201021201210201202102010212021012010212012
01201021201210201202120102012101202120121020
01201021201210201202120102012102120102101201
01201021201210201202120121012010212012102010
01201021201210201202120121012010212012102012
01201021201210201202120121012021020102101201
01201021201210212021012010201202101210212012
01201021201210212021012010201202102010212012
01201021201210212021012010212012102010212021
01201021201210212021012102012021012010212012
01201021201210212021020120210120102120121021
01201021201210212021020120210120102120210121
01201021201210212021020120212010201210120212
01201021201210212021020120212012101201021201
01201021201210212021020120212012102120102101
01201021201210212021020121012021020102101201
01201021201210212021020121012021020102120121
01201021202101201020121012021020102120210121
01201021202101201020121012021020121021201021
01201021202101201020121012021020121021202102
01201021202101201020121012021201020120210120
01201021202101201020121012021201020120210121
01201021202101201020121012021201021012021020
01201021202101201020121012021201210201021202
01201021202101201020121012021201210201202102
01201021202101210201202101201020120212010212
01201021202101210201202101201021201210120212
01201021202101210201202101201021201210201202
01201021202101210201202101201021202101210212
01201021202101210201202101201021202102012102
01201021202101210212010201202101210201202120
01201021202102010212012102012021020102101201
01201021202102012021012010212012102010212021
01201021202102012021201210201021012010212012
01201021202102012021201210201021201210120212
01201021202102012021201210212010201202101201
01201021202102012021201210212021012010212012
01201021202102012021201210212021020102101201
01201021202102012101202102010210120102012101
01201021202102012101202102010210120102120121
01201021202102012101202102010210121021201021
01201021202102012101202102010212012101201020
01201021202102012101202102010212012101202120
01201021202102012101202102010212021012102010
01201021202102012102120102012021020102101201
01202101201021201210212021012010212021020120
01202101201021202101210201202102010210120210
01202101201021202101210212010201202101201020
01210120102101202102012102120102101201020120
01210120102101202102012102120102101201020121
01210120102101202120102012102120102101202102
01210120102101202120121021201021012021020120
01210120102101210212010201202101210201202120
01210120102101210212010201202102010210120210
01210120102101210212010201210120210201210212
01210120102101210212010201210212021012010210
01210120102101210212010201210212021012102010
01210120102101210212010201210212021020120210
01210120102101210212010201210212021020120212
01210120102101210212012101201020120210120102
01210120102101210212012101201021012021020120
01210120102101210212012101201021012021201020
01210120102101210212012101201021202101201020
01210120102101210212012101202102010210120210
01210120102101210212012101202120102101202102
01210120102101210212012102010212021012010210
01210120102101210212012102012021012010212012
01210120102101210212012102012021012102010210
01210120102101210212012102012021012102010212
01210120102101210212012102012021020102101201
01210120102120210120102012021020102101201021
01210120102120210120102012021020102101202102
01210120102120210120102012021020102120121021
01210120102120210120102012021020102120210121
01210120102120210120102012021020121021201021
01210120102120210120102012021020121021202102
01210120102120210120102012021201210201202101
01210120102120210120102012021201210201202102
01210120102120210120102012101202120121020120
01210120102120210120102012102120102101202102
01210120102120210120102012102120121012010210
01210120102120210120102012102120210121020120
01210120102120210120102012102120210201021202
01210120102120210120102012102120210201202120
01210120102120210121020120210120102120210121
01210120212010201210212010210120212010201202
01210120212010201210212010210120212010201210
01210120212010210120210201021012102120102101
01210120212010210120210201021201210201202102
01210120212010210120210201021202101210212010
01210120212010210120210201202120121021201021
01210120212010210120210201202120121021202101
01210120212010210120210201202120121021202102
01210120212010210120210201210120102101202102
01210120212010210120210201210120102120121021
01210120212010210120210201210120212012102010
01210120212010210120210201210120212012102012
01210120212010210120210201210212010201202102
01210120212010210120210201210212010210120102
01210120212010210120210201210212010210121021
01210120212010210120210201210212012101202102
01210120212010210120210201210212021012102010
01210120212012102010210120212010210121020120
01210201021202101201021201210201021202101210
01210212010201210212021012010210121021201021
01210212010201210212021012102010212021020121
01210212010201210212021012102012021012010210
01210212010210121021202102012021012010212012
01210212010210121021202102012021201210201202
01210212010210121021202102012021201210212021
01210212010210121021202102012101202102010210
01210212010210121021202102012101202102010212
01210212010210121021202102012102120102012101
01210212010210121021202102012102120102101201
01210212012102010210120102120121020120210120
01210212012102010210120102120121020120212012
01210212012102012021012010212012102010210121
01210212012102012021012010212012102010212021
010201202101210201202120102012101202120121020
010201202101210201202120102012102120102101201
010201202101210201202120102101201020120210120
010201202101210201202120102101210212012101201
010201202101210201202120102101210212012101202
010201202101210201202120102101210212012102012
010201202101210201202120121012010212012102010
010201202101210201202120121012010212012102012
010201202101210201202120121020102101201021201
010201202101210201202120121021201021012021020
010201202101210201202120121021201021012102010
010201202101210201202120121021202101201020120
010201202101210201202120121021202101201021201
010201202102010210120212010201210212010210121
010201202102010210120212010210121020120210120
010201202102010210120212010210121020120212012
010201202102010210120212012102010212012101201
010201202102010210120212012102010212012101202
010201202102010210120212012102120102101202102
010201202102010210120212012102120210201202120
010201202102010210120212012102120210201210212
010201202102012101201021012021020121021201021
010201202102012101201021012021020121021202102
010201202102012102120102101202102012021201020
010201202102012102120102101202102012101201020
010201202102012102120102101202102012101202120
010201202102012102120210201021012021020121021
010201210120210201210212010201202101201021201
010201210120210201210212010201202101201021202
010201210120210201210212010201210120102120121
010201210120210201210212010210120210201021202
010201210120210201210212010210120210201202120
010201210120210201210212010210120212012102012
010201210120210201210212010210121021202101202
010201210120210201210212012101201021012021020
010201210120210201210212012101201021012102010
010201210120210201210212021012010201210120212
010201210120210201210212021012010212012101201
010201210120210201210212021012010212012102012
010201210120210201210212021012102010210120210
010201210120210201210212021012102010210120212
010201210120210201210212021012102012021012010
010201210120210201210212021020102101201021201
010201210120212010210120210201210120212010201
010201210212010210121021202102012102120102101
010210120102120121020102120210120102120121021
010210120102120121020120210120102120210121020
010210120102120121020120210120102120210121021
010210120102120210201202101201021201210120212
010210120102120210201202101201021201210201202
010210120210201021012010201202101210201202120
010210120210201021012010201202101210212012102
010210120210201021012010201202102010212012101
010210120210201021012010201210120210201210212
010210120210201021012010201210120212012102010
010210120210201021012010201210120212012102012
010210120210201021012010201210212010210120210
010210120210201021012010201210212010210121021
010210120210201021012010201210212021012102010
010210120210201021012010201210212021020120210
010210120210201021012010201210212021020120212
010210120210201021012010212012101201020121020
010210120210201021012010212012102010210120210
010210120210201021012010212012102012021012010
010210120210201021012010212012102012021201020
010210120210201021012102120102012102120210121
010210120210201021012102120102101202102010210
010210120210201021012102120102101202102012101
010210120210201021012102120102101202102012102
010210120210201021012102120121012010210120210
010210120210201021012102120121012010210121020
010210120210201021012102120121012010210121021
010210120210201021201210120212010201202101201
010210120210201021201210201202101210201021202
010210120210201021201210201202101210212010210
010210120210201021201210201202102010210120210
010210120210201021201210201202120121012010210
010210120210201021201210212021020120212010210
010210120210201021202101201020121012021201020
010210120210201021202101201021201210201021202
010210120210201021202101201021201210201202102
010210120210201021202101210201021012021020120
010210120210201021202101210201021012021201020
010210120210201021202101210201021201210201202
010210120210201021202101210201202101201020120
010210120210201021202101210201202101201021201
010210120210201021202101210201202120102012101
010210120210201021202101210212010201202101201
010210120210201021202101210212010201210120212
010210120210201021202101210212010201210212021
010210120210201021202101210212012101201021201
010210120210201202120102012102120102101202102
010210120210201202120102101201020121021201021
010210120210201202120102101210212010201202102
010210120210201202120102101210212012101202102
010210120210201202120121012021020121021201021
010210120210201202120121012021020121021202102
010210120210201202120121020102120121012010210
010210120210201202120121020102120121012021020
010210120210201202120121021201021012021020120
010210120210201202120121021201021012021201020
010210120210201202120121021202101210201021202
010210120210201202120121021202102010210120210
010210120210201202120121021202102012021012010
010210120210201210120102101210212010201202102
010210120210201210120102101210212012101202102
010210120210201210120212010201202101201021201
010210120210201210120212010201202101201021202
010210120210201210120212010201202101210201202
010210120210201210120212010201210120102120121
010210120210201210120212010201210212010210121
010210120210201210120212010210120210201021202
010210120210201210120212010210120210201210212
010210120210201210120212012102010212012101201
010210120210201210120212012102010212012101202
010210120210201210120212012102010212021020120
010210120210201210120212012102010212021020121
010210120210201210120212012102012021012010210
010210120210201210120212012102012021012102010
010210120210201210120212012102120102101202102
010210120210201210120212012102120210201202120
010210120210201210120212012102120210201210212
010210120210201210212010201202101210201202120
010210120210201210212010201202102010210120210
010210120210201210212010201210120102101202102
010210120210201210212010201210120102120121021
010210120210201210212010201210120102120210121
010210120210201210212010201210120210201021202
010210120210201210212010201210120210201202120
010210120210201210212010201210120210201210212
010210120210201210212010201210120212012102010
010210120210201210212010201210120212012102012
010210120210201210212010210120102012021012010
010210120210201210212010210120102012021020102
010210120210201210212010210120102012102120121
010210120210201210212010210120212010201202101
010210120210201210212010210120212010201202102
010210120210201210212010210120212010201210212
010210120210201210212010210121020102120210121
010210120210201210212010210121021202102012102
010210120210201210212012101201020120210120102
010210120210201210212012101201021012021020120
010210120210201210212012101201021202101201020
010210120210201210212012101202102010210120210
010210120210201210212012101202102012021201020
010210120210201210212012101202120102101202102
010210120210201210212021012102010212021020121
010210120210201210212021012102012021012010210
010210120210201210212021020102101201020121021
010210120210201210212021020102101202102012021
010210120210201210212021020102101202102012101
010210120210201210212021020102101202102012102
010210120210201210212021020102101202120121021
010210120210201210212021020102120121012010210
010210120212010201202101210212010201210212021
010210120212010201210212010210120210201021202
010210120212010201210212010210120210201210212
010210120212010201210212010210120212012102012
010210120212010201210212010210121021202101202
010210120212010210121020102120121012021201020
010210120212010210121020102120121020120210120
010210120212010210121020102120121020120212012
010210120212010210121020102120210120102120121
010210120212010210121020102120210121021201020
010210120212010210121020102120210121021201021
010210120212010210121020102120210201210120212
010210120212010210121020102120210201210212012
010210120212012101202102012102120121012010210
010210120212012102010212012101201020120210120
010210120212012102010212012101201021012021020
010210120212012102010212012101201021012102010
010210120212012102010212012101202102010210121
010210120212012102010212012101202102010212021
010210120212012102010212012101202120102012101
010210120212012102012021012102120121012010210
010210120212012102120102101202102012101202120
010210120212012102120210201021012021020121021
010210120212012102120210201202101210212010210
010210120212012102120210201202120102101202102
010210120212012102120210201202120121012010210
010210120212012102120210201210120102101202102
010210120212012102120210201210120210201021202
010212010201202102010210120212010201202102012
010212010201202120121020120210120102120121021
010212010201202120121020120210120102120210121
010212010201202120121020120210121020102101201
010212010201202120121020120210121020102101202
010212010201202120121020120210121020102120121
010212010201202120121020120210201021012010201
010212010201202120121020120210201021012021020
010212010201202120121021202102012021012010210
010212010201202120121021202102012021012102010
010212012101202120102012021012010201210120212
010212012101202120102012021012010212012101201
010212012101202120102012021012010212012102012
010212012101202120102012021012102010210120210
010212012101202120102012021012102010210120212
010212012101202120102012021012102012021201020
010212012101202120102012021012102120102101201
010212012101202120102012021020102101201020120
010212012101202120102012021020102101201020121
010212012101202120102012021020102101201021201
010212012101202120102012101201021201210120212
010212012101202120102012101201021201210201202
010212012101202120102012101201021202101201020
010212012101202120102012101201021202102012102
010212012101202120102012102120102101202102010
010212012101202120102101202102010210121020121
010212012101202120102101202102012101201021201
010212012101202120102101202102012102120102101
010212012101202120102101202102012102120210121
010212012101202120102101210201021201210201202
010212012101202120102101210201021202102012101
010212012101202120102101210201021202102012102
010212012101202120102101210212012101202102010
010212012102012021201210120102012021012010210
010212012102012021201210120102012021012010212
010212012102012021201210120102101202102010210
010212012102012021201210120102101202102012102
010212012102012021201210120102101210212010210
010212012102012021201210120102101210212012102
010212012102012021201210120102120121020120212
010212012102012021201210120210201021012010201
010212021012010212012102012021012010210121020
010212021012010212012102012021012010210121021
010212021012102010212012102012021012102010210
010212021012102010212012102012021012102010212
010212021012102012021012010201202120121020120
010212021012102012021012010201202120121021201
010212021012102012021012010201210212010210121
010212021012102012021012010212012102010212021
010212021012102012021012010212012102012021020
010212021012102012021012010212021012102010210
010212021012102012021012010212021012102010212
010212021012102012021012010212021020120210120
010212021012102012021012010212021020121021202
010212021012102012021020102101201020120210120
010212021012102120102012021012102012021201020
010212021020120210120102120121020120210121020
010212021020120210120102120121020120210121021
010212021020120210121020102120121020120210120
010212021020120210121021201210201202101201020
010212021020120212012102010210120102120121021
010212021020120212012102010210120212010210121
010212021020120212012102010210121021201021012
010212021020120212012102010212012101201021201
010212021020120212012102010212012101202102010
010212021020120212012102010212021012010212012
010212021020120212012102120102012021012010210
010212021020120212012102120102012021012102010
010212021020120212012102120102101202102010210
010212021020120212012102120102101202102012102
010212021020120212012102120102101210201021202
010212021020120212012102120210120102120121021
010212021020120212012102120210121020102101202
010212021020120212012102120210201021012021020
010212021020121012021020102101201020120210120
010212021020121012021020102101201020121021202
010212021020121012021020102101202120102101210
010212021020121012021020102101202120121021201
010212021020121012021020102120121012010210120
010212021020121012021020102120121012010210121
010212021020121012021020102120121012021201020
010212021020121012021020102120121020120210120
010212021020121012021020102120121020120212012
010212021020121012021020102120210120102120121
010212021020121012021020102120210121021201020
010212021020121012021020102120210121021201021
012010210120210201021012102120102101202102010
012010210120210201210120212010210120210201202
012010212012101201020120210120102101210212012
012010212012101201020120210120102120121020120
012010212012101201020120210120102120210121020
012010212012101201020120210120102120210121021
012010212012101201020120210121020120212010210
012010212012101201020120210201021012010212012
012010212012101201021012021020102101210212012
012010212012101201021012021020120212012102012
012010212012101201021012021020121012010212012
012010212012101201021012021020121012021201020
012010212012101201021012021201020121021201021
012010212012101201021012021201210201021201210
012010212012101201021012021201210212021020120
012010212012101201021012102010212021012010210
012010212012101201021012102010212021020121021
012010212012101201021012102012021012010212012
012010212012101201021012102012021020102101201
012010212012101201021012102012021201210212021
012010212012101201021012102120121012021020120
012010212012101201021012102120121012021201020
012010212012101201021012102120121020120210120
012010212012101201021012102120121020120212012
012010212012101201021012102120210201210212010
012010212012101201021012102120210201210212012
012010212012101202102010212021012010201202102
012010212012101202102010212021012010212012101
012010212012101202102010212021012102120102101
012010212012101202102012021201210212021012010
012010212012101202102012021201210212021020120
012010212012101202102012102120102012021012010
012010212012101202102012102120102012101202102
012010212012101202102012102120102101202102010
012010212012101202102012102120121012010210120
012010212012101202102012102120121012010212012
012010212012101202120102012021012010212012101
012010212012101202120102012021012102120102101
012010212012101202120102012021020102101201021
012010212012101202120102012021020102101202102
012010212012101202120102012101201021202101201
012010212012101202120102012102120102101202102
012010212012101202120102101202102012101202120
012010212012102010210120102012021020102101201
012010212012102010210120102012021020102120121
012010212012102010210120102012021020121021202
012010212012102010210120212010210121020120212
012010212012102010210120212010210121021201021
012010212012102010212021012010201202102010210
012010212012102010212021012010201202102010212
012010212012102010212021012010201202102012102
012010212012102010212021012010210121021201021
012010212012102010212021012102012021012010210
012010212012102010212021012102120102012101201
012010212012102010212021012102120102012102120
012010212012102010212021012102120102101202102
012010212012102010212021012102120121012010210
012010212012102010212021020120210120102012101
012010212012102010212021020120210120102120121
012010212012102010212021020121012010212012101
012010212012102010212021020121021201020121012
012010212012102012021012010201202120121020120
012010212012102012021012010201202120121021201
012010212012102012021012010201210212010210121
012010212012102012021012010210121020120210201
012010212012102012021012010210121020120212012
012010212012102012021012010212012102120210121
012010212012102012021012010212021020120210120
012010212012102012021012010212021020121021202
012010212012102012021012102010210120102120121
012010212012102012021012102010210120212010210
012010212012102012021012102010212021020120210
012010212012102012021012102010212021020121021
012010212012102012021012102120102101202102010
012010212012102012021012102120121012010210120
012010212012102012021012102120121012010212012
012010212012102012021012102120121020102101201
012010212012102012021020102101201020120210120
012010212012102012021020102101201020121021202
012010212012102012021020102101202120102101210
012010212012102012021020102101202120121021201
012010212012102012021020102120121012010210120
012010212012102012021020102120121012010210121
012010212012102012021020102120121020102101201
012010212012102012021020102120210120102120121
012010212012102012021201020121012010212012101
012010212012102012021201020121012021020121021
012010212012102012021201021012021020121021202
012010212012102012021201021012102010212012101
012010212012102012021201210120102101202102010
012010212012102012021201210120102101210201202
012010212012102012021201210120102101210212012
012010212012102012021201210120102120121020102
012010212012102012021201210120102120121020120
012010212012102012021201210120102120121021202
012010212012102120210120102012021020102101201
012010212012102120210120102012021020102120121
012010212012102120210120102012021020121021202
012010212012102120210120102120121020120210120
012010212012102120210120102120121020120212012
012010212012102120210121020102120121020120212
012010212012102120210121020120210120102012101
012010212012102120210121020120210120102120121
012010212012102120210201021012021020121021202
012010212012102120210201202101201021202101210
012010212012102120210201202120102101202102010
012010212012102120210201202120102101210212012
012010212012102120210201202120121012010212012
012010212012102120210201202120121020102101201
012010212012102120210201210120102101202102010
012010212012102120210201210120102101210212012
012010212021012010201210120210201210212010210
012010212021012010201210120212010201202101201
012010212021012010201210120212012102010212012
012010212021012102012021012010201202120121021
012010212021012102012021012010210121021201021
012010212021012102012021012010212021020121021
012010212021012102120102012021012010212012101
012010212021012102120121020120210121021201021
012010212021020120210120102120121020120210120
012010212021020120210120102120121020120212012
012010212021020120210121020102120121020120212
012010212021020120212012101201021201210201202
012010212021020120212012102010210120102120121
012010212021020120212012102010212012101202102
012010212021020120212012102010212021020120210
012010212021020120212012102120102012021012010
012010212021020120212012102120102101202102010
012010212021020120212012102120210120102012101
012010212021020120212012102120210120102120121
012010212021020121012021020102101201020121021
012010212021020121012021020102101202120121021
012010212021020121012021020102101210212010210
012010212021020121012021020102120121012010210
012010212021020121012021020102120121020120212
012021012010212021012102012021012010212012101
012021012010212021012102012021020102101201021
012021012010212021012102012021020102101202102
012021012010212021012102012021020102120210121
012021012010212021012102120102012021012010210
012021020120212010201210212021020120212010210
012021020120212010201210212021020120212010212
012101201021012021020102101210212010210120210
012101201021012021020121021201021012021201020
012101201021012021020121021201021012021201021
012101201021012021201020121021201021012021020
012101201021012102120102012021020102101201021
012101201021012102120102012021020102101202102
012101201021012102120102012021020121021201021
012101201021012102120102012021020121021202102
012101201021012102120102012021201210201202101
012101201021012102120102012021201210201202102
012101201021012102120102012102120210201202120
012101201021012102120121012010212021012010201
012101201021012102120121012010212021020120210
012101201021012102120121012021020102101201020
012101201021012102120121012021020102101201021
012101201021012102120121012021020102120210121
012101201021012102120121012021020121021201021
012101201021012102120121012021020121021202102
012101201021012102120121012021201020120210120
012101201021012102120121012021201020120210121
012101201021012102120121012021201021012021020
012101201021012102120121020120210120102012101
012101201021012102120121020120210120102120121
012101201021012102120121020120210121021201021
012101201021012102120121020120212012101202101
012101201021012102120210201210212010210121021
012101201021202101201020120210121020120212010
012101201021202101201020120210121020120212012
012101201021202101201020120210201021012010201
012101201021202101201020120210201021012021020
012101201021202101201020120210201210212010210
012101201021202101201020121012021020121021202
012101201021202101201020121012021201210201202
012101201021202101201020121021201021012021020
012101201021202101201020121021201021012102010
012101201021202101201020121021202101210201202
012101202102012102120210201021012021020121021
012101202120102012102120102101202120102012101
012101202120102101202102010210121021201021012
012101202120102101202102010212021012010212012
012101202120102101202102012021201210212010210
012101202120102101202102012101202120102012101
012101202120102101202102012101202120121020120
012101202120102101202102012101202120121021201
012101202120102101202102012102120102012101201
012101202120102101202102012102120102012101202
012101202120102101202102012102120102101201020
012101202120102101202102012102120121012010210
012101202120102101202102012102120121012021020
012101202120121020102101202120102101210201202
012101202120121020102101202120102101210212012
012102012021012010201202120121020120210120102
012102120102012102120210120102101210212010210
012102120102012102120210120102101210212012102
012102120102012102120210121020102101202102010
012102120102012102120210121020102120121020120
012102120102101202102010210121021201021012021
012102120102101210212021012010201202102010210
012102120102101210212021012010201202102010212
012102120102101210212021012010201202102012102
012102120102101210212021020102101202102012101
012102120102101210212021020102101202102012102
012102120102101210212021020120210120102012101
012102120102101210212021020120210120102120121
012102120102101210212021020120212010210121021
012102120102101210212021020121021201020121012
012102120121020102101201021201210201202101201
012102120121020120210120102120121020102101201
012102120121020120210121020102120121020120210
012102120121020120210121020102120121020120212
012102120121020120212012101201021201210201202
0102012021012102012021201020121012010212012101
0102012021012102012021201020121012021020121021
0102012021012102012021201021012010201202101201
0102012021012102012021201021012010201202102012
0102012021012102012021201021012021020121021202
0102012021012102012021201021012102010212012101
0102012021012102012021201021012102120121020120
0102012021012102012021201210120102101210212012
0102012021012102012021201210120102120121020120
0102012021012102012021201210201021012010212012
0102012021012102012021201210201021201210120212
0102012021012102012021201210212021012010212012
0102012021012102012021201210212021020120210120
0102012021012102012021201210212021020120212010
0102012021012102012021201210212021020120212012
0102012021020102101202120102012102120102101201
0102012021020102101202120102101210201202101201
0102012021020102101202120102101210212012101201
0102012021020102101202120102101210212012101202
0102012021020102101202120102101210212012102012
0102012021020102101202120121012010212012102010
0102012021020102101202120121012010212012102012
0102012021020102101202120121021201021012021020
0102012021020102101202120121021201021012102010
0102012021020102120121012010210120210201021202
0102012021020121012010210120210201210212010210
0102012021020121021201020121012021020121021201
0102012021020121021201020121012021020121021202
0102012021020121021201021012021020120212010210
0102012021020121021201021012021020121012010210
0102012021020121021202102010210120210201210212
0102012101202102012102120102012021012010212012
0102012101202102012102120102012021020102101201
0102012101202102012102120102012101202102010210
0102012101202102012102120102012101202102010212
0102012101202102012102120102012101202120121020
0102012101202102012102120102012101202120121021
0102012101202102012102120102101201020120210120
0102012101202102012102120102101201020121021202
0102012101202102012102120102101202102012101201
0102012101202102012102120102101202102012101202
0102012101202102012102120102101202120102012101
0102012101202102012102120102101202120121020120
0102012101202102012102120102101202120121021201
0102012101202102012102120102101210212021020120
0102012101202102012102120121012010210121020120
0102012101202102012102120121012010212021020120
0102012101202102012102120121012021020102101201
0102012101202102012102120210120102012101202102
0102012101202102012102120210120102120121020120
0102012101202102012102120210121020102101202102
0102012101202102012102120210201021012010212012
0102012101202102012102120210201021012021020120
0102012101202102012102120210201021012021020121
0102012102120102101210212021020121021201021012
0102101201021201210120102012021012010212012101
0102101201021201210201021202101201021201210212
0102101201021201210201202101201021202102012102
0102101202102010210120102012021020102120121021
0102101202102010210120102012021020102120210121
0102101202102010210120102012021020121021201021
0102101202102010210120102012021020121021202102
0102101202102010210120102012021201210201202101
0102101202102010210120102012021201210201202102
0102101202102010210120102012101202120102101201
0102101202102010210120102012101202120121020120
0102101202102010210120102012102120102101202102
0102101202102010210120102012102120121012010210
0102101202102010210120102012102120210201202120
0102101202102010210120102120121012010201202102
0102101202102010210120102120121020102101202102
0102101202102010210120102120121020102120210121
0102101202102010210120102120121021202102012102
0102101202102010210120102120210121020120210120
0102101202102010210120102120210201202120121021
0102101202102010210120102120210201210120210201
0102101202102010210121021201020121021202101201
0102101202102010210121021201021012010201202102
0102101202102010210121021201021012021020121021
0102101202102010210121021201021012021201020120
0102101202102010210121021201021012021201020121
0102101202102010210121021201210120102101202102
0102101202102010212012101202120102012021012010
0102101202102010212012101202120102101202102010
0102101202102010212012101202120102101210212012
0102101202102010212012102012021012010212012101
0102101202102010212012102012021012102010212012
0102101202102010212012102012021012102120102101
0102101202102010212012102012021020102101201021
0102101202102010212012102012021020102101202102
0102101202102010212012102120210201202120102101
0102101202102010212012102120210201202120121021
0102101202102010212021012010212012102010212021
0102101202102010212021012102010210120212010210
0102101202102010212021012102012021012010212012
0102101202102010212021012102120102012021012010
0102101202102010212021012102120102101202102010
0102101202102010212021012102120121012010210120
0102101202102010212021012102120121012010212012
0102101202102012021201020121012021020121021202
0102101202102012021201020121021201021012021020
0102101202102012021201020121021201021012102010
0102101202102012021201021012010201210212010210
0102101202102012021201021012102120121012010210
0102101202102012021201021012102120121012021020
0102101202102012021201021012102120121020120212
0102101202102012021201210120102120121020120212
0102101202102012021201210120210201210212010210
0102101202102012021201210201021012010201202102
0102101202102012021201210201021012010212012101
0102101202102012021201210212010210120212010201
0102101202102012021201210212021012010201202102
0102101202102012021201210212021012010212012101
0102101202102012021201210212021020102101202102
0102101202102012021201210212021020121012010210
0102101202102012101201021012102120121012010210
0102101202102012101201021012102120121012021020
0102101202102012101201021012102120121020120212
0102101202102012101201021202101201020120210120
0102101202102012101201021202101201020121021202
0102101202102012101202120102012021012010212012
0102101202102012101202120102012021012102010210
0102101202102012101202120102012021012102012021
0102101202102012101202120102012021020102101201
0102101202102012101202120102012102120102101201
0102101202102012101202120102101201020120210120
0102101202102012101202120102101210212012101201
0102101202102012101202120102101210212012101202
0102101202102012101202120102101210212012102012
0102101202102012101202120121020102101202102010
0102101202102012101202120121020120210121020102
0102101202102012101202120121021201021012021020
0102101202102012101202120121021201021012102010
0102101202102012102120102012021012010212012101
0102101202102012102120102012021020102101201021
0102101202102012102120102012021020102101202102
0102101202102012102120102012021020121012010210
0102101202102012102120102012101201021012021020
0102101202102012102120102012101201021202101201
0102101202102012102120102012101202120121020120
0102101202102012102120102012101202120121021201
0102101202102012102120102101201020121021201210
0102101202102012102120102101201020121021202102
0102101202102012102120102101202102010212012101
0102101202102012102120102101202120121020120212
0102101202102012102120102101202120121021201021
0102101202102012102120102101210201202101201020
0102101202102012102120102101210212021020120210
0102101202102012102120102101210212021020121021
0102101202102012102120121012010210121020120212
0102101202102012102120121012010210121021201021
0102101202102012102120121012010212021012010201
0102101202102012102120121012010212021020120210
0102101202102012102120121012021020102101201020
0102101202102012102120121012021020102101201021
0102101202102012102120121012021020120212010210
0102101202102012102120121012021020121012010210
0102101202102012102120121012021201021012021020
0102101202102012102120210120102012101202102010
0102101202102012102120210120102120121020120212
0102101202102012102120210121020102101202102010
0102101202102012102120210121020102120121020120
0102101202102012102120210201021012010201202102
0102101202102012102120210201021012010201210212
0102101202102012102120210201021012010212012101
0102101202102012102120210201021012021020120212
0102101202102012102120210201021012021020121012
0102101202120102012021012102120102101202102010
0102101202120102012021020121021201020120210120
0102101202120102012102120102101201020120210120
0102101202120102012102120102101202120121020120
0102101202120102012102120102101210212021020120
0102101202120102101210201021201210201202101201
0102101202120102101210201021202101210212010210
0102101202120102101210201021202102012101202102
0102101202120121020102120121012010201202101201
0102101202120121020102120121012010210121020120
0102101202120121020102120121012010212021020120
0102101202120121020102120121012021020102101201
0102101202120121020102120121012021020121021202
0102101202120121021201020121012021020121021202
0102101202120121021201021012021020121021201021
0102101202120121021201021012021020121021202102
0102101202120121021202102010210120210201210212
0102101202120121021202102012021012010212012101
0102101202120121021202102012021012102120102101
0102101202120121021202102012021201021012021020
0102101202120121021202102012021201021012102010
0102101202120121021202102012101201021012021020
0102101202120121021202102012101202102010212012
0102101202120121021202102012101202120121021201
0102101210201021201210201202101210201021202101
0102101210201021201210201202101210201021202102
0102120102012021020102101202120102012021020121
0102120102012021201210201202101201021202101210
0102120102012021201210201202101210212010210121
0102120102012021201210212021020120212010210121
0102120121012010210121020120212012101201021201
0102120121012021201020120210120102101210212012
0102120121012021201020120210120102120121020120
0102120121012021201020120210120102120210121020
0102120121012021201020120210120102120210121021
0102120121012021201020120210121020102101201021
0102120121012021201020120210121020102101202102
0102120121012021201020120210121020102120210121
0102120121012021201020120210121020120212010210
0102120121012021201020120210201021012010212012
0102120121012021201020121012010210121021201021
0102120121012021201020121012010212021012010201
0102120121012021201020121012010212021012102010
0102120121012021201020121012010212021020121021
0102120121012021201020121012021020102120210121
0102120121012021201020121012021020121021201021
0102120121012021201020121012021020121021202102
0102120121012021201020121021201021012021020120
0102120121012021201020121021201021012021201020
0102120121012021201020121021202101210201021202
0102120121012021201021012021020102101210212012
0102120121012021201021012021020120212012102012
0102120121012021201021012021020121012010212012
0102120121012021201021012021020121012021201020
0102120121012021201021012102010212021020121021
0102120121012021201021012102120121012021020120
0102120121020120210120102012021201210201202101
0102120121020120210120102012021201210201202102
0102120121020120212012101201021012021020121021
0102120121020120212012101201021012102120102101
0102120121020120212012101201021012102120121012
0102120121020120212012101201021201210201021201
0102120121020120212012101201021201210201021202
0102120121020120212012101201021201210201202101
0102120121020120212012101201021201210201202102
0102120121020120212012101201021202101201020120
0102120121020120212012101201021202101201020121
0102120121021202101210201202120121021202101201
0102120121021202101210201202120121021202101202
0102120121021202102012021201210212010210120210
0102120121021202102012021201210212010210121021
0102120210120102120121012010201202101201021201
0102120210120102120121012010201202101201021202
0102120210120102120121020120210120102120210120
0102120210120102120121020120210120102120210121
0102120210121020102120121020120210121020102101
0102120210121020102120121020120210121020102120
0102120210121020120210120102012021201210201202
0102120210121020120210120102012101202120121020
0102120210121020120210120102012102120102101201
0102120210121020120210120102101210212012101201
0102120210121020120210120102101210212012101202
0102120210121020120210120102101210212012102012
0102120210121020120210120102120121012021201020
0102120210121020120210120102120121020102101201
0102120210121020120210120102120121020120210201
0102120210121020120210120102120121020120212012
0102120210121020120210120102120121021202101201
0102120210121020120210120102120210121021201020
0102120210121020120210120102120210121021201021
0102120210121020120210120102120210201202101201
0102120210121020120210120102120210201210212012
0102120210121020120210201021012010201202101201
0102120210121020120210201021012010201202102012
0102120210121021201020120210121020120212010210
0102120210121021201021012010201202101210212012
0102120210201202101201021201210201202102010210
0102120210201202101201021201210201202102010212
0102120210201202101210201021201210201202101201
0102120210201202101210212012102012021012010210
0102120210201202120121020102101201020120210120
0102120210201202120121020102101202120102101210
0102120210201202120121020102120121012010210120
0102120210201202120121020102120121012010210121
0102120210201202120121020102120121012021020120
0102120210201202120121020102120121012021201020
0102120210201202120121020102120210120102120121
0102120210201202120121021201020120210121020120
0102120210201202120121021201020121012021020120
0102120210201202120121021201021012010201202102
0102120210201202120121021201021012021020121021
0102120210201202120121021201021012021201020120
0102120210201202120121021201021012021201020121
0102120210201202120121021202101201020120210120
0102120210201202120121021202101210201202101201
0102120210201202120121021202102010210120210201
0102120210201202120121021202102012101202102010
0102120210201210120210201021012010201202101201
0102120210201210120210201021012010201202102012
0102120210201210120210201021012010201210120212
0102120210201210120210201021012010201210212012
0102120210201210120210201021012010212012101201
0102120210201210120210201021012010212012102012
0102120210201210120210201021012102120102101201
0102120210201210120210201021012102120102101202
0102120210201210120210201021201210120102012101
0102120210201210120210201021201210120102101210
0102120210201210120210201021201210120212010210
0102120210201210120210201021201210201202101201
0102120210201210120210201021201210212021020120
0102120210201210120210201021202101210212010210
0102120210201210120212010210120210201210120212
0120102101202102012101202120102101202102010210
0120102101202102012101202120102101202102012021
0120102120121012010201202101201021201210120212
0120102120121012010201202101201021201210201202
0120102120121012010201202101201021202102012102
0120102120121012010201202101210201202120102101
0120102120121012010201202101210201202120121021
0120102120121012010201202102010210120102012101
0120102120121012010201202102010210120102120121
0120102120121012010210120210201202120121020120
0120102120121012010210120210201202120121021201
0120102120121012010210120210201210120102120121
0120102120121012010210120210201210120212010210
0120102120121012010210120210201210212010210121
0120102120121012010210120212010201210212010210
0120102120121012010210120212012102010212012101
0120102120121012010210121020102120121020120212
0120102120121012010210121020102120210201210212
0120102120121012010210121020120210120102012101
0120102120121012010210121020120210120102120121
0120102120121012010210121021201020121021202101
0120102120121012010210121021201020121021202102
0120102120121012010210121021201210201021202101
0120102120121012010210121021201210201021202102
0120102120121012010210121021201210201202101201
0120102120121012021020102120210120102120121021
0120102120121012021020102120210121020102101202
0120102120121012021020121021201020121012010210
0120102120121012021020121021201020121012010212
0120102120121012021020121021201020121012021020
0120102120121012021020121021201021012021020120
0120102120121012021020121021201021012021201020
0120102120121012021020121021201210120102101210
0120102120121012021020121021201210120102120121
0120102120121012021020121021201210120212010210
0120102120121012021020121021202101210201021202
0120102120121012021020121021202102010210120210
0120102120121012021201020120210120102120121021
0120102120121012021201020120210120102120210121
0120102120121012021201020120210121020102101201
0120102120121012021201020120210121020102101202
0120102120121012021201020120210121020120212010
0120102120121012021201020120210121020120212012
0120102120121012021201020120210201021012010201
0120102120121012021201020120210201021012021020
0120102120121012021201020121012010212012102010
0120102120121012021201020121012010212012102012
0120102120121012021201020121012010212021012010
0120102120121012021201020121012021020121021202
0120102120121012021201020121021201021012021020
0120102120121012021201020121021201021012102010
0120102120121012021201021012021020102120210121
0120102120121012021201021012021020121021201021
0120102120121012021201021012021020121021202102
0120102120121012021201021012102010212021020121
0120102120121020102101201020120210121020120212
0120102120121020102101201020120210201210212012
0120102120121020102101201021202102012021012010
0120102120121020102101202120102101210201021202
0120102120121020102101202120102101210201202102
0120102120121020102101202120102101210212012101
0120102120121020102101202120102101210212012102
0120102120121020102120210120102012021020121021
0120102120121020102120210120102101210201021202
0120102120121020102120210120102101210212010210
0120102120121020102120210120102101210212012102
0120102120121020102120210120102120121020120212
0120102120121020102120210121020102101202102010
0120102120121020102120210121021201020120210120
0120102120121020102120210121021201020121021202
0120102120121020102120210121021201021012021020
0120102120121020102120210121021201021012102010
0120102120121020102120210201202120121021201021
0120102120121020102120210201202120121021202101
0120102120121020102120210201202120121021202102
0120102120121020102120210201210120102120121021
0120102120121020102120210201210120210201021202
0120102120121020102120210201210120212012102010
0120102120121020102120210201210120212012102012
0120102120121020102120210201210212010210120210
0120102120121020102120210201210212010210121021
0120102120121020102120210201210212021012102010
0120102120121020120210120102012021201210201202
0120102120121020120210120102012101202120121020
0120102120121020120210120102012102120102101201
0120102120121020120210120102101210201202102010
0120102120121020120210120102101210212012101201
0120102120121020120210120102101210212012101202
0120102120121020120210120102101210212012102012
0120102120121020120210120102120121012021201020
0120102120121020120210120102120121021202101201
0120102120121020120210120102120210121020120212
0120102120121020120210120102120210121021201020
0120102120121020120210120102120210121021201021
0120102120121020120210120102120210201202101201
0120102120121020120210120102120210201210212012
0120102120121020120210121020102101202102012101
0120102120121020120210121020102101202102012102
0120102120121020120210121020102101202120102101
0120102120121020120210121020102120121012010210
0120102120121020120210121020102120121021202101
0120102120121020120210121020102120121021202102
0120102120121020120210121020102120210201210212
0120102120121020120210121021201020121021202101
0120102120121020120210121021201020121021202102
0120102120121020120210121021201021012021020120
0120102120121020120210121021201021012021201020
0120102120121020120210121021201210120102101210
0120102120121020120210121021201210120102120121
0120102120121020120210121021202102012021012010
0120102120121020120210201021012010201202101201
0120102120121020120210201021012010201202102012
0120102120121020120210201021012010201210120212
0120102120121020120210201021012010201210212012
0120102120121020120210201021012010212012101201
0120102120121020120210201021012010212012102012
0120102120121020120210201021012102120102101201
0120102120121020120210201021012102120102101202
0120102120121020120210201021201210120102101210
0120102120121020120212010201210120102120121021
0120102120121020120212010201210120102120210121
0120102120121020120212010201210120210201210212
0120102120121020120212010201210120212012102010
0120102120121020120212010201210120212012102012
0120102120121020120212010201210212010210120210
0120102120121020120212010201210212010210121021
0120102120121020120212010201210212021012102010
0120102120121020120212010210120210201210120212
0120102120121020120212010210120210201210212012
0120102120121020120212010210121020102120121021
0120102120121020120212010210121020102120210121
0120102120121020120212012101201020120210120102
0120102120121020120212012101201021012021020120
0120102120121020120212012101201021201210212021
0120102120121020120212012101201021202101201020
0120102120121020120212012101202102010210120210
0120102120121021202101201020120210121020120212
0120102120121021202101201020120210201210212012
0120102120121021202101201021201210201021202101
0120102120121021202101201021201210201021202102
0120102120121021202101201021201210201202101201
0120102120121021202101210201021201210201202102
0120102120121021202102010210120210201210120212
0120102120121021202102010210120210201210212012
0120102120121021202102012021012010201210120212
0120102120121021202102012021012010212012101201
0120102120121021202102012021012010212012102012
0120102120121021202102012021201020121012010212
0120102120121021202102012021201021012021020120
0120102120121021202102012021201210120102120121
0120102120121021202102012021201210212010210121
0120102120121021202102012101201020120210120102
0120102120121021202102012101201021012021020120
0120102120121021202102012101201021202101201020
0120102120121021202102012101202102010210120210
0120102120121021202102012101202102010212012101
0120102120121021202102012101202120102101202102
0120102120210120102012101202102012102120102101
0120102120210120102012101202102012102120210121
0120102120210120102012101202120102012021012010
0120102120210120102012101202120102101202102010
0120102120210120102012101202120121020102120121
0120102120210120102012101202120121020120210120
0120102120210120102012101202120121020120210121
0120102120210120102012102120121012010210121020
0120102120210120102012102120121012010210121021
0120102120210121020102120121020120210121020102
0120102120210121020120210120102101210212010210
0120102120210121020120210120102101210212012102
0120102120210121020120210120102120121020120212
0120102120210121020120210120102120210121021202
0120102120210121020120210120102120210201210212
0120102120210121020120210201021012010201202102
0120102120210121021201020120210120102120121021
0120102120210121021201020120210120102120210121
0120102120210121021201020120210121020120212010
0120102120210121021201020120210121020120212012
0120102120210121021201210201202101210212010210
0120102120210201021201210201202102010210120210
0120102120210201202101201021201210201021202101
0120102120210201202101201021201210201021202102
0120102120210201202101201021201210201202101201
0120102120210201202101201021201210201202102010
0120102120210201202101210201021201210201202102
0120102120210201202101210212012102012021012010
0120102120210201202120121020102120121012010210
0120102120210201202120121020102120121012021020
0120102120210201202120121020102120210201202101
0120102120210201202120121021201021012021020120
0120102120210201202120121021201021012021201020
0120102120210201202120121021202101210201021202
0120102120210201202120121021202102010210120210
0120102120210201210120210201021012010201202102
0120102120210201210120210201021012010201210212
0120102120210201210120210201021012010212012101
0120102120210201210120210201021012102120102101
0120102120210201210120210201021201210120212010
0120102120210201210120210201021201210120212012
0120102120210201210120210201021201210201202102
0120102120210201210120210201021202101210212010
0120102120210201210212010201202102010210120210
0120210120102012021201210212021012010201202102
0120210120102120210121020102101201020120210120
0120210120102120210121020120210120102120121021
0120210120102120210121020120210201021012010201
0120210120102120210121020120210201021012021020
0120210201202120102012102120210201202120102101
0121012010210120210201021012102120102101202102
0121012010210120210201210212010210120102012101
0121012010210120210201210212010210120212010201
0121012010210120210201210212010210120212012101
0121012010210120212012102120102101202102010210
0121012010210120212012102120102101202102012102
0121012010210121021201020120210121020120212010
0121012010210121021201020120210121020120212012
0121012010210121021201020120210201021012010201
0121012010210121021201020120210201021012021020
0121012010210121021201020120210201210212010210
0121012010210121021201020121012021020121021202
0121012010210121021201020121021202101201020120
0121012010210121021201020121021202101201021201
0121012010210121021201210120102012021012010210
0121012010210121021201210120102012021012010212
0121012010210121021201210120102101202102010210
0121012010210121021201210120102101202102012102
0121012010210121021201210120210201021012010201
0121012010210121021201210120210201202120121021
0121012010210121021201210120210201210212010210
0121012010210121021201210120212010201202101201
0121012010210121021201210201021012010201202102
0121012010210121021201210201021012021201021012
0121012010210121021201210201021202101201021201
0121012010210121021201210201202101210201021202
0121012010210121021201210201202101210212010210
0121012010210121021201210201202102010210120210
0121012010210121021201210201202120121012010210
0121012010212021012010201202101210212012102012
0121012010212021012010201202102010212012101201
0121012010212021012010201202102010212012102012
0121012010212021012010201202102012102120102101
0121012010212021012010201202102012102120210121
0121012010212021012010201202120121020120210120
0121012010212021012010201202120121020120210121
0121012010212021012010201210120210201210212012
0121012010212021012010201210120212010201202101
0121012010212021012010201210212012101201021201
0121012010212021012010201210212021020120210120
0121012010212021012010201210212021020120212010
0121012010212021012010201210212021020120212012
0121012021020121021202102010210120210201210212
0121012021201020121021201021012021201020120212
0121012021201020121021201021012021201020121012
0121012021201021012021020102101210212012102012
0121012021201021012021020102120121012021201020
0121012021201021012021020102120121020120210120
0121012021201021012021020102120121020120212012
0121012021201021012021020102120210120102120121
0121012021201021012021020102120210121021201020
0121012021201021012021020102120210121021201021
0121012021201021012021020120212012102120102101
0121012021201021012021020120212012102120210121
0121012021201021012021020121012010212012102010
0121012021201021012021020121012010212012102012
0121012021201021012021020121012021201020121021
0121012021201021012021020121012021201210201202
0121012021201021012021020121021201020120210120
0121012021201021012021020121021201021012010201
0121012021201021012021020121021201021012102010
0121012021201021012021020121021202102010212010
0121020102120210120102120121020102120210121020
0121020102120210120102120121020102120210121021
0121021201020121021202101201021012102120102101
0121021201020121021202101201021012102120121012
0121021201020121021202101210201021012021020120
0121021201020121021202101210201021012021201020
0121021201020121021202101210201021201210201202
0121021201020121021202101210201021202102012101
0121021201020121021202101210201021202102012102
0121021201020121021202101210201202101201020120
0121021201020121021202101210201202101201021201
0121021201020121021202101210201202120102012101
0121021201021012021020102101210212010210120212
0121021201021012102120210120102012021020121021
0121021201021012102120210201021012021020121021
0121021201021012102120210201202120121021201021
0121021201021012102120210201202120121021202101
0121021201021012102120210201202120121021202102
0121021201021012102120210201210120210201021202
0121021201021012102120210201210212010210120210
0121021201021012102120210201210212010210120212
0121021201210201021012010212012102012021012010
0121021201210201021012010212012102012021201020
0121021201210201202101201021201210201021202101
0121021201210201202101201021201210201021202102
0121021201210201202101210201021201210201202102
01020120210121020120212010201210120102120121021
01020120210121020120212010201210120102120210121
01020120210121020120212010201210120210201210212
01020120210121020120212010201210120212012102010
01020120210121020120212010201210120212012102012
01020120210121020120212010201210212010210120210
01020120210121020120212010201210212010210121021
01020120210121020120212010201210212021012102010
01020120210121020120212010210120102012021012010
01020120210121020120212010210120102012021020102
01020120210121020120212010210120210201210120212
01020120210121020120212010210120210201210212012
01020120210121020120212010210121020102120121021
01020120210121020120212010210121020102120210121
01020120210121020120212010210121021201210120212
01020120210121020120212010210121021201210201202
01020120210121020120212010210121021202102012102
01020120210121020120212012101201021201210201202
01020120210121020120212012101201021202101201020
01020120210121020120212012102010210120102120121
01020120210121020120212012102010212012101202102
01020120210121020120212012102120102101202102010
01020120210121020120212012102120210120102012101
01020120210121020120212012102120210120102120121
01020120210121020120212012102120210201202101201
01020120210201021012021201020120210121021201021
01020120210201021012021201021012102012021012010
01020120210201021012021201021012102012021201020
01020120210201021012021201021012102120121020120
01020120210201021012021201210120102101210212012
01020120210201021012021201210120102120121020120
01020120210201021012021201210201021201210120212
01020120210201021012021201210212021020120210120
01020120210201021012021201210212021020120212010
01020120210201021012021201210212021020120212012
01020120210201210120102101202102012102120102101
01020120210201210120102101202102012102120210121
01020120210201210212010201210120210201210212012
01020120210201210212010210120210201202120102101
01020120210201210212010210120210201202120121021
01020120210201210212010210120210201210120212010
01020120210201210212010210120210201210120212012
01020121012021020121021201020120210120102012101
01020121012021020121021201020120210120102120121
01020121012021020121021201020120210121020120212
01020121012021020121021201020121012010210120210
01020121012021020121021201020121012010212012101
01020121012021020121021201021012010201202101201
01020121012021020121021201021012010201202102012
01020121012021020121021201021012010201210212012
01020121012021020121021201021012021020120212010
01020121012021020121021201021012021020120212012
01020121012021020121021201021012021201020121021
01020121012021020121021201021012021201210201202
01020121012021020121021201210120102101202102010
01020121012021020121021201210120102101210201202
01020121012021020121021201210120102101210212012
01020121012021020121021202101201020121012021020
01020121012021020121021202101201021201210120212
01020121012021020121021202101201021201210201202
01020121012021020121021202101210201021012021020
01020121012021020121021202101210201202101201020
01020121012021020121021202102010210120102120121
01020121012021201021012021020121012021201020120
01020121012021201021012021020121012021201020121
01021012010212012101201020120210120102120121020
01021012010212012101201020120210120102120121021
01021012010212012102010212021012010212012101201
01021012010212012102010212021012010212012102120
01021012010212012102012021012010212021012102010
01021012010212012102012021012010212021020120210
01021012010212012102012021012010212021020121021
01021012010212021020120210120102120121020120212
01021012021020102101201020120210121020120212010
01021012021020102101201020120210121020120212012
01021012021020102101201020120210201210120212010
01021012021020102101201020120210201210120212012
01021012021020102101201020120210201210212010210
01021012021020102101201020121012021020121021202
01021012021020102101201020121012021201210201202
01021012021020102101201020121021201021012021020
01021012021020102101201020121021201021012102010
01021012021020102101201021201210201021012021020
01021012021020102101201021201210201021202101201
01021012021020102101201021201210201202101201020
01021012021020102101201021201210212021020120210
01021012021020102101201021201210212021020121021
01021012021020102101201021202101210201202101201
01021012021020102101201021202102012101202102010
01021012021020102101210212010201210212021012010
01021012021020102101210212010201210212021020120
01021012021020102101210212010210120210201021202
01021012021020102101210212010210120210201210212
01021012021020102101210212010210120212012102012
01021012021020102101210212012101201021012021020
01021012021020102101210212012101201021012102010
01021012021020102120121012021201020121012010212
01021012021020102120121012021201021012021020120
01021012021020102120121020120210120102120121021
01021012021020102120121020120210120102120210121
01021012021020102120121020120210121020102101201
01021012021020102120121020120210121020102101202
01021012021020102120121020120210121020102120121
01021012021020102120121020120210201021012010201
01021012021020102120121020120210201021012021020
01021012021020102120121020120210201021202101201
01021012021020102120121020120212010201210120212
01021012021020102120121020120212012101201021201
01021012021020102120210120102012101202120121020
01021012021020102120210120102120121012021201020
01021012021020102120210120102120121020120210120
01021012021020102120210120102120121020120212012
01021012021020102120210121020102101202102012101
01021012021020102120210121020102101202102012102
01021012021020102120210121020102101202120102101
01021012021020102120210121020102120121020120212
01021012021020102120210121020120210120102012101
01021012021020102120210121020120210120102120121
01021012021020102120210121021201020121012010210
01021012021020102120210121021201020121012010212
01021012021020102120210121021201020121021202101
01021012021020102120210121021201020121021202102
01021012021020102120210121021201021012021020120
01021012021020102120210121021201021012021201020
01021012021020102120210121021201210120102101210
01021012021020102120210121021201210120102120121
01021012021020120212010201210120210201210212012
01021012021020120212010210120102012102120102101
01021012021020120212010210120212012102120102101
01021012021020120212010210121021201020121021202
01021012021020120212010210121021201210201202102
01021012021020120212012101201021201210201021202
01021012021020120212012101201021201210201202102
01021012021020120212012101202102012102120102101
01021012021020120212012101202102012102120210121
01021012021020120212012102010210120102120121021
01021012021020120212012102010210120212010210121
01021012021020120212012102010210121021201021012
01021012021020120212012102010212012101201021201
01021012021020120212012102010212012101202102010
01021012021020120212012102010212021012010212012
01021012021020120212012102120102101202102010210
01021012021020120212012102120102101202102012102
01021012021020120212012102120102101210201021202
01021012021020120212012102120210120102120121021
01021012021020120212012102120210121020102101202
01021012021020120212012102120210201021012021020
01021012021020120212012102120210201202101201020
01021012021020121012010210120212012102120102101
01021012021020121012010210121021201020121021202
01021012021020121012010210121021201210201202102
01021012021020121012010212021012010201202102010
01021012021020121012010212021012010201202102012
01021012021020121012010212021012010201210120212
01021012021020121012010212021012010201210212012
01021012021020121012021201020120210120102012101
01021012021020121012021201020120210120102120121
01021012021020121012021201020120210121020120212
01021012021020121012021201020120210121021201021
01021012021020121012021201020121012010212012101
01021012021020121012021201021012010201202101201
01021012021020121012021201021012010201202102012
01021012021020121012021201021012010201210120212
01021012021020121012021201021012021020121021202
01021012021020121012021201021012102120121020120
01021012021020121012021201210201021012021020120
01021012021020121012021201210201021201210120212
01021012021020121012021201210201021202102012101
01021012021020121012021201210201021202102012102
01021012021020121012021201210201202101201020120
01021012021020121012021201210201202101201021201
01021012021020121012021201210201202120102012101
01021012021020121012021201210212021020120210120
01021012021020121012021201210212021020120212010
01021012021020121012021201210212021020120212012
01021012021020121021201020120210120102120121021
01021012021020121021201020120210120102120210121
01021012021020121021201020120210121020120212010
01021012021020121021201020120210121020120212012
01021012021020121021201020120210201021012010201
01021012021020121021201020120210201021012021020
01021012021020121021201020120212012102120102101
01021012021020121021201020121012010212012102010
01021012021020121021201020121012010212012102012
01021012021020121021201020121012010212021012010
01021012021020121021201020121012021020102101201
01021012021020121021201020121012021020120212010
01021012021020121021201020121012021020120212012
01021012021020121021201020121012021201210201202
01021012021020121021201021012010201202102010210
01021012021020121021201021012010201202102010212
01021012021020121021201021012010201202102012102
01021012021020121021201021012010201210212012101
01021012021020121021201021012021020102120121021
01021012021020121021201021012021020102120210121
01021012021020121021201021012021201020120210120
01021012021020121021201021012021201020120210121
01021012021020121021201021012021201020121021202
01021012021020121021201021012021201210201202102
01021012021020121021201021012021201210212010210
01021012021020121021201021012102010212021020121
01021012021020121021201021012102012021012010210
01021012021020121021201021012102120210201210212
01021012021020121021201210120102012021012010210
01021012021020121021201210120102012021012010212
01021012021020121021201210120102101202102010210
01021012021020121021201210120102101202102012102
01021012021020121021201210120102101210201021202
01021012021020121021201210120102101210201202102
01021012021020121021201210120102101210212010210
01021012021020121021201210120102101210212012102
01021012021020121021201210120210201021012010201
01021012021020121021201210120210201202120102101
01021012021020121021201210120210201202120121021
01021012021020121021202101201020121012021020120
01021012021020121021202101201020121012021201020
01021012021020121021202101201021201210201021202
01021012021020121021202101201021201210201202102
01021012021020121021202101210201021012021020120
01021012021020121021202101210201021012021201020
01021012021020121021202101210201021201210201202
01021012021020121021202101210201021202102012101
01021012021020121021202101210201021202102012102
01021012021020121021202101210201202101201020120
01021012021020121021202101210201202101201021201
01021012021020121021202101210201202120102012101
01021012021020121021202102010210120102120121021
01021012021020121021202102010210120210201202120
01021012021020121021202102010210120212010210121
01021012021020121021202102010210121021201021012
01021012021020121021202102010212012101201021201
01021012021201020120210121021201020121021202101
01021012021201020120210121021201020121021202102
01021012021201020120210121021201021012021020120
01021012021201020120210121021201021012021201020
01021012021201020120210201210212010201202101201
01021012021201020121012021020121021201020121012
01021012021201020121021201021012010201202101201
01021012021201020121021201021012010201202102012
01021012021201020121021201021012021020121021202
01021012021201020121021201021012021201210201202
01021012021201020121021201210120102101210212012
01021012021201021012102010212012102012021012010
01021012021201021012102010212012102012021201020
01021012021201021012102010212021012010212012101
01021012021201021012102010212021012102120102101
01021012021201021012102010212021020121012021020
01021012021201021012102010212021020121021201020
01021012021201021012102010212021020121021201021
01021012021201021012102012021020102101201020120
01021012021201021012102012021020102101201020121
01021012021201210120210201210212012101201021201
01021012021201210201021201210120102012021012010
01021012021201210201021201210120102101202102010
01021012021201210201021201210120102101210201202
01021012021201210201021201210120102101210212012
01021012021201210201021201210120210201021202101
01021012021201210201021201210120210201021202102
01021012021201210201021201210120210201210212012
01021012021201210201021201210120212010201202101
01021012021201210201202101210212012101201021201
01021012021201210212010201202102012102120102101
01021012021201210212010201210120210201210212012
01021012021201210212010210120210201202120102101
01021012021201210212010210120210201202120121021
01021012021201210212010210120210201210120212010
01021012021201210212010210120210201210120212012
01021012021201210212010210120210201210212010210
01021012021201210212010210120210201210212012101
01021012021201210212021020120210120102120121021
01021012021201210212021020120210120102120210121
01021012021201210212021020120212010201210120212
01021012021201210212021020120212012101201021201
01021012021201210212021020121012021020102101201
01021012021201210212021020121012021020102120121
01021012021201210212021020121012021201210212010
01021201020120212012102012021012010201210120212
01021201020120212012102012021012010212012101201
01021201020120212012102012021012010212012102012
01021201020120212012102012021012102010210120210
01021201020120212012102012021012102010210120212
01021201020120212012102012021012102010212012101
01021201020120212012102012021012102120102101201
01021201020120212012102012021020102101201020120
01021201020120212012102012021020102101201020121
01021201020120212012102012021020102101201021201
01021201020120212012102120210201202101201020120
01021201020120212012102120210201202101201021201
01021201020120212012102120210201202120102012101
01021201020120212012102120210201202120102101201
01021201210120102101210201202120121012010212012
01021201210120212010201202101201021201210120212
01021201210120212010201202101201021201210201202
01021201210120212010201202101201021202102012102
01021201210120212010201202101210201021012021020
01021201210120212010201202101210201202120102101
01021201210120212010201202101210201202120121021
01021201210120212010201202101210212010210120210
01021201210120212010201202101210212010210120212
01021201210120212010201202102010210120102012101
01021201210120212010201202102010210120102120121
01021201210120212010201210120102101210212010210
01021201210120212010201210120102101210212012102
01021201210120212010201210120102120121020120212
01021201210120212010201210120102120210201210212
01021201210120212010201210120210201210212010210
01021201210120212010201210212010210120212010201
01021201210120212010210120102012021020102101201
01021201210120212010210120210201202120121020120
01021201210120212010210120210201202120121021201
01021201210120212010210120210201210120102120121
01021201210120212010210120210201210120212010201
01021201210120212010210120210201210120212010210
01021201210120212010210120210201210120212012101
01021201210120212010210120210201210212010210121
01021201210120212010210121020102120121020120212
01021201210120212010210121020102120210201210212
01021201210201202101201020120212012102012021012
01021201210201202101201020120212012102012021020
01021201210201202120121012010201202101201021201
01021201210201202120121012010201202101201021202
01021201210201202120121012010210120210201021202
01021201210201202120121012010210120210201210212
01021201210201202120121012010210121020120212012
01021201210201202120121012010212012102010212021
01021201210201202120121012021020102101201020120
01021201210201202120121012021020102101201020121
01021201210201202120121012021020102101201021201
01021201210212021012102012021201210212021012010
01021201210212021020120212012102120102012101201
01021201210212021020120212012102120102012101202
01021201210212021020120212012102120102101202102
01021202101201021201210120102012021012010212012
01021202101201021201210201202101201021012102010
01021202101201021201210201202101201021202101210
01021202101201021201210201202101201021202102010
01021202101210201021201210201202101210201021202
01021202101210201202101201020120212012102012021
01021202101210201202101201020121012021020121021
01021202101210201202101201021012102120121020120
01021202101210201202101201021201210201021202101
01021202101210201202101201021201210201021202102
01021202101210201202101201021201210201202102010
01021202101210201202101201021201210212021012010
01021202101210201202101201021201210212021020120
01021202101210201202101201021202101210201021202
01021202101210201202101201021202101210212010210
01021202101210201202101201021202101210212012102
01021202101210201202102010210120102012021012010
01021202101210201202102010210120102012021020102
01021202101210201202102010210120102012021020121
01021202101210212010201202101210201202120102101
01021202101210212010201202101210201202120121021
01021202102012021012010201202120121020120210120
01021202102012021012010212012102012021012102010
01021202102012021012010212012102012021012102012
01021202102012021012102010212012102012021012010
01021202102012021201021012102120121020120212012
01021202102012021201210120102120121020120212012
01021202102012021201210201021012010201202101201
01021202102012021201210201021012010201202102012
01021202102012021201210201021012010212012101201
01021202102012021201210201021012010212012102012
01021202102012021201210201021012102120102101201
01021202102012021201210201021012102120102101202
01021202102012021201210201021201210120102101210
01021202102012021201210212010201202101201021201
01021202102012021201210212010201202101201021202
01021202102012021201210212010201202101210201202
01021202102012021201210212010210120210201021202
01021202102012021201210212010210120210201210212
01021202102012021201210212010210120212012102012
01021202102012021201210212010210121021202101202
01021202102012021201210212021012010201202102010
01021202102012021201210212021012010201202102012
01021202102012021201210212021012010201210120212
01021202102012021201210212021012010212012101201
01021202102012021201210212021012010212012102012
01021202102012021201210212021012102010210120210
01021202102012021201210212021012102010210120212
01021202102012021201210212021012102012021012010
01021202102012021201210212021020102101201021201
01021202102012021201210212021020121012010210120
01021202102012021201210212021020121012021020102
01021202102012101202102010210120102012021012010
01021202102012101202102010210120102012021020102
01021202102012101202102010210120102120121020120
01021202102012101202102010210120212010210121020
01021202102012101202102010210120212010210121021
01021202102012101202102010212012101202120102101
01021202102012101202102010212012102012021012010
01021202102012101202102010212012102012021201020
01021202102012101202102010212021012010212012101
01021202102012101202102010212021012102120102101
01201021012021020121012021201021012021020120212
01201021201210120102012021012010210121021201021
01201021201210120102012021012010212021012102010
01201021201210120102012021012010212021020121021
01201021201210120102012021012102120121012010210
01201021201210120102012021012102120121012010212
01201021201210120102012021020102101201020121021
01201021201210120102012021020102101202120121021
01201021201210120102012021020102120121012010210
01201021201210120102012102120102101202102012102
01201021201210120102101202102010210121021201021
01201021201210120102101202102010212021012010210
01201021201210120102101202102010212021012102010
01201021201210120102101202102012021201210201202
01201021201210120102101202102012021201210212021
01201021201210120102101202102012101201020121021
01201021201210120102101202102012101202120102101
01201021201210120102101202102012101202120121020
01201021201210120102101202102012101202120121021
01201021201210120102101202102012102120102012101
01201021201210120102101202102012102120102101201
01201021201210120102101202120102012102120102101
01201021201210120102101202120121020102120121012
01201021201210120102101202120121021202102012102
01201021201210120102101210201021201210201202102
01201021201210120102101210201021202101201021201
01201021201210120102101210201021202101210212010
01201021201210120102101210201202101201020121021
01201021201210120102101210201202102010210120210
01201021201210120102101210201202120121021201021
01201021201210120102101210201202120121021202101
01201021201210120102101210201202120121021202102
01201021201210120102101210212010201202102012102
01201021201210120102101210212012101202102010210
01201021201210120102101210212012101202102012102
01201021201210120102101210212012102010210120210
01201021201210120102101210212012102012021012010
01201021201210120102101210212012102012021201020
01201021201210120102101210212021012010201202102
01201021201210120102101210212021020121021201020
01201021201210120102101210212021020121021201021
01201021201210120210201021202101201020120210120
01201021201210120210201021202101210201202101201
01201021201210120210201021202101210212010210121
01201021201210120210201202120121021202101201020
01201021201210120210201202120121021202102012102
01201021201210120210201210212010201202101201020
01201021201210120210201210212010201202102012102
01201021201210120210201210212010210120210201202
01201021201210120210201210212010210120212010201
01201021201210120210201210212012101202120102101
01201021201210120210201210212021012010212012101
01201021201210120210201210212021020102101201021
01201021201210120210201210212021020102101202102
01201021201210120212010201202101201021202101210
01201021201210120212010201202101210212010210121
01201021201210120212010201210120102101210212012
01201021201210120212010201210120102120121020120
01201021201210120212010201210120102120210120102
01201021201210120212010201210120102120210121021
01201021201210120212010201210120210201210212012
01201021201210120212010210120210201202120121021
01201021201210120212010210120210201210120212010
01201021201210120212010210120210201210120212012
01201021201210120212010210120210201210212010210
01201021201210120212010210121020102120121020120
01201021201210201021012010201202101210201202120
01201021201210201021012010201202101210212012102
01201021201210201021012010201202102010210120210
01201021201210201021012010201202102010212012101
01201021201210201021012021201021012102120121012
01201021201210201021202101201020120210201021202
01201021201210201021202101201020120210201210212
01201021201210201021202101201020120212012102012
01201021201210201021202101201020121012021201020
01201021201210201021202101201021012102120102101
01201021201210201021202101201021012102120121012
01201021201210201021202101201021201210201202102
01201021201210201021202101210201021012021020120
01201021201210201021202101210201021012021201020
01201021201210201021202101210201202101201020120
01201021201210201021202101210201202101201021201
01201021201210201021202101210201202120102012101
01201021201210201021202101210212010201202101201
01201021201210201021202101210212010201210120212
01201021201210201021202101210212010201210212021
01201021201210201021202101210212012101201021201
01201021201210201021202102012021012010212012101
01201021201210201021202102012021201210212010210
01201021201210201021202102012101202102010212012
01201021201210201021202102012101202120102012101
01201021201210201021202102012101202120121020120
01201021201210201021202102012101202120121021201
01201021201210201021202102012102120102012101201
01201021201210201021202102012102120102012101202
01201021201210201021202102012102120102101202102
01201021201210201021202102012102120121012010210
01201021201210201202101201020120212012102012021
01201021201210201202101201020121012021020121021
01201021201210201202101201021012102012021020102
01201021201210201202101201021012102012021201020
01201021201210201202101201021012102120121020120
01201021201210201202101201021201210212021012010
01201021201210201202101201021201210212021020120
01201021201210201202101201021202101210201021202
01201021201210201202101201021202101210201202102
01201021201210201202101201021202101210212010210
01201021201210201202101201021202101210212012102
01201021201210201202101201021202102010210120210
01201021201210201202101210201021012010201202102
01201021201210201202101210201021012010212012101
01201021201210201202101210201021012021020121021
01201021201210201202101210201021012021201020120
01201021201210201202101210201021012021201021012
01201021201210201202101210201021202101210212010
01201021201210201202101210212010210120212010201
01201021201210201202101210212021012010212012101
01201021201210201202102010210120102012021012010
01201021201210201202102010210120102012021020102
01201021201210201202102010210120102012021020121
01201021201210201202102010210120102120121020120
01201021201210201202102010210120212010210121020
01201021201210201202102010210120212010210121021
01201021201210201202102010212021012010212012101
01201021201210201202120102012101201021202101201
01201021201210201202120102012101202120121020120
01201021201210201202120102012102120102101202102
01201021201210201202120102101202102012101202120
01201021201210201202120121012010210121020120212
01201021201210201202120121012010210121021201021
01201021201210201202120121012010212012102010210
01201021201210201202120121012010212012102010212
01201021201210201202120121012010212021012010201
01201021201210201202120121012010212021020120210
01201021201210201202120121012021020102101201020
01201021201210201202120121012021020102101201021
01201021201210212021012010201202101210201202120
01201021201210212021012010201202101210212012102
01201021201210212021012010201202102010210120210
01201021201210212021012010201202102010212012101
01201021201210212021012010212012102010210120210
01201021201210212021012010212012102012021012010
01201021201210212021012010212012102012021201020
01201021201210212021012102012021012010212012101
01201021201210212021020102101202102012101202120
01201021201210212021020120210120102101210212012
01201021201210212021020120210120102120121020120
01201021201210212021020120210120102120210121020
01201021201210212021020120210120102120210121021
01201021201210212021020120210121020102120121021
01201021201210212021020120212010201210212010210
01201021201210212021020120212010210121021201021
01201021201210212021020120212012101201021201210
01201021201210212021020120212012102010212012101
01201021201210212021020120212012102120102012101
01201021201210212021020120212012102120102101201
01201021201210212021020121012010210121021201021
01201021201210212021020121012010212021012010201
01201021201210212021020121012021020102101201020
01201021201210212021020121012021020102101201021
01201021201210212021020121012021020102120121021
01201021201210212021020121012021020102120210121
01201021201210212021020121012021201021012021020
01201021202101201020121012021201021012021020120
01201021202101201020121012021201210201021201210
01201021202101201020121012021201210201021202102
01201021202101201020121012021201210201202101201
01201021202101201020121012021201210212021020120
01201021202101210201021012010201202101210212012
01201021202101210201202101201020120212012102012
01201021202101210201202101201020121012021201020
01201021202101210201202101201021012102120102101
01201021202101210201202101201021012102120121012
01201021202101210201202101201021201210201021202
01201021202101210201202101201021201210201202102
01201021202101210201202101201021202101210212010
01201021202101210201202101201021202101210212012
01201021202101210212010201202101201021202101210
01201021202101210212012102012021012102120102101
01201021202102010212012102012021020102101201021
01201021202102010212012102012021020102101202102
01201021202102012021012010212012102010210120210
01201021202102012021012010212012102012021020102
01201021202102012021012010212012102012021201020
01201021202102012021201210120102120121020120212
01201021202102012021201210201021012010201202102
01201021202102012021201210201021012010212012101
01201021202102012021201210212010201202101201020
01201021202102012021201210212010210120212010201
01201021202102012021201210212021012010201202102
01201021202102012021201210212021012010212012101
01201021202102012021201210212021020102101201021
01201021202102012021201210212021020102101202102
01201021202102012021201210212021020121012010210
01201021202102012101202102010210120102120121021
01201021202102012101202102010210120212010210121
01201021202102012101202102010210121021201021012
01201021202102012101202102010212012101201021201
01201021202102012101202102010212021012010212012
01201021202102012102120102012021020102101201021
01201021202102012102120102012021020102101202102
01202101201021201210212021012010212021020120210
01202101201021202101210201021012010201202101201
01202101201021202101210212010201202101201021201
01202101201021202101210212010201202101201021202
01210120102101202102010210121021201021012021020
01210120102101202102012101202120102101202102010
01210120102101202102012101202120102101202102012
01210120102101202102012102120102101201020121021
01210120102101202102012102120102101202120121021
01210120102101202102012102120102101210201021202
01210120102101202120102012102120102101202102010
01210120102101202120121021201021012021020121021
01210120102101210201202120121021201021012102010
01210120102101210212010201202102012102120102101
01210120102101210212010201202102012102120210121
01210120102101210212010201202120121020120210120
01210120102101210212010201202120121020120210121
01210120102101210212010201210120210201210212012
01210120102101210212010201210212021012010212012
01210120102101210212010201210212021020120210120
01210120102101210212010201210212021020120212010
01210120102101210212010201210212021020120212012
01210120102101210212012101201021012021020121021
01210120102101210212012101201021012021201020120
01210120102101210212012101201021012021201020121
01210120102101210212012101201021202101201020120
01210120102101210212012101201021202101201020121
01210120102101210212012101202102012102120102101
01210120102101210212012101202102012102120210121
01210120102101210212012101202120102012021012010
01210120102101210212012101202120102101202102010
01210120102101210212012102010210120212010210121
01210120102101210212012102010212021012010212012
01210120102101210212012102012021012010212012101
01210120102101210212012102012021012102010212012
01210120102101210212012102012021012102120102101
01210120102101210212012102012021020102101201021
01210120102101210212012102012021020102101202102
01210120102120210120102012021012102012021201020
01210120102120210120102012021012102120121020120
01210120102120210120102012021020102101201020120
01210120102120210120102012021020102101201020121
01210120102120210120102012021020102101201021201
01210120102120210120102012021020102120121020120
01210120102120210120102012021201210201202101201
01210120102120210120102012021201210212021020120
01210120102120210120102012101202120102101202102
01210120102120210120102012101202120121020120212
01210120102120210120102012102120102101202102010
01210120102120210120102012102120121012010210120
01210120102120210120102012102120121012010212012
01210120102120210120102012102120210121020120212
01210120102120210120102012102120210201202101201
01210120210201210212021020102101202102012102120
01210120212010201210212010210120212010201202101
01210120212010201210212010210120212010201202102
01210120212010210120210201021012102120102101201
01210120212010210120210201021012102120102101202
01210120212010210120210201021012102120121020120
01210120212010210120210201021201210120212010210
01210120212010210120210201021201210201202101201
01210120212010210120210201021202101210212010210
01210120212010210120210201202120102101210212012
01210120212010210120210201202120121020102101201
01210120212010210120210201202120121021202101201
01210120212010210120210201210120102101210212012
01210120212010210120210201210120102120121020120
01210120212010210120210201210120212010201202101
01210120212010210120210201210120212010201202102
01210120212010210120210201210120212010201210212
01210120212010210120210201210212010201202101201
01210120212010210120210201210212010201202102012
01210120212010210120210201210212010201210120212
01210120212010210120210201210212010210120212010
01210120212010210120210201210212010210120212012
01210120212010210120210201210212012101201021201
01210120212010210120210201210212012101202102010
01210120212010210120210201210212021020102101201
01210120212012102010210120212010210121020120212
01210120212012102010210120212010210121021201021
01210201202101201020120212012102012021012010210
01210201202101201020120212012102012021012010212
01210212010201210212021012102010210120212010210
01210212010201210212021012102010212021020121021
01210212010201210212021012102012021012010212012
01210212010210120210201021012102120102101202120
01210212010210121021202101201020120210201021202
01210212010210121021202101201020120210201210212
01210212010210121021202102010210120210201210212
01210212010210121021202102012021012010212012101
01210212010210121021202102012021201020121021202
01210212010210121021202102012021201210212010210
01210212010210121021202102012101202102010212012
01210212010210121021202102012102120102012101201
01210212010210121021202102012102120102012101202
01210212010210121021202102012102120102101202102
01210212010210121021202102012102120121012010210
01210212012102012021012010212012102010210120210
01210212012102012021012102010212012102012021020
01210212012102012021201210120102120121020120212
010201202101210201202120102012101201021202101201
010201202101210201202120102012101202120121020120
010201202101210201202120102012102120102101202102
010201202101210201202120102101202102012101202120
010201202101210201202120102101210212010201202102
010201202101210201202120102101210212012101202102
010201202101210201202120102101210212021020121021
010201202101210201202120121012010210121021201021
010201202101210201202120121012010212021012010201
010201202101210201202120121020102120121012010210
010201202101210201202120121020102120121012021020
010201202101210201202120121021201021012021020120
010201202101210201202120121021201021012021201020
010201202101210201202120121021202101210201021202
010201202101210201202120121021202102010210120210
010201202101210201202120121021202102012021012010
010201202101210201202120121021202102012021201020
010201202102010210120212010201202101210212010210
010201202102010210120212010201210212010210120210
010201202102010210120212010201210212010210121021
010201202102010210120212010210121020102120210121
010201202102010210120212010210121020120212010201
010201202102010210120212010210121020120212012101
010201202102010210120212010210121021201210120212
010201202102010210120212010210121021201210201202
010201202102010210120212010210121021202102012102
010201202102010210120212012101201021201210201202
010201202102010210120212012102010212012101202102
010201202102010210120212012102120102101202102010
010201202102010210120212012102120210201202101201
010201202102010210120212012102120210201210120212
010201202102012102120102012101202102012102120121
010201202102012102120102101202102012101201021201
010201202102012102120210201021012021020121021202
010201210120210201210212010201202101210201202120
010201210120210201210212010201202102010210120210
010201210120210201210212010201210120102101202102
010201210120210201210212010201210120102120121021
010201210120210201210212010201210120102120210121
010201210120210201210212010201210120210201021202
010201210120210201210212010201210120212012102010
010201210120210201210212010201210120212012102012
010201210120210201210212010210120102012021012010
010201210120210201210212010210120102012021020102
010201210120210201210212010210120102012102120121
010201210120210201210212010210120210201210120210
010201210120210201210212010210120210201210120212
010201210120210201210212010210120212010201202101
010201210120210201210212010210120212010201202102
010201210120210201210212010210120212010201210212
010201210120210201210212010210121020102120210121
010201210120210201210212010210121021202102012102
010201210120210201210212012101201020120210120102
010201210120210201210212012101201021012021020120
010201210120210201210212012101201021202101201020
010201210120210201210212012101202102010210120210
010201210120210201210212012101202120102101202102
010201210120210201210212021012102010212021020121
010201210120210201210212021012102012021012010210
010201210120210201210212021020102101202102012101
010201210120210201210212021020102101202102012102
010201210120210201210212021020102120121012010210
010201210212010210121021202102012102120102101201
010201210212010210121021202102012102120102101202
010210120102120121020102120210120102120121021202
010210120102120121020120210120102120210121020120
010210120102120121020120210120102120210201210212
010210120102120210201202101201021201210201021202
010210120102120210201202101201021201210201202102
010210120210201021012010201202101210212012102012
010210120210201021012010201202102010212012101201
010210120210201021012010201202102010212012102012
010210120210201021012010201202102012101201021201
010210120210201021012010201202102012102120102101
010210120210201021012010201202102012102120210121
010210120210201021012010201202120102101210212012
010210120210201021012010201202120121020120210120
010210120210201021012010201202120121020120210121
010210120210201021012010201210120210201210212012
010210120210201021012010201210120212010201202101
010210120210201021012010201210120212010210120210
010210120210201021012010201210212010210121020120
010210120210201021012010201210212012101201021201
010210120210201021012010201210212021020120210120
010210120210201021012010201210212021020120212010
010210120210201021012010201210212021020120212012
010210120210201021012010212012101201020120210120
010210120210201021012010212012101202120102012101
010210120210201021012010212012101202120102101201
010210120210201021012010212012102010210121020120
010210120210201021012010212012102010212021012010
010210120210201021012010212012102010212021020120
010210120210201021012010212012102010212021020121
010210120210201021012010212012102012021012010210
010210120210201021012010212012102012021012102010
010210120210201021012010212012102120210201202120
010210120210201021012010212012102120210201210212
010210120210201021012010212021012102012021012010
010210120210201021012010212021020120212012102012
010210120210201021012010212021020121012021020102
010210120210201021012102012021012010212012102012
010210120210201021012102120102012021020102101201
010210120210201021012102120102012021020102101202
010210120210201021012102120102101201020120210120
010210120210201021012102120102101202120102012101
010210120210201021012102120102101202120121020120
010210120210201021012102120121012010210121020120
010210120210201021012102120121012010212021020120
010210120210201021012102120121012021020102101201
010210120210201021201210120212010201202101201020
010210120210201021201210120212010201210212010210
010210120210201021201210120212010210121021201021
010210120210201021201210201202101201021201210212
010210120210201021201210201202101201021202101210
010210120210201021201210201202101210212010210121
010210120210201021201210201202101210212012102012
010210120210201021201210201202102010212021012010
010210120210201021201210201202120102101202102010
010210120210201021201210201202120121012010210120
010210120210201021201210201202120121012010212012
010210120210201021201210212021020120212010210121
010210120210201021201210212021020120212012102012
010210120210201021202101201020121012021020121021
010210120210201021202101201021201210201021202101
010210120210201021202101201021201210201021202102
010210120210201021202101201021201210201202101201
010210120210201021202101201021201210212021020120
010210120210201021202101210201021012010201202102
010210120210201021202101210201021012021020121021
010210120210201021202101210201021012021201020120
010210120210201021202101210201021012021201021012
010210120210201021202101210201021201210201202102
010210120210201021202101210212010201202101201020
010210120210201021202101210212010210120212010201
010210120210201202120102012102120102101202102010
010210120210201202120102101210212010201202102012
010210120210201202120102101210212010201210212021
010210120210201202120102101210212012101201021201
010210120210201202120102101210212012101202102010
010210120210201202120121012010212012102010212021
010210120210201202120121020102101201020120210120
010210120210201202120121020102101202120102101210
010210120210201202120121020102120121012010210120
010210120210201202120121020102120121012010210121
010210120210201202120121020102120121012021020120
010210120210201202120121020102120121012021201020
010210120210201202120121020102120210120102120121
010210120210201202120121021201020121012021020120
010210120210201202120121021201021012010201202102
010210120210201202120121021201021012021020121021
010210120210201202120121021201021012021201020120
010210120210201202120121021201021012021201020121
010210120210201202120121021202101201020120210120
010210120210201202120121021202101210201202101201
010210120210201202120121021202102010210120210201
010210120210201202120121021202102012021012010210
010210120210201202120121021202102012021012102010
010210120210201202120121021202102012101202102010
010210120210201210120102101210212010201202102012
010210120210201210120102101210212010201210212021
010210120210201210120102101210212012101201021201
010210120210201210120102101210212012101202102010
010210120210201210120102120210120102012021020102
010210120210201210120212010201202101210201021202
010210120210201210120212010201202101210201202120
010210120210201210120212010201202101210212010210
010210120210201210120212010201202102010210120210
010210120210201210120212010201210120102120121021
010210120210201210120212010201210120102120210121
010210120210201210120212010201210212010210120210
010210120210201210120212010201210212010210121021
010210120210201210120212010201210212021012102010
010210120210201210120212010210120102012021012010
010210120210201210120212010210120102012021020102
010210120210201210120212010210120210201210212012
010210120210201210120212010210121020102120210121
010210120210201210120212010210121021201210120212
010210120210201210120212010210121021201210201202
010210120210201210120212010210121021202102012102
010210120210201210120212012102010212012101202102
010210120210201210120212012102010212021012102010
010210120210201210120212012102010212021020120210
010210120210201210120212012102010212021020121021
010210120210201210120212012102012021012010212012
010210120210201210120212012102012021012102010210
010210120210201210120212012102012021012102010212
010210120210201210120212012102012021020102101201
010210120210201210120212012102120102101202102010
010210120210201210120212012102120210201202101201
010210120210201210212010201202101201021202101210
010210120210201210212010201202120102101202102010
010210120210201210212010201210120102101202102010
010210120210201210212010201210120102101210212012
010210120210201210212010201210120102120121020120
010210120210201210212010201210120102120210120102
010210120210201210212010201210120102120210121021
010210120210201210212010201210120212010201202101
010210120210201210212010210120102012021020121021
010210120210201210212010210120102012102120121012
010210120210201210212010210120102012102120210121
010210120210201210212010210120212010201202101201
010210120210201210212010210120212010201202102012
010210120210201210212010210120212010201210120212
010210120210201210212010210120212010201210212012
010210120210201210212010210120212012101201021201
010210120210201210212010210121020102120121020120
010210120210201210212010210121021202102012102120
010210120210201210212012101201021012021020121021
010210120210201210212012101201021012102120102101
010210120210201210212012101201021012102120121012
010210120210201210212012101201021012102120121020
010210120210201210212012101201021202101201020120
010210120210201210212012101201021202101201020121
010210120210201210212012101202120102101202102010
010210120210201210212021012010212012102010212021
010210120210201210212021012102010210120212010210
010210120210201210212021012102010212021020121021
010210120210201210212021012102012021012010212012
010210120210201210212021020102101201020120210120
010210120210201210212021020102101201020121021202
010210120210201210212021020102101202102012101201
010210120210201210212021020102101202102012101202
010210120210201210212021020102101202120102101210
010210120210201210212021020102101202120121021201
010210120210201210212021020102120121012010210120
010210120210201210212021020102120121012010210121
010210120212010201202101210212010210120212010201
010210120212010201202102012102120102012021012010
010210120212010201210120102101210212010201202102
010210120212010201210212010210120102012021012010
010210120212010201210212010210120102012021020102
010210120212010201210212010210120210201210120212
010210120212010201210212010210120210201210212012
010210120212010201210212010210121020102120210121
010210120212010201210212010210121021202102012102
010210120212010210121020102120210120102120121021
010210120212010210121020102120210201202120121021
010210120212010210121020102120210201210120210201
010210120212010210121020102120210201210120212012
010210120212010210121020102120210201210212010210
010210120212012101202102012102120121012010210120
010210120212012101202102012102120121012010212012
010210120212012102010212012101201020120210120102
010210120212012102010212012101201021012021020120
010210120212012102010212012101201021202101201020
010210120212012102010212012101202102010210120210
010210120212012102010212012101202120102101202102
010210120212012102012021012102120121012010210120
010210120212012102012021012102120121012010212012
010210120212012102120102101202102012101201021201
010210120212012102120102101202102012102120121012
010210120212012102120102101202102012102120210121
010210120212012102120210201021012021020121021202
010210120212012102120210201202101201021202101210
010210120212012102120210201202101210212010210121
010210120212012102120210201202120102101202102010
010210120212012102120210201202120102101210212012
010210120212012102120210201202120121012010210120
010210120212012102120210201202120121012010212012
010210120212012102120210201202120121020102101201
010210120212012102120210201210120102101202102010
010210120212012102120210201210120102101210212012
010210121020102120121020120210121020102120210121
010212010201202102010210120212010201202102012101
010212010201202102010210120212010201202102012102
010212010201202120121020120210120102101210212012
010212010201202120121020120210120102120121020120
010212010201202120121020120210120102120210121020
010212010201202120121020120210120102120210121021
010212010201202120121020120210121020102101201021
010212010201202120121020120210121020102101202102
010212010201202120121020120210121020102120121021
010212010201202120121020120210121020102120210121
010212010201202120121020120210201021012010212012
010212010201202120121021202102012021012010212012
010212010201202120121021202102012021012102010210
010212010201202120121021202102012021012102010212
010212010201210212021020120212010201210212010210
010212012101201021012102012021201210120102120121
010212012101202120102012021012010210121021201021
010212012101202120102012021012010212021012102010
010212012101202120102012021012010212021020121021
010212012101202120102012021012102010212021020121
010212012101202120102012021012102120102101202102
010212012101202120102012021012102120121012010210
010212012101202120102012021020102101201020121021
010212012101202120102012021020102101202120121021
010212012101202120102012101201021012102120102101
010212012101202120102012101201021012102120121012
010212012101202120102012101201021201210201021202
010212012101202120102012101201021201210201202102
010212012101202120102012101201021202101201020120
010212012101202120102012101201021202101201020121
010212012101202120102012101201021202101210212010
010212012101202120102012101201021202101210212012
010212012101202120102012101202102012102120102101
010212012101202120102012101202102012102120210121
010212012101202120102012102120102101202102010210
010212012101202120102012102120102101202102012102
010212012101202120102012102120102101210201021202
010212012101202120102012102120210121020102101202
010212012101202120102101202102010210121021201021
010212012101202120102101202102010212021012102010
010212012101202120102101202102012021201210201202
010212012101202120102101202102012021201210212021
010212012101202120102101202102012101202120121020
010212012101202120102101202102012101202120121021
010212012101202120102101202102012102120102012101
010212012101202120102101202102012102120102101201
010212012101202120102101210201021201210201202102
010212012101202120102101210201021202101210212010
010212012101202120102101210212012101202102010210
010212012101202120102101210212012101202102012102
010212012102012021012010201202120121020120210121
010212012102012021012010201202120121020120210201
010212012102012021201210120102012021012010212012
010212012102012021201210120102101210212012101201
010212012102012021201210120102101210212012101202
010212012102012021201210120102101210212012102012
010212012102012021201210120102120121020120210120
010212012102012021201210120102120121020120210121
010212012102012021201210120102120210120102012101
010212012102012021201210120210201021012010212012
010212012102120210201202120121021201020120210120
010212012102120210201202120121021201021012021020
010212012102120210201202120121021201021012102010
010212021012010212012101201020120210120102120121
010212021012010212012102012021012010201210120212
010212021012010212012102012021012010210121020120
010212021012010212012102012021012010212021020120
010212021012102010212012102012021012102010210121
010212021012102010212012102012021012102010212021
010212021012102012021012010201202120121021201021
010212021012102012021012010201210120210201210212
010212021012102012021012010201210120212012102010
010212021012102012021012010201210120212012102012
010212021012102012021012010201210212010210120210
010212021012102012021012010201210212010210121021
010212021012102012021012010201210212021012102010
010212021012102012021012010210121021201210120212
010212021012102012021012010210121021201210201202
010212021012102012021012010212012101201020121020
010212021012102012021012010212012102010210120210
010212021012102012021012010212012102012021020102
010212021012102012021012010212012102012021201020
010212021012102012021012010212021012102010212012
010212021012102012021012010212021012102120102101
010212021012102012021012010212021020121021201020
010212021012102012021012010212021020121021201021
010212021012102012021020102101201020120212010212
010212021020120210120102012021201210201202101201
010212021020120210120102120121020120210121020102
010212021020120210120102120121020120210121021202
010212021020120210120102120121020120210201021202
010212021020120210121021201210201202101201020120
010212021020120210121021201210201202101201021201
010212021020120212012102010210120102012021012010
010212021020120212012102010210120102012021020102
010212021020120212012102010210120102120121020120
010212021020120212012102010210120212010210121020
010212021020120212012102010210120212010210121021
010212021020120212012102010212012101202102010210
010212021020120212012102010212012101202102012102
010212021020120212012102010212021012010212012101
010212021020120212012102120102012021012010212012
010212021020120212012102120102012021012102010210
010212021020120212012102120102012021012102012021
010212021020120212012102120102012021020102101201
010212021020120212012102120102012101202102012102
010212021020120212012102120102101201020120210120
010212021020120212012102120102101202120102012101
010212021020120212012102120102101202120121020120
010212021020120212012102120102101210212021020120
010212021020120212012102120210120102012021020102
010212021020120212012102120210120102101210212012
010212021020120212012102120210120102120121020120
010212021020120212012102120210121020102101202102
010212021020120212012102120210201021012010212012
010212021020120212012102120210201021012021020120
010212021020120212012102120210201021012021020121
010212021020121012021020102101201020121021201021
010212021020121012021020102101201020121021202102
010212021020121012021020102101201021201210120212
010212021020121012021020102101201021201210201202
010212021020121012021020102101202120121021201021
010212021020121012021020102101210212010210120210
010212021020121012021020102101210212010210120212
010212021020121012021020102120121012010210120210
010212021020121012021020102120121012010210121020
010212021020121012021020102120121012010210121021
010212021020121012021020102120121021202102012102
010212021020121012021020102120210120102120121021
010212021020121012021020102120210121020102101202
012010210120210201210120212010210120210201021202
012010210120210201210120212010210120210201202120
012010212012101201020120210120102101210212010210
012010212012101201020120210120102101210212012102
012010212012101201020120210120102120121020120212
012010212012101201020120210120102120210121020120
012010212012101201020120210120102120210201210212
012010212012101201020120210121020102120121020120
012010212012101201020120210121020120212010210121
012010212012101201020120210121020120212012102012
012010212012101201020120210121021201020121021202
012010212012101201020120210201021012010201210212
012010212012101201020120210201021012010212012101
012010212012101201020121021201021012021020121021
012010212012101201021012021020102101210212010210
012010212012101201021012021020102101210212012102
012010212012101201021012021020102120121020120212
012010212012101201021012021020121012010201210212
012010212012101201021012021020121012010212012101
012010212012101201021012021020121021201020121012
012010212012101201021012021201210212021020120210
012010212012101201021012021201210212021020121021
012010212012101201021012102010212021012010212012
012010212012101201021012102010212021020121021202
012010212012101201021012102012021012010201210212
012010212012101201021012102012021012010212012101
012010212012101201021012102012021020102101201021
012010212012101201021012102012021020102101202102
012010212012101201021012102012021201210212010210
012010212012101201021012102120102012021020121021
012010212012101201021012102120102012102120210121
012010212012101201021012102120121012021020121021
012010212012101201021012102120121020102101202102
012010212012101201021012102120121020102120210121
012010212012101201021012102120210201202120121021
012010212012101201021012102120210201210212010210
012010212012101202102010212021012010201202102010
012010212012101202102010212021012010201202102012
012010212012101202102010212021012010201210120212
012010212012101202102010212021012010212012101201
012010212012101202102010212021012010212012102012
012010212012101202102010212021012102010210120210
012010212012101202102010212021012102010210120212
012010212012101202102010212021012102012021012010
012010212012101202102010212021012102120102012101
012010212012101202102010212021012102120102101201
012010212012101202102012021201210212021012010210
012010212012101202102012021201210212021012102010
012010212012101202102012021201210212021020120210
012010212012101202102012021201210212021020121021
012010212012101202102012102120102012021012010210
012010212012101202102012102120102012021020121021
012010212012101202102012102120102012101201021201
012010212012101202102012102120102012101201021202
012010212012101202102012102120102012101202102010
012010212012101202102012102120102101201020121021
012010212012101202102012102120102101202102010210
012010212012101202102012102120102101202102012021
012010212012101202102012102120102101202120121021
012010212012101202102012102120102101210201021202
012010212012101202102012102120121012010210120210
012010212012101202102012102120121012010210121020
012010212012101202102012102120121012010210121021
012010212012101202102012102120210120102120121021
012010212012101202102012102120210121020102101202
012010212012101202102012102120210201021012021020
012010212012101202120102012021012010201210120212
012010212012101202120102012021012010212012101201
012010212012101202120102012021012010212012102012
012010212012101202120102012021012102010210120210
012010212012101202120102012021012102010210120212
012010212012101202120102012021012102012021201020
012010212012101202120102012021012102120102101201
012010212012101202120102012021020102101201020120
012010212012101202120102012021020102101201020121
012010212012101202120102012021020102101201021201
012010212012101202120102012101201021201210120212
012010212012101202120102012101201021201210201202
012010212012101202120102012101201021202101201020
012010212012101202120102012101201021202102012102
012010212012101202120102012102120102101202102010
012010212012101202120102101202102010210121020121
012010212012101202120102101202102012101201021201
012010212012101202120102101202102012102120102101
012010212012101202120102101202102012102120210121
012010212012101202120102101210201021201210201202
012010212012101202120102101210201021202102012101
012010212012101202120102101210201021202102012102
012010212012101202120102101210212012101202102010
012010212012102010210120102012021020102101202102
012010212012102010210120102012021020102120121021
012010212012102010210120102012021020102120210121
012010212012102010210120102012021020121021201021
012010212012102010210120102012021020121021202102
012010212012102010210120102120210201202101201020
012010212012102010210120212010210121020120210120
012010212012102010210120212010210121020120212012
012010212012102010212021012010201202101210212012
012010212012102010212021012010201202102010212012
012010212012102010212021012010201202120121020120
012010212012102010212021012010201210212010210121
012010212012102010212021012102010210120212010210
012010212012102010212021012102012021012010212012
012010212012102010212021012102120102012021012010
012010212012102010212021012102120102101202102010
012010212012102010212021012102120121012010210120
012010212012102010212021012102120121012010212012
012010212012102010212021020120210120102120121021
012010212012102010212021020120210120102120210121
012010212012102010212021020120212012102010212010
012010212012102010212021020120212012102120102101
012010212012102010212021020120212012102120210121
012010212012102010212021020121012010212012102010
012010212012102010212021020121012010212012102012
012010212012102010212021020121012021020102101201
012010212012102010212021020121012021020102120121
012010212012102010212021020121012021201210201202
012010212012102010212021020121021201020120210120
012010212012102010212021020121021201021012021020
012010212012102010212021020121021201021012102010
012010212012102012021012010201202120121021201021
012010212012102012021012010201210120210201210212
012010212012102012021012010201210120212012102010
012010212012102012021012010201210120212012102012
012010212012102012021012010201210212010210120210
012010212012102012021012010201210212010210121021
012010212012102012021012010201210212021012102010
012010212012102012021012010210121020102120210121
012010212012102012021012010210121021201210120212
012010212012102012021012010210121021201210201202
012010212012102012021012010212012101201020121020
012010212012102012021012010212021012102120102101
012010212012102012021012010212021020102101201021
012010212012102012021012010212021020102101202102
012010212012102012021012010212021020121021201020
012010212012102012021012010212021020121021201021
012010212012102012021012102010210120102120121021
012010212012102012021012102010210120210201021202
012010212012102012021012102010210120210201210212
012010212012102012021012102010210120212010210121
012010212012102012021012102010210120212012102012
012010212012102012021012102010212012101201021201
012010212012102012021012102010212012102120210121
012010212012102012021012102010212021012010212012
012010212012102012021012102010212021020120210120
012010212012102012021012102010212021020121021202
012010212012102012021012102120102012102120210121
012010212012102012021012102120102101202102010210
012010212012102012021012102120102101202102012102
012010212012102012021012102120102101210201021202
012010212012102012021012102120121012010210120210
012010212012102012021012102120121012010210121020
012010212012102012021012102120121012010210121021
012010212012102012021012102120121020102101201021
012010212012102012021012102120210120102120121021
012010212012102012021012102120210201202101201020
012010212012102012021020102101201020120212010212
012010212012102012021020102101201020121021201021
012010212012102012021020102101201020121021202102
012010212012102012021020102101201021201210120212
012010212012102012021020102101201021201210201202
012010212012102012021020102101202120121021201021
012010212012102012021020102101210201202101201020
012010212012102012021020102101210212010210120210
012010212012102012021020102101210212010210120212
012010212012102012021020102120121012010210120210
012010212012102012021020102120121012010210121020
012010212012102012021020102120121012010210121021
012010212012102012021020102120121020102101201021
012010212012102012021020102120210120102120121021
012010212012102012021201020121012010212012102010
012010212012102012021201020121012010212012102012
012010212012102012021201020121012010212021012010
012010212012102012021201020121012021020121021202
012010212012102012021201020121012021201210201202
012010212012102012021201020121021201021012021020
012010212012102012021201020121021201021012102010
012010212012102012021201021012010201202102010210
012010212012102012021201021012010201202102010212
012010212012102012021201021012021020102120210121
012010212012102012021201021012021020121021201021
012010212012102012021201021012021020121021202102
012010212012102012021201021012102010212012101201
012010212012102012021201021012102010212012102012
012010212012102012021201021012102010212021020121
012010212012102012021201210120102012021012010210
012010212012102012021201210120102012021012010212
012010212012102012021201210120102101202102010210
012010212012102012021201210120102101202102012102
012010212012102012021201210120102101210201202102
012010212012102012021201210120102101210212010210
012010212012102012021201210120102101210212012102
012010212012102012021201210120102120121021202101
012010212012102012021201210120102120121021202102
012010212012102012021201210120210201021012010201
012010212012102120210120102012021020102101201021
012010212012102120210120102012021020102101202102
012010212012102120210120102012021020102120121021
012010212012102120210120102012021020102120210121
012010212012102120210120102012021020121021201021
012010212012102120210120102012021020121021202102
012010212012102120210120102120121020102101202102
012010212012102120210120102120121020102120210121
012010212012102120210121020102120121020120210120
012010212012102120210121020102120121020120212012
012010212012102120210121020120210120102120121021
012010212012102120210121020120210120102120210121
012010212012102120210121020120212010201210120212
012010212012102120210201021012010201202102010210
012010212012102120210201021012010201202102010212
012010212012102120210201021012021020121021201021
012010212012102120210201021012021020121021202102
012010212012102120210201202101201020120212010212
012010212012102120210201202101201021201210120212
012010212012102120210201202101201021201210201202
012010212012102120210201202101201021202102012102
012010212012102120210201202120102012101201021201
012010212012102120210201202120102012101201021202
012010212012102120210201202120102012102120102101
012010212012102120210201202120102101202102010210
012010212012102120210201202120102101202102012102
012010212012102120210201202120102101210201021202
012010212012102120210201202120102101210212012101
012010212012102120210201202120102101210212012102
012010212012102120210201202120121020102101201021
012010212012102120210201202120121020102120121012
012010212012102120210201210120102012021012010210
012010212012102120210201210120102012021012010212
012010212012102120210201210120102101202102010210
012010212012102120210201210120102101202102012102
012010212012102120210201210120102101210212010210
012010212012102120210201210120102101210212012102
012010212012102120210201210120210201021012010201
012010212021012010201210120210201210212010210121
012010212021012010201210120212010201202101201020
012010212021012010201210120212010201210212010210
012010212021012010201210120212012102010210120210
012010212021012010201210120212012102010212012101
012010212021012010201210120212012102012021012010
012010212021012010201210120212012102012021201020
012010212021012010201210212012101201021012102010
012010212021012102010212012102012021012102010210
012010212021012102010212012102012021012102010212
012010212021012102012021012010201202120121020120
012010212021012102012021012010201202120121021201
012010212021012102012021012010201210212010210121
012010212021012102012021012010212012102010212021
012010212021012102012021012010212012102012021020
012010212021012102012021012010212021020120210120
012010212021012102012021012010212021020121021202
012010212021012102012021020102101201020120210120
012010212021012102120102012021012010201210120212
012010212021012102120102012021012010212012101201
012010212021012102120102012021012010212012102012
012010212021012102120102012021012102012021201020
012010212021012102120121020120210121021202101201
012010212021020102120121020120210201021012010201
012010212021020102120121020120210201021012021020
012010212021020102120121020120210201021202101201
012010212021020120210120102120121020102101201021
012010212021020120210120102120121020102101202102
012010212021020120210120102120121020102120210121
012010212021020120210120102120121020120210121020
012010212021020120210120102120121020120210121021
012010212021020120210121020102120121020120210120
012010212021020120210121020102120121020120212012
012010212021020120210121021201210201202101201020
012010212021020120212012101201021201210201202102
012010212021020120212012102010210120102120121021
012010212021020120212012102010210120212010210121
012010212021020120212012102010210121021201021012
012010212021020120212012102010212012101201021201
012010212021020120212012102010212012101202102010
012010212021020120212012102010212021012010212012
012010212021020120212012102010212021020120210120
012010212021020120212012102010212021020120210121
012010212021020120212012102120102012021012010210
012010212021020120212012102120102012021012102010
012010212021020120212012102120102101202102010210
012010212021020120212012102120102101202102012102
012010212021020120212012102120102101210201021202
012010212021020120212012102120210120102120121021
012010212021020120212012102120210121020102101202
012010212021020120212012102120210201021012021020
012010212021020121012021020102101201020120210120
012010212021020121012021020102101201020121021202
012010212021020121012021020102101202120102101210
012010212021020121012021020102101202120121021201
012010212021020121012021020102120121012010210120
012010212021020121012021020102120121012010210121
012010212021020121012021020102120121012021201020
012010212021020121012021020102120121020120210120
012010212021020121012021020102120121020120212012
012010212021020121012021020102120210120102120121
012010212021020121012021020102120210121021201020
012010212021020121012021020102120210121021201021
012010212021020121021201020120210201021012010201
012010212021020121021201020120210201021012021020
012021012010212021012102010210120102012021012010
012021012010212021012102012021012010201210120212
012021012010212021012102012021012010212012101201
012021012010212021012102012021012010212012102012
012021012010212021012102012021020102101201020120
012021012010212021012102012021020102101201020121
012021012010212021012102012021020102101201021201
012021012010212021012102120102012021012010212012
012021020120212010201210212021020120212010210121
012101201021012021020121012021201021012021020120
012101201021012021020121021201021012010201202102
012101201021012021020121021201021012010201210212
012101201021012021020121021201021012021201020120
012101201021012021020121021201021012021201020121
012101201021012021201020121021201021012021020120
012101201021012021201210212010210120210201021202
012101201021012021201210212010210120210201210212
012101201021012102120102012021012102012021201020
012101201021012102120102012021020102101201020120
012101201021012102120102012021020102101201020121
012101201021012102120102012021020102101201021201
012101201021012102120102012021201210201202101201
012101201021012102120102012021201210212021020120
012101201021012102120102012101201021202102012102
012101201021012102120102012102120210120102012101
012101201021012102120102012102120210120102120121
012101201021012102120102012102120210201202101201
012101201021012102120121012010201202101201021201
012101201021012102120121012010201202101201021202
012101201021012102120121012010201210212021020120
012101201021012102120121012010210120210201021202
012101201021012102120121012010210120210201210212
012101201021012102120121012010210120212012102012
012101201021012102120121012010212021020120210120
012101201021012102120121012021020102101201020120
012101201021012102120121012021020102101201020121
012101201021012102120121012021020102101201021201
012101201021012102120121012021020120212012102012
012101201021012102120121012021020121021202101201
012101201021012102120121012021201020121012010212
012101201021012102120121012021201021012021020120
012101201021012102120121020102101201020120210120
012101201021012102120121020102101202120102101210
012101201021012102120121020102120210120102120121
012101201021012102120121020120210120102120121021
012101201021012102120121020120210120102120210121
012101201021012102120121020120210121020102101201
012101201021012102120121020120210121020102101202
012101201021012102120121020120210121020102120121
012101201021012102120121020120210121021202101201
012101201021012102120121020120210201021012010201
012101201021012102120121020120210201021012021020
012101201021012102120121020120212010201210120212
012101201021012102120121020120212012101201021201
012101201021202101201020120210121020120212010210
012101201021202101201020120210121021201210201202
012101201021202101201020120210201021012010212012
012101201021202101201020120210201021201210120212
012101201021202101201020120210201021201210201202
012101201021202101201020120210201210212010210121
012101201021202101201020120212012102010212012101
012101201021202101201020120212012102012021012010
012101201021202101201020121012021020102120210121
012101201021202101201020121012021020121021201021
012101201021202101201020121012021020121021202102
012101201021202101201020121012021201020120210120
012101201021202101201020121012021201020120210121
012101201021202101201020121012021201021012021020
012101201021202101201020121012021201210201021202
012101201021202101201020121012021201210201202102
012101201021202101201020121021201021012021020120
012101201021202101201020121021201021012021201020
012101201021202101201020121021201210120102101210
012101201021202101201020121021201210120102120121
012101201021202101201020121021202101210201021202
012101201021202101201020121021202101210201202102
012101201021202101201020121021202102010210120210
012101201021202101201020121021202102012021012010
012101201021202101201020121021202102012021201020
012101202120102012102120102101202120102012101201
012101202120102012102120102101202120102012101202
012101202120102101202102010210121021201210201202
012101202120102101202102010212012101202120102101
012101202120102101202102010212012102012021012010
012101202120102101202102010212012102012021201020
012101202120102101202102010212021012010212012101
012101202120102101202102010212021012102120102101
012101202120102101202102012021201210212010210121
012101202120102101202102012021201210212021012010
012101202120102101202102012021201210212021020120
012101202120102101202102012101201021201210120212
012101202120102101202102012101201021201210201202
012101202120102101202102012101201021202101201020
012101202120102101202102012101202120121020120212
012101202120102101202102012101202120121021201021
012101202120102101202102012102120102012021012010
012101202120102101202102012102120102012101202102
012101202120102101202102012102120102101201020120
012101202120102101202102012102120102101201020121
012101202120102101202102012102120121012010210120
012101202120102101202102012102120121012010212012
012101202120102101202102012102120121012021020120
012101202120121020102101202120102101210201021202
012101202120121020102101202120102101210201202102
012101202120121020102101202120102101210212012101
012101202120121020102101202120102101210212012102
012102010212021012010212012102010212021012102010
012102120102012102120210120102101210212012101201
012102120102012102120210120102101210212012101202
012102120102012102120210120102101210212012102012
012102120102012102120210121020102101202102012101
012102120102012102120210121020102101202102012102
012102120102012102120210121020102101202120102101
012102120102012102120210121020102120121020120212
012102120102012102120210121020102120210201210212
012102120102012102120210121020120210120102012101
012102120102012102120210121020120210120102120121
012102120102101210212021012010201202101210212012
012102120102101210212021012010201202102010212012
012102120102101210212021020120210120102120121021
012102120102101210212021020120210120102120210121
012102120102101210212021020120212012102120102101
012102120102101210212021020120212012102120210121
012102120102101210212021020121012021020102101201
012102120102101210212021020121012021020102120121
012102120102101210212021020121021201020120210120
012102120102101210212021020121021201021012021020
012102120102101210212021020121021201021012102010
012102120121020102101201021201210201202101201020
012102120121020120210120102120121020102101201021
012102120121020120210120102120121020102101202102
012102120121020120210120102120121020102120210121
012102120121020120210121020102120121020120210201
012102120121020120210121020102120121020120212012
012102120121020120212012101201021201210201202101
012102120121020120212012101201021201210201202102
0102012021012010212012102120210201202101201021201
0102012021012102012021201020121012010212012102010
0102012021012102012021201020121012010212012102012
0102012021012102012021201020121012010212021012010
0102012021012102012021201020121012021020121021202
0102012021012102012021201020121012021201210201202
0102012021012102012021201020121021201021012021020
0102012021012102012021201020121021201021012102010
0102012021012102012021201021012010201202102010210
0102012021012102012021201021012010201202102010212
0102012021012102012021201021012010201202102012102
0102012021012102012021201021012021020102120210121
0102012021012102012021201021012021020121021201021
0102012021012102012021201021012021020121021202102
0102012021012102012021201021012102010212012101201
0102012021012102012021201021012102010212012102012
0102012021012102012021201021012102010212021020121
0102012021012102012021201021012102120121012010210
0102012021012102012021201021012102120121012021020
0102012021012102012021201021012102120121020120212
0102012021012102012021201021012102120210201210212
0102012021012102012021201210120102101210212010210
0102012021012102012021201210120102101210212012102
0102012021012102012021201210120102120121020120212
0102012021012102012021201210201021012010201202102
0102012021012102012021201210201021012010212012101
0102012021012102012021201210212010210120212010201
0102012021012102012021201210212021012010201202102
0102012021012102012021201210212021012010212012101
0102012021012102012021201210212021012102010212012
0102012021012102012021201210212021020102101202102
0102012021012102012021201210212021020120212010210
0102012021012102012021201210212021020121012010210
0102012021020102101202120102012021012102120102101
0102012021020102101202120102012102120102101202102
0102012021020102101202120102101210201202101201020
0102012021020102101202120102101210201202120121021
0102012021020102101202120102101210212010201202102
0102012021020102101202120102101210212012101202102
0102012021020102101202120102101210212021020121021
0102012021020102101202120121012010210121021201021
0102012021020102101202120121020102120121012010210
0102012021020102101202120121020102120121012021020
0102012021020102101202120121021201021012021020120
0102012021020102101202120121021201021012021201020
0102012021020102101202120121021202102010210120210
0102012021020102101202120121021202102012021012010
0102012021020102101202120121021202102012021201020
0102012021020102120121012010210120210201021202101
0102012021020121012010210120210201210212010210121
0102012021020121021201020121012021020121021201210
0102012021020121021201020121012021020121021202102
0102012021020121021201021012021020120212010210121
0102012021020121021201021012021020120212012102012
0102012021020121021201021012021020121012010210120
0102012021020121021201021012021020121012010212012
0102012021020121021201021012021020121012021201020
0102012021020121021202102010210120210201210212010
0102012021020121021202102010210120210201210212012
0102012101202102012102120102012021012010212012101
0102012101202102012102120102012021020102101201021
0102012101202102012102120102012021020102101202102
0102012101202102012102120102012101201021012021020
0102012101202102012102120102012101201021202101201
0102012101202102012102120102012101202102010212012
0102012101202102012102120102012101202120121020120
0102012101202102012102120102012101202120121021201
0102012101202102012102120102101201020121021201210
0102012101202102012102120102101201020121021202102
0102012101202102012102120102101202102012021201020
0102012101202102012102120102101202102012101201020
0102012101202102012102120102101202102012101202120
0102012101202102012102120102101202120121020120212
0102012101202102012102120102101202120121021201021
0102012101202102012102120102101210201202101201020
0102012101202102012102120102101210212021020120210
0102012101202102012102120102101210212021020121021
0102012101202102012102120121012010210121020120212
0102012101202102012102120121012010210121021201021
0102012101202102012102120121012010212021012010201
0102012101202102012102120121012010212021020120210
0102012101202102012102120121012021020102101201020
0102012101202102012102120121012021020102101201021
0102012101202102012102120121012021201021012021020
0102012101202102012102120210120102012101202102010
0102012101202102012102120210120102120121020120212
0102012101202102012102120210121020102101202102010
0102012101202102012102120210121020102120121020120
0102012101202102012102120210201021012010201202102
0102012101202102012102120210201021012010212012101
0102012101202102012102120210201021012021020121021
0102012101202120102101202102012101202120102012101
0102101201021201210120102012021012010212012102010
0102101201021201210120102012021012010212012102012
0102101201021201210201021202101201021201210120212
0102101201021201210201021202101201021201210212021
0102101201021201210201202101201021202101210201202
0102101201021201210201202101201021202101210212010
0102101201021201210201202101201021202101210212012
0102101201021201210212021020120210120102120121021
0102101201021202101210201202101201021202102012102
0102101201021202102012021012010212012102010212021
0102101202102010210120102012021012102012021201020
0102101202102010210120102012021012102120121020120
0102101202102010210120102012021020102120121020120
0102101202102010210120102012021020121012010212012
0102101202102010210120102012021020121012021201020
0102101202102010210120102012021201210201202101201
0102101202102010210120102012021201210212021020120
0102101202102010210120102012101202120102101202102
0102101202102010210120102012101202120121020120212
0102101202102010210120102012102120102101202102010
0102101202102010210120102012102120102101210201202
0102101202102010210120102012102120121012010210120
0102101202102010210120102012102120121012010212012
0102101202102010210120102012102120210201202101201
0102101202102010210120102120121012010201202101201
0102101202102010210120102120121012010201202102012
0102101202102010210120102120121012021020121021202
0102101202102010210120102120121020102101202102010
0102101202102010210120102120121020102101210201202
0102101202102010210120102120121020120210121020102
0102101202102010210120102120210201202120121020120
0102101202102010210120102120210201202120121021201
0102101202102010210121020120210120102120121020120
0102101202102010210121021201020120210121020120212
0102101202102010210121021201020121012021020121021
0102101202102010210121021201020121021202101201020
0102101202102010210121021201020121021202102012102
0102101202102010210121021201021012010201202101201
0102101202102010210121021201021012010201202102012
0102101202102010210121021201021012021020121021202
0102101202102010210121021201021012021201020121021
0102101202102010210121021201021012021201210201202
0102101202102010210121021201210120102101202102010
0102101202102010210121021201210120102101210201202
0102101202102010212012101202120102012021012010210
0102101202102010212012101202120102012021012102010
0102101202102010212012101202120102012101201021201
0102101202102010212012101202120102012101201021202
0102101202102010212012101202120102012102120102101
0102101202102010212012101202120102101202102010210
0102101202102010212012101202120102101202102012102
0102101202102010212012101202120102101210201021202
0102101202102010212012101202120102101210212012101
0102101202102010212012101202120102101210212012102
0102101202102010212012102012021012010201210120212
0102101202102010212012102012021012010210121020120
0102101202102010212012102012021012010212012101201
0102101202102010212012102012021012010212012102120
0102101202102010212012102012021012010212021020120
0102101202102010212012102012021012102010210120210
0102101202102010212012102012021012102010210120212
0102101202102010212012102012021012102010212012101
0102101202102010212012102012021012102120102101201
0102101202102010212012102012021012102120121020120
0102101202102010212012102012021020102101201020120
0102101202102010212012102012021020102101201020121
0102101202102010212012102012021020102101201021201
0102101202102010212012102012021201020121012010212
0102101202102010212012102012021201021012021020120
0102101202102010212012102012021201210120102120121
0102101202102010212012102120210201202120102012101
0102101202102010212012102120210201202120102101201
0102101202102010212012102120210201202120121020120
0102101202102010212012102120210201202120121021201
0102101202102010212021012010201202102010212012101
0102101202102010212021012010201210120210201210212
0102101202102010212021012010201210120212012102010
0102101202102010212021012010201210120212012102012
0102101202102010212021012010212012101201020121020
0102101202102010212021012010212012102010210120210
0102101202102010212021012010212012102012021012010
0102101202102010212021012010212012102012021201020
0102101202102010212021012102010210120210201021202
0102101202102010212021012102010210120210201210212
0102101202102010212021012102010210120212010210121
0102101202102010212021012102010210120212012102012
0102101202102010212021012102012021012010212012101
0102101202102010212021012102120102012021012010210
0102101202102010212021012102120102012101201021201
0102101202102010212021012102120102012101201021202
0102101202102010212021012102120102012102120210121
0102101202102010212021012102120102101202102010210
0102101202102010212021012102120102101202102012102
0102101202102010212021012102120102101210201021202
0102101202102010212021012102120121012010210120210
0102101202102010212021012102120121012010210121020
0102101202102010212021012102120121012010210121021
0102101202102012021201020121012021020121021201021
0102101202102012021201020121012021020121021202102
0102101202102012021201020121021201021012021020120
0102101202102012021201020121021201021012021201020
0102101202102012021201020121021202101210201021202
0102101202102012021201021012010201210212010210121
0102101202102012021201021012021201210212010210121
0102101202102012021201021012102120121012010210120
0102101202102012021201021012102120121012010212012
0102101202102012021201021012102120121012021020120
0102101202102012021201021012102120121012021201020
0102101202102012021201021012102120121020120210120
0102101202102012021201021012102120121020120212012
0102101202102012021201210120102101210212012101201
0102101202102012021201210120102101210212012101202
0102101202102012021201210120102120121020120210120
0102101202102012021201210120102120121020120212012
0102101202102012021201210120210201210212010210121
0102101202102012021201210201021012010201202101201
0102101202102012021201210201021012010201202102012
0102101202102012021201210201021012010212012101201
0102101202102012021201210201021012010212012102012
0102101202102012021201210201021012102120102101201
0102101202102012021201210201021012102120102101202
0102101202102012021201210201021201210120102101210
0102101202102012021201210212010210120210201021202
0102101202102012021201210212010210120210201210212
0102101202102012021201210212010210120212012102012
0102101202102012021201210212010210121021202101202
0102101202102012021201210212021012010201202102010
0102101202102012021201210212021012010201202102012
0102101202102012021201210212021012010201210120212
0102101202102012021201210212021012010212012101201
0102101202102012021201210212021012010212012102012
0102101202102012021201210212021012102010210120210
0102101202102012021201210212021012102010210120212
0102101202102012021201210212021012102012021012010
0102101202102012021201210212021020121012010210120
0102101202102012021201210212021020121012021020102
0102101202102012101201021012021201210212010210121
0102101202102012101201021012102120121012010212012
0102101202102012101201021012102120121012021020120
0102101202102012101201021012102120121012021201020
0102101202102012101201021012102120121020120210120
0102101202102012101201021012102120121020120212012
0102101202102012101201021202101201020121021201021
0102101202102012101201021202101201020121021202102
0102101202102012101202120102012021012010212012101
0102101202102012101202120102012021012102120102101
0102101202102012101202120102012021020102101201021
0102101202102012101202120102012021020102101202102
0102101202102012101202120102012101201021202101201
0102101202102012101202120102012102120102101202102
0102101202102012101202120102101210201202101201020
0102101202102012101202120102101210212010201202102
0102101202102012101202120102101210212012101202102
0102101202102012101202120102101210212021020121021
0102101202102012101202120121020102101202102012101
0102101202102012101202120121020102101202102012102
0102101202102012101202120121020102120121012010210
0102101202102012101202120121020102120121012021020
0102101202102012101202120121020102120210201210212
0102101202102012101202120121020120210120102012101
0102101202102012101202120121020120210120102120121
0102101202102012101202120121020120210121021201021
0102101202102012101202120121021201021012021020120
0102101202102012101202120121021201021012021201020
0102101202102012101202120121021202102012021012010
0102101202102012101202120121021202102012021201020
0102101202102012101202120121021202102012101202101
0102101202102012102120102012021012010201210120212
0102101202102012102120102012021012010212012101201
0102101202102012102120102012021012010212012102012
0102101202102012102120102012021012102012021201020
0102101202102012102120102012021020102101201020120
0102101202102012102120102012021020102101201020121
0102101202102012102120102012021020102101201021201
0102101202102012102120102012021020121012010210120
0102101202102012102120102012021201021012021020120
0102101202102012102120102012021201210212010210121
0102101202102012102120102012101201021012021020120
0102101202102012102120102012101201021201210120212
0102101202102012102120102012101201021201210201202
0102101202102012102120102012101201021202101201020
0102101202102012102120102012101201021202102012102
0102101202102012102120102012101202102010210120210
0102101202102012102120102012101202102012021201020
0102101202102012102120102012101202120102101202102
0102101202102012102120102012101202120121020120212
0102101202102012102120102012101202120121021201021
0102101202102012102120102101201020120210201021202
0102101202102012102120102101201020120210201210212
0102101202102012102120102101201020120212012102012
0102101202102012102120102101201020121012021201020
0102101202102012102120102101202102010210121020121
0102101202102012102120102101202102010212012101201
0102101202102012102120102101202102010212012102012
0102101202102012102120102101202120102012021012010
0102101202102012102120102101202120121012010210120
0102101202102012102120102101202120121012010212012
0102101202102012102120102101202120121020120210120
0102101202102012102120102101202120121020120210121
0102101202102012102120102101210201021201210201202
0102101202102012102120102101210201021202102012101
0102101202102012102120102101210201021202102012102
0102101202102012102120102101210201202101201020120
0102101202102012102120102101210201202101201021201
0102101202102012102120102101210201202120102012101
0102101202102012102120102101210212021020120210120
0102101202102012102120121012010201202101201021201
0102101202102012102120121012010201202101201021202
0102101202102012102120121012010201210212010210121
0102101202102012102120121012010210120210201021202
0102101202102012102120121012010210120210201202120
0102101202102012102120121012010210120210201210212
0102101202102012102120121012010210121020120210120
0102101202102012102120121012010210121020120212012
0102101202102012102120121012010210121021202101202
0102101202102012102120121012010212021020120210120
0102101202102012102120121012021020102101201020120
0102101202102012102120121012021020102101201020121
0102101202102012102120121012021020102101201021201
0102101202102012102120121012021020120212010210121
0102101202102012102120121012021020120212012102012
0102101202102012102120121012021020121012010210120
0102101202102012102120121012021201021012021020120
0102101202102012102120210120102012101202102010210
0102101202102012102120210120102012101202102012102
0102101202102012102120210120102012101202120121020
0102101202102012102120210120102101210212012101201
0102101202102012102120210120102101210212012101202
0102101202102012102120210120102120121012021201020
0102101202102012102120210120102120121020120210120
0102101202102012102120210120102120121020120212012
0102101202102012102120210121020102101202102012101
0102101202102012102120210121020102101202102012102
0102101202102012102120210121020102101202120102101
0102101202102012102120210121020102120121020120212
0102101202102012102120210121020102120210201210212
0102101202102012102120210121020120210120102012101
0102101202102012102120210121020120210120102120121
0102101202102012102120210201021012010201202101201
0102101202102012102120210201021012010201202102012
0102101202102012102120210201021012010201210212012
0102101202102012102120210201021012010212012101201
0102101202102012102120210201021012010212012102012
0102101202102012102120210201021012021020120212010
0102101202102012102120210201021012021020120212012
0102101202102012102120210201021012102120102101201
0102101202102012102120210201021012102120102101202
0102101202102012102120210201021201210120102101210
0102101202120102012021012102120102012102120210121
0102101202120102012021012102120102101202102010210
0102101202120102012021012102120102101202102012102
0102101202120102012021012102120102101210201021202
0102101202120102012021020121021201020120212010210
0102101202120102012101202102012102120102012101201
0102101202120102012101202102012102120102012101202
0102101202120102012102120102101202102012101202120
0102101202120102012102120102101202102012102120121
0102101202120102012102120102101202120121020120212
0102101202120102012102120102101202120121021201021
0102101202120102012102120102101210201202101201020
0102101202120102012102120102101210212021020120210
0102101202120102012102120102101210212021020121021
0102101202120102012102120121012010210121021201021
0102101202120102101210201021201210201202101201020
0102101202120102101210201021202101210201202101201
0102101202120102101210201021202101210212010210121
0102101202120102101210201021202102012101201021201
0102101202120102101210201021202102012101202102010
0102101202120102101210201021202102012102120102101
0102101202120102101210201021202102012102120210121
0102101202120102101210201202102010210120102012101
0102101202120121012021020121021201210120102101210
0102101202120121012021020121021201210120102120121
0102101202120121012021020121021201210120212010210
0102101202120121020102120121012010210121020120212
0102101202120121020102120121012010210121021201021
0102101202120121020102120121012010212021012010201
0102101202120121020102120121012010212021020120210
0102101202120121020102120121012021020102101201020
0102101202120121020102120121012021020102101201021
0102101202120121020102120121012021020102120210121
0102101202120121020102120121012021020121021201021
0102101202120121020102120121012021020121021202102
0102101202120121020102120121012021201020120210120
0102101202120121020102120121012021201020120210121
0102101202120121020102120121012021201021012021020
0102101202120121020120210120102101210212012102012
0102101202120121020120210121021201210120102101210
0102101202120121020120210121021201210120102120121
0102101202120121021201020120210201210212010210121
0102101202120121021201020121012021020121021201021
0102101202120121021201020121012021020121021202102
0102101202120121021201021012021020120212010210121
0102101202120121021201021012021020120212012102012
0102101202120121021201021012021020121012010210120
0102101202120121021201021012021020121012010212012
0102101202120121021201021012021020121012021201020
0102101202120121021201021012021020121021201020120
0102101202120121021201021012021020121021201020121
0102101202120121021202102010210120210201210212012
0102101202120121021202102012021012010201210120212
0102101202120121021202102012021012010212012101201
0102101202120121021202102012021012010212012102012
0102101202120121021202102012021012102120102012101
0102101202120121021202102012021012102120102101201
0102101202120121021202102012021201020121012010212
0102101202120121021202102012021201021012021020120
0102101202120121021202102012021201210120102120121
0102101202120121021202102012101201020120210120102
0102101202120121021202102012101201021012021020120
0102101202120121021202102012101201021202101201020
0102101202120121021202102012101202102010210120210
0102101202120121021202102012101202102010212012101
0102101202120121021202102012101202120102101202102
0102101202120121021202102012101202120121021201020
0102101202120121021202102012101202120121021201021
0102101210201021201210201202101210201021202101201
0102120102012021020102101202120102012021020121021
0102120102012021201210201202101201020120212010212
0102120102012021201210201202101201020120212012102
0102120102012021201210201202101201021201210120212
0102120102012021201210201202101201021201210201202
0102120102012021201210201202101201021201210212021
0102120102012021201210201202101201021202102012102
0102120102012021201210201202101210201021012021020
0102120102012021201210201202101210212010210120210
0102120102012021201210201202101210212010210120212
0102120102012021201210201202102010210120102012101
0102120102012021201210201202102010210120102120121
0102120102012021201210212021020120210120102012101
0102120102012021201210212021020120210120102120121
0102120102012021201210212021020120210121021201021
0102120102012021201210212021020120212010210120210
0102120102012021201210212021020120212010210121021
0102120102012021201210212021020120212012101202101
0102120102012102120210201202120102012102120102101
0102120121012010210121020120212012101201021201210
0102120121012010212021020120212012101201021201210
0102120121012021201020120210120102101210212010210
0102120121012021201020120210120102101210212012102
0102120121012021201020120210120102120121020120212
0102120121012021201020120210120102120210121020120
0102120121012021201020120210120102120210201210212
0102120121012021201020120210121020102101201021201
0102120121012021201020120210121020102101202102010
0102120121012021201020120210121020102120121020120
0102120121012021201020120210121020120212010210121
0102120121012021201020120210121020120212012102012
0102120121012021201020120210121021201020121021202
0102120121012021201020120210121021201021012021020
0102120121012021201020120210121021201021012102010
0102120121012021201020120210201021012010201202102
0102120121012021201020120210201021012010201210212
0102120121012021201020120210201021012010212012101
0102120121012021201020120210201210212010210120210
0102120121012021201020121012010212012102010212021
0102120121012021201020121012010212021020121021202
0102120121012021201020121021201021012010201202102
0102120121012021201020121021201021012021020121021
0102120121012021201020121021201021012021201020120
0102120121012021201020121021201021012021201020121
0102120121012021201020121021202101210201202101201
0102120121012021201021012010201202102010210120210
0102120121012021201021012021020102101210212010210
0102120121012021201021012021020102101210212012102
0102120121012021201021012021020102120121020120212
0102120121012021201021012021020121012010210120210
0102120121012021201021012021020121012010212012101
0102120121012021201021012021020121012021201020120
0102120121012021201021012021020121012021201020121
0102120121012021201021012021020121021201020121012
0102120121012021201021012021020121021201021012010
0102120121012021201021012102010212021012010212012
0102120121012021201021012102010212021020121021202
0102120121012021201021012102120121012021020121021
0102120121020120210120102012021201210201202101210
0102120121020120210120102012021201210201202102010
0102120121020120212012101201020120210120102120121
0102120121020120212012101201021012021020121021202
0102120121020120212012101201021012102010212012101
0102120121020120212012101201021012102012021201020
0102120121020120212012101201021012102120121020120
0102120121020120212012101201021201210201021202101
0102120121020120212012101201021201210201021202102
0102120121020120212012101201021201210201202101201
0102120121020120212012101201021201210212021020120
0102120121020120212012101201021202101201020121021
0102120121020120212012101202102010210120102012101
0102120121020120212012101202102010210120102120121
0102120121021202101210201202120121021202101201020
0102120121021202102012021201210212010201202101201
0102120121021202102012021201210212010201210120212
0102120210120102120121012010201202101201021201210
0102120210120102120121012010201202101201021202101
0102120210120102120121020120210120102101210201202
0102120210120102120121020120210120102101210212012
0102120210120102120121020120210120102120210121020
0102120210120102120121020120210120102120210121021
0102120210121020102101202120102012021012102010210
0102120210121020102120121020120210121020102101201
0102120210121020102120121020120210121020102101202
0102120210121020120210120102012021201210201202101
0102120210121020120210120102012021201210201202102
0102120210121020120210120102012021201210212010210
0102120210121020120210120102012101202120121020120
0102120210121020120210120102012102120102101202102
0102120210121020120210120102012102120210121020120
0102120210121020120210120102101210201202120121021
0102120210121020120210120102101210212010201202102
0102120210121020120210120102101210212012101202102
0102120210121020120210120102120121012010201202102
0102120210121020120210120102120121020102101201021
0102120210121020120210120102120121020102101202102
0102120210121020120210120102120121020102120210121
0102120210121020120210120102120121020120210121020
0102120210121020120210120102120121020120210121021
0102120210121020120210120102120121021202101201020
0102120210121020120210120102120121021202102012102
0102120210121020120210120102120210121020102101201
0102120210121020120210120102120210121020102101202
0102120210121020120210120102120210121020102120121
0102120210121020120210120102120210201202120121021
0102120210121020120210120102120210201210212010210
0102120210121020120210201021012010201202102012101
0102120210121020120210201021012010201202102012102
0102120210121021201020120210121020102120121020120
0102120210121021201020120210121020120212010210121
0102120210121021201020120210121020120212012102012
0102120210121021201021012010201202101210212012101
0102120210121021201021012010201202101210212012102
0102120210201202101201020120212012102012021012010
0102120210201202101201021201210201202101210212012
0102120210201202101201021201210201202102010212012
0102120210201202101201021201210201202120102012101
0102120210201202101201021202101210201202101201020
0102120210201202101201021202101210201202101201021
0102120210201202101210201021201210201202101201020
0102120210201202101210212012102012021012010212012
0102120210201202120102101210212012102012021201020
0102120210201202120121012010212012102012021201020
0102120210201202120121020102101201021201210120212
0102120210201202120121020102101201021201210201202
0102120210201202120121020102101210212010210120210
0102120210201202120121020102101210212010210120212
0102120210201202120121020102120121012010210120210
0102120210201202120121020102120121012010210121020
0102120210201202120121020102120121012010210121021
0102120210201202120121020102120121012021020121021
0102120210201202120121020102120210120102120121021
0102120210201202120121021201020120210120102012101
0102120210201202120121021201020120210120102120121
0102120210201202120121021201020120210121020120212
0102120210201202120121021201020120210121021201021
0102120210201202120121021201020121012021020121021
0102120210201202120121021201021012010201202101201
0102120210201202120121021201021012010201202102012
0102120210201202120121021201021012021020121021202
0102120210201202120121021201021012021201020121021
0102120210201202120121021201021012021201210201202
0102120210201202120121021202101201021201210120212
0102120210201202120121021202101201021201210201202
0102120210201202120121021202101210201021012021020
0102120210201202120121021202101210201202101201020
0102120210201202120121021202102010210120102120121
0102120210201202120121021202102012101202102010210
0102120210201202120121021202102012101202102010212
0102120210201210120210201021012010201202102010210
0102120210201210120210201021012010201202102010212
0102120210201210120210201021012010201202102012102
0102120210201210120210201021012010201210212010210
0102120210201210120210201021012021201021012102010
0102120210201210120210201021012021201210212010210
0102120210201210120210201021012102120102101202102
0102120210201210120210201021012102120121012010210
0102120210201210120210201021201210120102101202102
0102120210201210120210201021201210120212010210121
0102120210201210120210201021201210201202101201020
0102120210201210120210201021201210212021020120210
0102120210201210120210201021201210212021020121021
0102120210201210120210201021202101210201202101201
0102120210201210120210201021202101210212010210121
0120102120121012010201202101201021012102120102101
0120102120121012010201202101201021012102120121012
0120102120121012010201202101201021201210201021202
0120102120121012010201202101201021201210201202102
0120102120121012010201202101201021202101210201202
0120102120121012010201202101201021202101210212010
0120102120121012010201202101201021202101210212012
0120102120121012010201202101210201021201210201202
0120102120121012010201202101210201202120102012101
0120102120121012010201202101210201202120102101201
0120102120121012010201202101210201202120121021201
0120102120121012010201202101210201202120121021202
0120102120121012010201202101210212010201210212021
0120102120121012010201202101210212012101201021201
0120102120121012010201202101210212012101201021202
0120102120121012010201202102010210120102120121021
0120102120121012010201202102010210120102120210121
0120102120121012010201202102010210120212010210121
0120102120121012010201210212010210120210201210212
0120102120121012010210120210201021012102120102101
0120102120121012010210120210201021201210201202102
0120102120121012010210120210201021202101210212010
0120102120121012010210120210201202120121021201021
0120102120121012010210120210201202120121021202101
0120102120121012010210120210201202120121021202102
0120102120121012010210120210201210120102120121021
0120102120121012010210120210201210120212010210121
0120102120121012010210120210201210120212012102010
0120102120121012010210120210201210120212012102012
0120102120121012010210120210201210212010210120210
0120102120121012010210120210201210212010210121021
0120102120121012010210120210201210212021012102010
0120102120121012010210120212010201210212010210121
0120102120121012010210120212012102010212012101201
0120102120121012010210120212012102010212012101202
0120102120121012010210120212012102120210201202120
0120102120121012010210120212012102120210201210212
0120102120121012010210121020102120121012021201020
0120102120121012010210121020102120121020120210120
0120102120121012010210121020102120121020120212012
0120102120121012010210121020102120210120102120121
0120102120121012010210121020102120210121021201020
0120102120121012010210121020102120210121021201021
0120102120121012010210121020102120210201210120212
0120102120121012010210121020102120210201210212012
0120102120121012010210121020120210120102120121021
0120102120121012010210121020120210120102120210121
0120102120121012010210121020120210201021012010201
0120102120121012010210121020120210201021012021020
0120102120121012010210121020120212010201210120212
0120102120121012010210121020120212012101201021201
0120102120121012010210121020120212012102120102101
0120102120121012010210121020120212012102120210121
0120102120121012010210121021201020120210201210212
0120102120121012010210121021201020121021202101201
0120102120121012010210121021201210120210201021202
0120102120121012010210121021201210120210201210212
0120102120121012010210121021201210201021012021020
0120102120121012010210121021201210201021202101201
0120102120121012010210121021201210201202101201020
0120102120121012010210121021202101201020120210120
0120102120121012010210121021202102012101202102010
0120102120121012010210121021202102012102120102101
0120102120121012021020102120210120102012021020102
0120102120121012021020102120210120102101210212012
0120102120121012021020102120210120102120121020120
0120102120121012021020102120210121020102101202102
0120102120121012021020102120210121021201020121021
0120102120121012021020120212012102120210201202101
0120102120121012021020120212012102120210201202120
0120102120121012021020120212012102120210201210212
0120102120121012021020121021201020121012010210120
0120102120121012021020121021201020121012010212012
0120102120121012021020121021201020121012021020120
0120102120121012021020121021201020121012021201020
0120102120121012021020121021201021012010201202102
0120102120121012021020121021201021012010201210212
0120102120121012021020121021201021012021020120212
0120102120121012021020121021201021012021201020120
0120102120121012021020121021201021012021201020121
0120102120121012021020121021201210120102101202102
0120102120121012021020121021201210120212010210121
0120102120121012021020121021202101210201202101201
0120102120121012021020121021202102010210120210201
0120102120121012021201020120210120102101210212012
0120102120121012021201020120210120102120121020120
0120102120121012021201020120210120102120210121020
0120102120121012021201020120210120102120210121021
0120102120121012021201020120210121020102101201021
0120102120121012021201020120210121020102101202102
0120102120121012021201020120210121020102120210121
0120102120121012021201020120210121020120212010210
0120102120121012021201020120210201021012010212012
0120102120121012021201020121012010210121021201021
0120102120121012021201020121012010212021012010201
0120102120121012021201020121012010212021012102010
0120102120121012021201020121012010212021020121021
0120102120121012021201020121012021020102120210121
0120102120121012021201020121012021020121021201021
0120102120121012021201020121012021020121021202102
0120102120121012021201020121021201021012021020120
0120102120121012021201020121021201021012021201020
0120102120121012021201020121021202101210201021202
0120102120121012021201021012021020102101210212012
0120102120121012021201021012021020120212012102012
0120102120121012021201021012021020121012010212012
0120102120121012021201021012021020121012021201020
0120102120121012021201021012102010212021020121021
0120102120121012021201021012102120121012021020120
0120102120121020102101201020120210121020102101201
0120102120121020102101201020120210121020102101202
0120102120121020102101201020120210121020120212010
0120102120121020102101201020120210121020120212012
0120102120121020102101201020120210201021012021020
0120102120121020102101201020120210201210212010210
0120102120121020102101201021202102012021012010210
0120102120121020102101202120102101210201202101201
0120102120121020102101202120102101210212012101201
0120102120121020102101202120102101210212012101202
0120102120121020102101202120102101210212012102012
0120102120121020102120210120102012021020102101201
0120102120121020102120210120102012021020102120121
0120102120121020102120210120102012021020121021202
0120102120121020102120210120102012021201210201202
0120102120121020102120210120102012101202120121020
0120102120121020102120210120102012102120102101201
0120102120121020102120210120102012102120210121020
0120102120121020102120210120102012102120210121021
0120102120121020102120210120102101210212012101201
0120102120121020102120210120102101210212012101202
0120102120121020102120210120102101210212012102012
0120102120121020102120210120102120121012021201020
0120102120121020102120210120102120121020120210120
0120102120121020102120210120102120121020120212012
0120102120121020102120210121020102101202102012101
0120102120121020102120210121020102101202102012102
0120102120121020102120210121020102101202120102101
0120102120121020102120210121020120210120102012101
0120102120121020102120210121020120210120102120121
0120102120121020102120210121021201020121012010210
0120102120121020102120210121021201020121012010212
0120102120121020102120210121021201020121021202101
0120102120121020102120210121021201020121021202102
0120102120121020102120210121021201021012021020120
0120102120121020102120210121021201021012021201020
0120102120121020102120210121021201210120102101210
0120102120121020102120210121021201210120102120121
0120102120121020102120210201202101201021202101210
0120102120121020102120210201202120102101210212012
0120102120121020102120210201202120121020102101201
0120102120121020102120210201202120121021202101201
0120102120121020102120210201210120102101210212012
0120102120121020102120210201210120102120121020120
0120102120121020102120210201210120212010201202101
0120102120121020102120210201210212010201202101201
0120102120121020102120210201210212010201210120212
0120102120121020102120210201210212012101201021201
0120102120121020120210120102012021201210201202101
0120102120121020120210120102012021201210201202102
0120102120121020120210120102012021201210212010210
0120102120121020120210120102012101202120121020120
0120102120121020120210120102012102120102101202102
0120102120121020120210120102012102120210121020120
0120102120121020120210120102101210201202102010210
0120102120121020120210120102101210201202102010212
0120102120121020120210120102101210201202120121021
0120102120121020120210120102101210212010201202102
0120102120121020120210120102101210212012101202102
0120102120121020120210120102120121012010201202102
0120102120121020120210120102120121021202101201020
0120102120121020120210120102120121021202102012102
0120102120121020120210120102120210121020102101202
0120102120121020120210120102120210121020120210120
0120102120121020120210120102120210121020120212012
0120102120121020120210120102120210201021012021020
0120102120121020120210120102120210201202120121021
0120102120121020120210120102120210201210212010210
0120102120121020120210121020102101201020120210120
0120102120121020120210121020102101202120102012101
0120102120121020120210121020102101202120102101210
0120102120121020120210121020102101202120121020120
0120102120121020120210121020102120121012010210120
0120102120121020120210121020102120121012010210121
0120102120121020120210121020102120121012021201020
0120102120121020120210121020102120121021202101201
0120102120121020120210121020102120210120102120121
0120102120121020120210121020102120210121021201020
0120102120121020120210121020102120210121021201021
0120102120121020120210121020102120210201202101201
0120102120121020120210121020102120210201210120212
0120102120121020120210121020102120210201210212012
0120102120121020120210121021201020121021202101201
0120102120121020120210121021201021012010201202102
0120102120121020120210121021201021012021020121021
0120102120121020120210121021201021012021201020120
0120102120121020120210121021201021012021201020121
0120102120121020120210121021201210120102101202102
0120102120121020120210121021202102012021012010210
0120102120121020120210201021012010201202102012101
0120102120121020120210201021012010201202102012102
0120102120121020120210201021012010201210212010210
0120102120121020120210201021012010212012102010210
0120102120121020120210201021012010212012102012021
0120102120121020120210201021012010212021020120210
0120102120121020120210201021012021201021012102010
0120102120121020120210201021012021201210212010210
0120102120121020120210201021012102012021012010210
0120102120121020120210201021012102120102101202102
0120102120121020120210201021201210120102101202102
0120102120121020120212010201210120102101210212012
0120102120121020120212010201210120102120121020120
0120102120121020120212010201210120102120210120102
0120102120121020120212010201210120102120210121021
0120102120121020120212010201210120210201210212012
0120102120121020120212010210120210201202120121021
0120102120121020120212010210120210201210120212010
0120102120121020120212010210120210201210120212012
0120102120121020120212010210120210201210212010210
0120102120121020120212010210121020102120121020120
0120102120121020120212012101201021012021020121021
0120102120121020120212012101201021012102120102101
0120102120121020120212012101201021012102120121012
0120102120121020120212012101201021201210201021201
0120102120121020120212012101201021201210201021202
0120102120121020120212012101201021202101201020120
0120102120121020120212012101201021202101201020121
0120102120121021202101201020120210121020120212010
0120102120121021202101201020120210121020120212012
0120102120121021202101201020120210201021012010201
0120102120121021202101201020120210201021012021020
0120102120121021202101201020120210201210212010210
0120102120121021202101201021201210201021012021020
0120102120121021202101201021201210201021202101201
0120102120121021202101201021201210201202101201020
0120102120121021202101210201021201210201202101201
0120102120121021202101210201202101201021202101210
0120102120121021202101210201202120121021202101201
0120102120121021202101210201202120121021202101202
0120102120121021202102010210120210201202120121021
0120102120121021202102010210120210201210120212010
0120102120121021202102010210120210201210120212012
0120102120121021202102010210120210201210212010210
0120102120121021202102012021012010201202120121021
0120102120121021202102012021012010210121021201021
0120102120121021202102012021012010212012101202102
0120102120121021202102012021012010212021012102010
0120102120121021202102012021012010212021020121021
0120102120121021202102012021012102010212012102012
0120102120121021202102012021012102120102012102120
0120102120121021202102012021012102120121012010210
0120102120121021202102012021201020121012010212012
0120102120121021202102012021201021012010201202102
0120102120121021202102012021201021012021020121021
0120102120121021202102012021201021012102120121012
0120102120121021202102012021201210120102120121020
0120102120121021202102012021201210120102120121021
0120102120121021202102012021201210212010210120210
0120102120121021202102012021201210212010210121021
0120102120121021202102012101201021012021020121021
0120102120121021202102012101201021012102120102101
0120102120121021202102012101201021012102120121012
0120102120121021202102012101201021202101201020120
0120102120121021202102012101201021202101201020121
0120102120121021202102012101202102010212012101201
0120102120121021202102012101202102010212012102012
0120102120121021202102012101202120102101202102010
0120102120210120102012101202102010212021012102010
0120102120210120102012101202102012102120102012101
0120102120210120102012101202102012102120102101201
0120102120210120102012101202120102012021012010210
0120102120210120102012101202120102012021012102010
0120102120210120102012101202120102012102120102101
0120102120210120102012101202120102101202102010210
0120102120210120102012101202120102101202102012102
0120102120210120102012101202120102101210201021202
0120102120210120102012101202120121020102101202102
0120102120210120102012101202120121020102120121012
0120102120210120102012101202120121020102120210121
0120102120210120102012101202120121021202102012102
0120102120210120102012102120121012010210121020120
0120102120210121020102101201020120210121020120212
0120102120210121020102120121020120210121020102101
0120102120210121020102120121020120210121020102120
0120102120210121020120210120102012021201210201202
0120102120210121020120210120102012101202120121020
0120102120210121020120210120102012102120102101201
0120102120210121020120210120102101210212012101201
0120102120210121020120210120102101210212012101202
0120102120210121020120210120102101210212012102012
0120102120210121020120210120102120121012021201020
0120102120210121020120210120102120121020102101201
0120102120210121020120210120102120121020120210201
0120102120210121020120210120102120121020120212012
0120102120210121020120210120102120121021202101201
0120102120210121020120210120102120210121021201020
0120102120210121020120210120102120210121021201021
0120102120210121020120210120102120210201202101201
0120102120210121020120210120102120210201210212012
0120102120210121020120210201021012010201202101201
0120102120210121020120210201021012010201202102012
0120102120210121021201020120210120102101210212012
0120102120210121021201020120210120102120121020120
0120102120210121021201020120210120102120210121020
0120102120210121021201020120210120102120210121021
0120102120210121021201020120210121020120212010210
0120102120210121021201021012010201202101210212012
0120102120210121021201210201202101210212010210121
0120102120210121021201210201202101210212021012010
0120102120210201021201210201202102010212021012010
0120102120210201202101201021201210201021012021020
0120102120210201202101201021201210201021202101201
0120102120210201202101201021201210201202102010210
0120102120210201202101201021201210201202102010212
0120102120210201202101210201021201210201202101201
0120102120210201202101210212012102012021012010210
0120102120210201202120121020102101201020120210120
0120102120210201202120121020102101202120102101210
0120102120210201202120121020102120121012010210120
0120102120210201202120121020102120121012010210121
0120102120210201202120121020102120121012021020120
0120102120210201202120121020102120121012021201020
0120102120210201202120121020102120210120102120121
0120102120210201202120121020102120210201202101201
0120102120210201202120121021201020120210121020120
0120102120210201202120121021201020121012021020120
0120102120210201202120121021201021012010201202102
0120102120210201202120121021201021012021020121021
0120102120210201202120121021201021012021201020120
0120102120210201202120121021201021012021201020121
0120102120210201202120121021202101201020120210120
0120102120210201202120121021202101210201202101201
0120102120210201202120121021202102010210120210201
0120102120210201202120121021202102012101202102010
0120102120210201210120210201021012010201202101201
0120102120210201210120210201021012010201202102012
0120102120210201210120210201021012010201210120212
0120102120210201210120210201021012010201210212012
0120102120210201210120210201021012010212012101201
0120102120210201210120210201021012010212012102012
0120102120210201210120210201021012102120102101201
0120102120210201210120210201021012102120102101202
0120102120210201210120210201021201210120102012101
0120102120210201210120210201021201210120102101210
0120102120210201210120210201021201210120212010210
0120102120210201210120210201021201210201202101201
0120102120210201210120210201021201210212021020120
0120102120210201210120210201021202101210212010210
0120102120210201210120212010210120210201210120212
0120102120210201210212010210120102012021020121021
0120210120102012021201210212021012010201202102010
0120210120102012021201210212021012010201202102012
0120210120102012102120210120102101210212012101201
0120210120102012102120210120102101210212012101202
0120210120102120210121020120210120102101210212012
0120210120102120210121020120210120102120121020120
0120210120102120210121020120210201021012010212012
0120210120102120210121021201020120210120102012101
0120210120102120210121021201020120210120102120121
0120210120102120210121021201020120210121020120212
0120210201202120102012102120210201202120102101201
0121012010210120210201021012102120102101202102010
0121012010210120210201202120121021201021012021020
0121012010210120210201210120212010210120210201202
0121012010210120210201210212010210120212012102012
0121012010210120210201210212010210121021202101202
0121012010210121021201020120210121020120212010210
0121012010210121021201020120210201021012010212012
0121012010210121021201020120210201021012021201020
0121012010210121021201020120210201210212010210121
0121012010210121021201020120212012102012021012010
0121012010210121021201020121012010212021020121021
0121012010210121021201020121012021020121021201021
0121012010210121021201020121012021020121021202102
0121012010210121021201020121021202101201020120212
0121012010210121021201020121021202101201020121012
0121012010210121021201020121021202101210201021202
0121012010210121021201020121021202102010210120210
0121012010210121021201020121021202102012021012010
0121012010210121021201020121021202102012021201020
0121012010210121021201210120102012021012010212012
0121012010210121021201210120102012021020102101201
0121012010210121021201210120102101202120102012101
0121012010210121021201210120102101202120121020120
0121012010210121021201210120102120210120102012101
0121012010210121021201210120102120210201202101201
0121012010210121021201210120210201021012010212012
0121012010210121021201210120210201202120121020120
0121012010210121021201210120210201202120121021201
0121012010210121021201210120210201210212010210121
0121012010210121021201210120210201210212021012010
0121012010210121021201210120212010201202101201020
0121012010210121021201210120212010201210212010210
0121012010210121021201210201021012010201202101201
0121012010210121021201210201021012010201202102012
0121012010210121021201210201202101201021202101210
0121012010210121021201210201202101210212010210121
0121012010210121021201210201202101210212021012010
0121012010210121021201210201202120102101202102010
0121012010210121021201210201202120121012010210120
0121012010210121021201210201202120121012010212012
0121012010212021012010201202101210201202120102101
0121012010212021012010201202101210201202120121021
0121012010212021012010201202102010210120102012101
0121012010212021012010201202102010210120102120121
0121012010212021012010201202102010210121021201021
0121012010212021012010201202102010212021012102010
0121012010212021012010201202102012102120102012101
0121012010212021012010201202102012102120102101201
0121012010212021012010201202120121020102120121012
0121012010212021012010201202120121021202102012102
0121012010212021012010201210120210201210212010210
0121012010212021012010201210120212010201202101201
0121012010212021012010201210120212012102010212012
0121012010212021012010201210212010210120212010201
0121012010212021012010201210212021020102101202102
0121012010212021012010201210212021020120212010210
0121012010212021012010201210212021020121012010210
0121012021020121021202102010210120210201210212010
0121012021020121021202102010210120210201210212012
0121012021201020121021201021012021201020120210120
0121012021201020121021201021012021201020120210121
0121012021201021012021020102101210201202120121021
0121012021201021012021020102101210212010210120210
0121012021201021012021020102101210212010210120212
0121012021201021012021020102120210120102120121021
0121012021201021012021020102120210121020102101202
0121012021201021012021020120212010201210212010210
0121012021201021012021020120212010210121021201021
0121012021201021012021020120212012101201021201210
0121012021201021012021020120212012102010212012101
0121012021201021012021020120212012102120102101201
0121012021201021012021020121012010210121021201021
0121012021201021012021020121012010212021012010201
0121012021201021012021020121012021201020120210120
0121012021201021012021020121012021201020120210121
0121012021201021012021020121012021201020121021202
0121012021201021012021020121012021201210201021202
0121012021201021012021020121012021201210201202102
0121012021201021012021020121012021201210212010210
0121012021201021012021020121021201020121012010210
0121012021201021012021020121021201020121012010212
0121012021201021012021020121021201020121012021020
0121012021201021012021020121021201021012021201020
0121012021201021012021020121021201021012021201021
0121012021201021012021020121021201210120102101210
0121012021201021012021020121021201210120102120121
0121012021201021012021020121021201210120210201202
0121012021201021012021020121021202101210201021202
0121012021201021012021020121021202102010210120210
0121012021201210201021012021201021012102120121012
0121020102120210120102120121020102120210121020120
0121020120210120102012021201210201202101201021201
0121020120210120102012021201210201202101201021202
0121021201020121021202101201021012102120121020120
0121021201020121021202101210201021012010201202102
0121021201020121021202101210201021012021020121021
0121021201020121021202101210201021012021201020120
0121021201020121021202101210201021012021201021012
0121021201020121021202101210201021201210201202102
0121021201021012021020102101210212010210120212010
0121021201021012021020102101210212010210120212012
0121021201021012021020120212012102120102101202102
0121021201021012102120210120102012021020102101201
0121021201021012102120210120102012021020102120121
0121021201021012102120210120102012021020121021202
0121021201021012102120210120102120121020120210120
0121021201021012102120210201021012021020121021202
0121021201021012102120210201202101201021202101210
0121021201021012102120210201202120102101210212010
0121021201021012102120210201202120102101210212012
0121021201021012102120210201202120121020102101201
0121021201021012102120210201202120121021202101201
0121021201021012102120210201210120102101210212010
0121021201021012102120210201210120102101210212012
0121021201021012102120210201210212010201202101201
0121021201021012102120210201210212010201210120212
0121021201021012102120210201210212012101201021201
0121021201210201021012010212012102012021012010210
0121021201210201021012010212012102012021012102010
0121021201210201202101201021201210201021012021020
0121021201210201202101201021201210201021202101201
0121021201210201202101210201021201210201202102010
01020120210120102120121021202102012021012010212012
01020120210121020120212010201210120102101210212012
01020120210121020120212010201210120102120121020120
01020120210121020120212010201210120102120210120102
01020120210121020120212010201210120102120210121021
01020120210121020120212010201210120210201210212012
01020120210121020120212010210120102012021020121021
01020120210121020120212010210120210201202120121021
01020120210121020120212010210120210201210120212010
01020120210121020120212010210120210201210120212012
01020120210121020120212010210120210201210212010210
01020120210121020120212010210121020102120121020120
01020120210121020120212010210121021201020121021202
01020120210121020120212010210121021201210201202102
01020120210121020120212010210121021202102012102120
01020120210121020120212012101201021012102120102101
01020120210121020120212012101201021012102120121012
01020120210121020120212012101201021201210201021202
01020120210121020120212012101201021201210201202102
01020120210121020120212012101201021202101201020120
01020120210121020120212012101201021202101201020121
01020120210121020120212012102010210120102120121021
01020120210121020120212012102010210120212010210121
01020120210121020120212012102010210121021201021012
01020120210121020120212012102010212012101201021201
01020120210121020120212012102010212012101202102010
01020120210121020120212012102010212021012010212012
01020120210121020120212012102120102101202102010210
01020120210121020120212012102120102101202102012102
01020120210121020120212012102120102101210201021202
01020120210121020120212012102120210120102120121021
01020120210121020120212012102120210121020102101202
01020120210121020120212012102120210121020102120121
01020120210121020120212012102120210201021012021020
01020120210121020120212012102120210201202101201020
01020120210121020120212012102120210201202120102101
01020120210201021012021201020121021201021012021020
01020120210201021012021201020121021201021012102010
01020120210201021012021201021012102010212021020121
01020120210201021012021201021012102012021012010210
01020120210201021012021201021012102012021201020120
01020120210201021012021201021012102012021201020121
01020120210201021012021201021012102120121012010210
01020120210201021012021201021012102120121012021020
01020120210201021012021201021012102120121020120212
01020120210201021012021201021012102120210201210212
01020120210201021012021201210120102101210212010210
01020120210201021012021201210120102101210212012102
01020120210201021012021201210120102120121020120212
01020120210201021012021201210212010210120212010201
01020120210201021012021201210212021012010201202102
01020120210201021012021201210212021020102101202102
01020120210201021012021201210212021020120212010210
01020120210201021012021201210212021020121012010210
01020120210201210120102101202102012102120102012101
01020120210201210120102101202102012102120102101201
01020120210201210212010201210120210201210212012101
01020120210201210212010210120210201202120102012101
01020120210201210212010210120210201202120102101201
01020120210201210212010210120210201202120121020120
01020120210201210212010210120210201202120121021201
01020120210201210212010210120210201210120102120121
01020120210201210212010210120210201210120212010210
01020120210201210212012101201021012021020121021202
01020121012021020121021201020120210120102120121021
01020121012021020121021201020120210120102120210121
01020121012021020121021201020120210121020120212010
01020121012021020121021201020120210121020120212012
01020121012021020121021201020120210201021012010201
01020121012021020121021201020120210201021012021020
01020121012021020121021201020120212012102120102101
01020121012021020121021201020121012010212012102010
01020121012021020121021201020121012010212012102012
01020121012021020121021201020121012010212021012010
01020121012021020121021201020121012021020102101201
01020121012021020121021201020121012021020102120121
01020121012021020121021201020121012021201210201202
01020121012021020121021201021012010201202102010210
01020121012021020121021201021012010201202102010212
01020121012021020121021201021012010201202102012102
01020121012021020121021201021012010201210212012101
01020121012021020121021201021012021020102120210121
01020121012021020121021201021012021020120212010210
01020121012021020121021201021012021020121012010210
01020121012021020121021201021012021201020120210120
01020121012021020121021201021012021201020120210121
01020121012021020121021201021012021201020121021202
01020121012021020121021201021012021201210201202102
01020121012021020121021201021012021201210212010210
01020121012021020121021201021012102010212021020121
01020121012021020121021201021012102012021012010210
01020121012021020121021201021012102120210201210212
01020121012021020121021201210120102012021012010210
01020121012021020121021201210120102012021012010212
01020121012021020121021201210120102101202102010210
01020121012021020121021201210120102101202102012102
01020121012021020121021201210120102101210201021202
01020121012021020121021201210120102101210201202102
01020121012021020121021201210120102101210212010210
01020121012021020121021201210120102101210212012102
01020121012021020121021201210120210201021012010201
01020121012021020121021202101201020121012021020120
01020121012021020121021202101201020121012021201020
01020121012021020121021202101201021201210201021202
01020121012021020121021202101201021201210201202102
01020121012021020121021202101210201021012021020120
01020121012021020121021202101210201021012021201020
01020121012021020121021202101210201021201210201202
01020121012021020121021202101210201021202102012101
01020121012021020121021202101210201021202102012102
01020121012021020121021202101210201202101201020120
01020121012021020121021202101210201202101201021201
01020121012021020121021202101210201202120102012101
01020121012021020121021202102010210120102120121021
01020121012021020121021202102010210120210201210212
01020121012021020121021202102010210120212010210121
01020121012021020121021202102010210121021201021012
01020121012021020121021202102010212012101201021201
01020121012021201021012021020121012021201020121021
01020121012021201210201021202102012101202120121020
01020121012021201210201021202102012101202120121021
01020121021201021012102120210201210212010210120210
01020121021201021012102120210201210212010210120212
01021012010212012101201020120210120102120121020120
01021012010212012102012021012010212021020120210120
01021012010212012102012021012010212021020121021202
01021012010212021012102012021012010212021020121021
01021012010212021020120210120102120121012021201020
01021012010212021020120210120102120121020120210120
01021012010212021020120210120102120121020120212012
01021012021020102101201020120210121020120212010210
01021012021020102101201020120210121021201210201202
01021012021020102101201020120210201021201210120212
01021012021020102101201020120210201021201210201202
01021012021020102101201020120210201210120102120121
01021012021020102101201020120210201210120212010210
01021012021020102101201020120210201210212010210121
01021012021020102101201020120212010210121021201021
01021012021020102101201020120212012102010212012101
01021012021020102101201020120212012102012021012010
01021012021020102101201020121012021020102120210121
01021012021020102101201020121012021020121021201021
01021012021020102101201020121012021020121021202102
01021012021020102101201020121012021201020120210120
01021012021020102101201020121012021201020120210121
01021012021020102101201020121012021201021012021020
01021012021020102101201020121012021201210201021202
01021012021020102101201020121012021201210201202102
01021012021020102101201020121021201021012021020120
01021012021020102101201020121021201021012021201020
01021012021020102101201020121021201210120102101210
01021012021020102101201020121021201210120102120121
01021012021020102101201020121021202101210201021202
01021012021020102101201020121021202102010210120210
01021012021020102101201020121021202102012021012010
01021012021020102101201020121021202102012021201020
01021012021020102101201021201210120102012021012010
01021012021020102101201021201210120210201210212012
01021012021020102101201021201210120212010201202101
01021012021020102101201021201210201021012021020120
01021012021020102101201021201210201021202101201020
01021012021020102101201021201210201021202102012101
01021012021020102101201021201210201021202102012102
01021012021020102101201021201210201202101201020120
01021012021020102101201021201210201202101201021201
01021012021020102101201021201210201202120102012101
01021012021020102101201021201210212021020120210120
01021012021020102101201021201210212021020120212010
01021012021020102101201021201210212021020120212012
01021012021020102101201021202101210201202101201020
01021012021020102101201021202102012021201210201202
01021012021020102101201021202102012021201210212021
01021012021020102101201021202102012101202102010210
01021012021020102101201021202102012101202102010212
01021012021020102101210201202101201021201210201202
01021012021020102101210212010201202101210201202120
01021012021020102101210212010201202102010210120210
01021012021020102101210212010201202102010210120212
01021012021020102101210212010201210120210201210212
01021012021020102101210212010201210212021012010210
01021012021020102101210212010201210212021012102010
01021012021020102101210212010201210212021020120210
01021012021020102101210212010201210212021020120212
01021012021020102101210212010210120102012021012010
01021012021020102101210212010210120102012021020102
01021012021020102101210212010210120210201210120212
01021012021020102101210212010210120210201210212012
01021012021020102101210212010210120212010201202101
01021012021020102101210212010210120212010201202102
01021012021020102101210212010210120212010201210212
01021012021020102101210212012101201021012021020120
01021012021020102101210212012101201021012021201020
01021012021020102101210212012101201021202101201020
01021012021020102120121012021201020120210121020120
01021012021020102120121012021201020121012010212012
01021012021020102120121012021201021012010201202102
01021012021020102120121012021201021012021020121021
01021012021020102120121012021201021012102120121012
01021012021020102120121020120210120102101210201202
01021012021020102120121020120210120102101210212012
01021012021020102120121020120210120102120121021202
01021012021020102120121020120210120102120210121020
01021012021020102120121020120210120102120210121021
01021012021020102120121020120210121020102101201021
01021012021020102120121020120210121020102101202102
01021012021020102120121020120210121020102120121021
01021012021020102120121020120210121020102120210121
01021012021020102120121020120210201021012010212012
01021012021020102120121020120210201021202101201020
01021012021020102120121020120212010201210212010210
01021012021020102120121020120212012101201021201210
01021012021020102120121021202102012021201210201202
01021012021020102120121021202102012021201210212010
01021012021020102120121021202102012021201210212021
01021012021020102120210120102012021020102120121021
01021012021020102120210120102012101202120121020120
01021012021020102120210120102120121012010201202102
01021012021020102120210120102120121020102101202102
01021012021020102120210120102120121020102120210121
01021012021020102120210120102120121021202102012102
01021012021020102120210121020102101201020120210120
01021012021020102120210121020102101202120102012101
01021012021020102120210121020102101202120102101210
01021012021020102120210121020102101202120121020120
01021012021020102120210121020102120121012021201020
01021012021020102120210121020102120121020120210120
01021012021020102120210121020102120121020120212012
01021012021020102120210121020120210120102120121021
01021012021020102120210121020120210120102120210121
01021012021020102120210121020120212010201210120212
01021012021020102120210121021201020121012010210120
01021012021020102120210121021201020121012010212012
01021012021020102120210121021201020121012021201020
01021012021020102120210121021201020121021202101201
01021012021020102120210121021201021012010201202102
01021012021020102120210121021201021012021020121021
01021012021020102120210121021201021012021201020120
01021012021020102120210121021201021012021201020121
01021012021020102120210121021201210120102101202102
01021012021020120212010201210120210201210212010210
01021012021020120212010201210212010210120212010201
01021012021020120212010201210212021020120212010210
01021012021020120212010201210212021020120212010212
01021012021020120212010210120102012102120102101201
01021012021020120212010210120212012102120102101201
01021012021020120212010210121021201020121021202101
01021012021020120212010210121021201020121021202102
01021012021020120212010210121021201210120102101210
01021012021020120212010210121021201210120102120121
01021012021020120212010210121021201210201202101201
01021012021020120212012101201021201210201021202101
01021012021020120212012101201021201210201021202102
01021012021020120212012101201021201210201202101201
01021012021020120212012101201021201210212021020120
01021012021020120212012101202102012102120102012101
01021012021020120212012101202102012102120102101201
01021012021020120212012102010210120102012021012010
01021012021020120212012102010210120102012021020102
01021012021020120212012102010210120102120121020120
01021012021020120212012102010210120212010210121020
01021012021020120212012102010210120212010210121021
01021012021020120212012102010212012101202102010210
01021012021020120212012102010212012101202102012102
01021012021020120212012102010212021012010212012101
01021012021020120212012102120102012021012102012021
01021012021020120212012102120102012021020102101201
01021012021020120212012102120102012101202102012102
01021012021020120212012102120102101201020120210120
01021012021020120212012102120102101202102010212012
01021012021020120212012102120102101202120102012101
01021012021020120212012102120102101202120121020120
01021012021020120212012102120102101210212021020120
01021012021020120212012102120210120102012021020102
01021012021020120212012102120210120102101210212012
01021012021020120212012102120210120102120121020120
01021012021020120212012102120210121020102101202102
01021012021020120212012102120210201021012021020120
01021012021020120212012102120210201021012021020121
01021012021020120212012102120210201202101201020120
01021012021020120212012102120210201202101201021201
01021012021020121012010210120212012102120102101201
01021012021020121012010210121021201020121012010210
01021012021020121012010210121021201020121012010212
01021012021020121012010210121021201020121021202101
01021012021020121012010210121021201020121021202102
01021012021020121012010210121021201210120102120121
01021012021020121012010210121021201210201202101201
01021012021020121012010212021012010201202102010210
01021012021020121012010212021012010201202102010212
01021012021020121012010212021012010201202102012102
01021012021020121012010212021012010201210212010210
01021012021020121012021201020120210120102120121021
01021012021020121012021201020120210120102120210121
01021012021020121012021201020120210121020102101201
01021012021020121012021201020120210121020102101202
01021012021020121012021201020120210121020120212010
01021012021020121012021201020120210121020120212012
01021012021020121012021201020120210201021012010201
01021012021020121012021201020120210201021012021020
01021012021020121012021201020121012010212012102010
01021012021020121012021201020121012010212012102012
01021012021020121012021201020121012010212021012010
01021012021020121012021201020121021201021012021020
01021012021020121012021201020121021201021012102010
01021012021020121012021201021012010201202102010210
01021012021020121012021201021012010201202102010212
01021012021020121012021201021012010201202102012102
01021012021020121012021201021012021020102120210121
01021012021020121012021201021012021020121021201021
01021012021020121012021201021012021020121021202102
01021012021020121012021201021012102010212021020121
01021012021020121012021201021012102012021012010210
01021012021020121012021201021012102012021201020120
01021012021020121012021201021012102012021201020121
01021012021020121012021201021012102120121012010210
01021012021020121012021201021012102120121012021020
01021012021020121012021201021012102120121020120212
01021012021020121012021201021012102120210201210212
01021012021020121012021201210201021012010201202102
01021012021020121012021201210201021012021020121021
01021012021020121012021201210201021202101210212010
01021012021020121012021201210201202101210201021202
01021012021020121012021201210201202101210212010210
01021012021020121012021201210201202102010210120210
01021012021020121012021201210212010210120212010201
01021012021020121012021201210212021012010201202102
01021012021020121012021201210212021020120212010210
01021012021020121012021201210212021020121012010210
01021012021020121021201020120210120102101210212012
01021012021020121021201020120210120102120121020120
01021012021020121021201020120210120102120210121020
01021012021020121021201020120210120102120210121021
01021012021020121021201020120210121020120212010210
01021012021020121021201020120210201021012010212012
01021012021020121021201020120212012102120102101201
01021012021020121021201020121012010210121021201021
01021012021020121021201020121012010212021012010201
01021012021020121021201020121012010212021012102010
01021012021020121021201020121012010212021020121021
01021012021020121021201020121012021020102101201020
01021012021020121021201020121012021020102101201021
01021012021020121021201020121012021020102120210121
01021012021020121021201020121012021020120212010210
01021012021020121021201020121012021201020120210120
01021012021020121021201020121012021201020120210121
01021012021020121021201020121012021201021012021020
01021012021020121021201020121012021201210201021202
01021012021020121021201020121012021201210201202102
01021012021020121021201020121012021201210212010210
01021012021020121021201021012010201202101210212012
01021012021020121021201021012010201202102010212012
01021012021020121021201021012010201202120121020120
01021012021020121021201021012010201210212012101201
01021012021020121021201021012010201210212012101202
01021012021020121021201021012010201210212021020120
01021012021020121021201021012021020102101210212012
01021012021020121021201021012021020102120121020120
01021012021020121021201021012021201020121012010212
01021012021020121021201021012021201020121021201021
01021012021020121021201021012021201020121021202102
01021012021020121021201021012021201210120102120121
01021012021020121021201021012021201210201202101201
01021012021020121021201021012021201210212021020120
01021012021020121021201021012102010212021020121021
01021012021020121021201021012102012021012010212012
01021012021020121021201021012102012021201020121021
01021012021020121021201021012102120210201202101201
01021012021020121021201021012102120210201210212010
01021012021020121021201021012102120210201210212012
01021012021020121021201210120102012021012010212012
01021012021020121021201210120102012102120102101201
01021012021020121021201210120102101202102012101201
01021012021020121021201210120102101202102012101202
01021012021020121021201210120102101202120121021201
01021012021020121021201210120102101210201202101201
01021012021020121021201210120102101210212012102010
01021012021020121021201210120102101210212012102012
01021012021020121021201210120102120210120102012101
01021012021020121021201210120102120210201202101201
01021012021020121021201210120210201021012010212012
01021012021020121021201210120210201202120102012101
01021012021020121021201210120210201202120102101201
01021012021020121021201210120210201202120121020120
01021012021020121021201210120210201202120121021201
01021012021020121021202101201020121012021020121021
01021012021020121021202101201021201210201021202101
01021012021020121021202101201021201210201021202102
01021012021020121021202101201021201210201202101201
01021012021020121021202101201021201210212021020120
01021012021020121021202101210201021012010201202102
01021012021020121021202101210201021012021020121021
01021012021020121021202101210201021012021201020120
01021012021020121021202101210201021012021201021012
01021012021020121021202101210201021201210201202102
01021012021020121021202102010210120102012021012010
01021012021020121021202102010210120102012021020102
01021012021020121021202102010210120102120121020120
01021012021020121021202102010210120210201210120210
01021012021020121021202102010210120210201210120212
01021012021020121021202102010210120212010210121020
01021012021020121021202102010210120212010210121021
01021012021201020120210120102101210212010201202102
01021012021201020120210121021201020121021202101201
01021012021201020120210121021201021012010201202102
01021012021201020120210121021201021012021020121021
01021012021201020120210121021201021012021201020120
01021012021201020120210121021201021012021201020121
01021012021201020120210201210212010201202101201020
01021012021201020120210201210212010201202120102101
01021012021201020121012010210121021201020121021202
01021012021201020121012021020121021201020121012010
01021012021201020121012021020121021201020121012021
01021012021201020121021201021012010201202102010210
01021012021201020121021201021012010201202102010212
01021012021201020121021201021012010201202102012102
01021012021201020121021201021012021020102120210121
01021012021201020121021201021012021020120212010210
01021012021201020121021201021012021020121012010210
01021012021201020121021201021012021020121021201210
01021012021201020121021201021012021020121021202102
01021012021201020121021201021012021201210201202102
01021012021201020121021201021012021201210212010210
01021012021201020121021201021012102010212021020121
01021012021201020121021201021012102012021012010210
01021012021201020121021201021012102120210201210212
01021012021201020121021201210120102101210212010210
01021012021201020121021201210120102101210212012102
01021012021201021012102010212012101202120102012101
01021012021201021012102010212012102012021012010210
01021012021201021012102010212012102012021012102010
01021012021201021012102010212021012010201210120212
01021012021201021012102010212021012010212012101201
01021012021201021012102010212021012010212012102012
01021012021201021012102010212021012102012021012010
01021012021201021012102010212021012102120102012101
01021012021201021012102010212021012102120102101201
01021012021201021012102010212021020120212012102012
01021012021201021012102010212021020121012010212012
01021012021201021012102010212021020121012021020102
01021012021201021012102010212021020121012021201020
01021012021201021012102012021020102101201020121021
01021012021201210120210201210212012101202120102101
01021012021201210201021201210120102012021012010210
01021012021201210201021201210120102012021012010212
01021012021201210201021201210120102101202102010210
01021012021201210201021201210120102101202102012102
01021012021201210201021201210120102101210201021202
01021012021201210201021201210120102101210201202102
01021012021201210201021201210120102101210212010210
01021012021201210201021201210120102101210212012102
01021012021201210201021201210120210201021012010201
01021012021201210201021201210120210201021012102010
01021012021201210201021201210120210201021202101201
01021012021201210201021201210120210201202120121021
01021012021201210201021201210120210201210212010210
01021012021201210201021201210120212010201202101201
01021012021201210201021202101201021201210201021202
01021012021201210201202101201021012102120121020120
01021012021201210212010201202102012102120102101201
01021012021201210212010201210120210201210212010210
01021012021201210212010210120210201202120102101201
01021012021201210212010210120210201202120121020120
01021012021201210212010210120210201202120121021201
01021012021201210212010210120210201210120102120121
01021012021201210212010210120210201210120212010210
01021012021201210212010210120210201210212012101201
01021012021201210212010210120210201210212012101202
01021012021201210212021020120210120102101210212012
01021012021201210212021020120210120102120121020120
01021012021201210212021020120210120102120210121020
01021012021201210212021020120210120102120210121021
01021012021201210212021020120210121020102120121021
01021012021201210212021020120210121021201020121021
01021012021201210212021020120212010201210212010210
01021012021201210212021020120212010210121021201021
01021012021201210212021020120212012101201021201210
01021012021201210212021020120212012102010212012101
01021012021201210212021020121012010210121021201021
01021012021201210212021020121012010212021012010201
01021012021201210212021020121012021020102101201020
01021012021201210212021020121012021020102101201021
01021012021201210212021020121012021020102120121021
01021012021201210212021020121012021020102120210121
01021012021201210212021020121012021201021012021020
01021012021201210212021020121012021201210212010210
01021012102010212012102012021012102010212021012010
01021012102010212012102012021012102010212021020120
01021012102010212012102012021012102010212021020121
01021201020120210201021012021201020120210201210212
01021201020120212012102012021012010201202120121021
01021201020120212012102012021012010210121020120212
01021201020120212012102012021012010210121021201021
01021201020120212012102012021012010212012102010210
01021201020120212012102012021012010212012102010212
01021201020120212012102012021012010212021012102010
01021201020120212012102012021012010212021020120210
01021201020120212012102012021012010212021020121021
01021201020120212012102012021012102010212012101201
01021201020120212012102012021012102010212012102012
01021201020120212012102012021012102010212021020121
01021201020120212012102012021012102120102101202102
01021201020120212012102012021012102120121012010210
01021201020120212012102012021020102101201020121021
01021201020120212012102012021020102101202120121021
01021201020120212012102012021020102120121012010210
01021201020120212012102120210201202101210201021202
01021201020120212012102120210201202101210212010210
01021201020120212012102120210201202120102101202102
01021201020120212012102120210201202120121012010210
01021201210120212010201202101201020121012021201020
01021201210120212010201202101201021012102120102101
01021201210120212010201202101201021012102120121012
01021201210120212010201202101201021201210201021202
01021201210120212010201202101201021201210201202102
01021201210120212010201202101201021202101210201202
01021201210120212010201202101201021202101210212010
01021201210120212010201202101201021202101210212012
01021201210120212010201202101210201021012010212012
01021201210120212010201202101210201021012021020120
01021201210120212010201202101210201021012021201020
01021201210120212010201202101210201021201210201202
01021201210120212010201202101210201021202102012101
01021201210120212010201202101210201021202102012102
01021201210120212010201202101210201202120102012101
01021201210120212010201202101210201202120102101201
01021201210120212010201202101210201202120121021201
01021201210120212010201202101210201202120121021202
01021201210120212010201202101210212010201210212021
01021201210120212010201202101210212012101201021201
01021201210120212010201202102010210120102120121021
01021201210120212010201202102010210120212010210121
01021201210120212010201202102012101202120102101201
01021201210120212010201202102012102120102101202102
01021201210120212010201210120102101210212012101201
01021201210120212010201210120102101210212012101202
01021201210120212010201210120102101210212012102012
01021201210120212010201210120102120121020120210120
01021201210120212010201210120102120121020120212012
01021201210120212010201210120102120210120102012101
01021201210120212010201210120102120210121021201020
01021201210120212010201210120102120210121021201021
01021201210120212010201210120102120210201210212012
01021201210120212010201210120210201210212010210121
01021201210120212010201210212010210120210201021202
01021201210120212010201210212010210120210201210212
01021201210120212010201210212010210120212010201202
01021201210120212010201210212010210120212010201210
01021201210120212010201210212010210120212012102012
01021201210120212010201210212010210121021202101202
01021201210120212010201210212021012102010210120210
01021201210120212010201210212021012102010210120212
01021201210120212010201210212021012102012021012010
01021201210120212010210120102012021020102101201021
01021201210120212010210120102012021020102101202102
01021201210120212010210120210201021012102120102101
01021201210120212010210120210201021201210201202102
01021201210120212010210120210201021202101210212010
01021201210120212010210120210201202120121021201021
01021201210120212010210120210201202120121021202101
01021201210120212010210120210201202120121021202102
01021201210120212010210120210201210120102101202102
01021201210120212010210120210201210120102120121021
01021201210120212010210120210201210120212012102010
01021201210120212010210120210201210120212012102012
01021201210120212010210120210201210212010201202102
01021201210120212010210120210201210212010210120102
01021201210120212010210120210201210212010210121021
01021201210120212010210120210201210212012101202102
01021201210120212010210120210201210212021012102010
01021201210120212010210121020102120121012021201020
01021201210120212010210121020102120121020120210120
01021201210120212010210121020102120121020120212012
01021201210120212010210121020102120210120102120121
01021201210120212010210121020102120210121021201020
01021201210120212010210121020102120210121021201021
01021201210120212010210121020102120210201210120212
01021201210120212010210121020102120210201210212012
01021201210120212010210121021201210120210201021202
01021201210120212010210121021201210120210201210212
01021201210201202101201020120212012102012021020102
01021201210201202120121012010210120210201210120212
01021201210201202120121012010210120210201210212012
01021201210201202120121012010210121021201210120212
01021201210201202120121012010210121021201210201202
01021201210201202120121012010212012102010210120210
01021201210201202120121012010212012102012021012010
01021201210201202120121012010212021012010201202102
01021201210201202120121012010212021012010201210212
01021201210201202120121012021020102101201020121021
01021201210201202120121012021020102101202120121021
01021201210212021012102012021201210212021012010210
01021201210212021020120212012102120102012021012010
01021201210212021020120212012102120102012101202102
01021201210212021020120212012102120102101202102010
01021202101201020121012021201020120210120102012101
01021202101201021201210201202101201020120212010212
01021202101201021201210201202101201021202102012102
01021202101201021201210212021020120210120102120121
01021202101210201021201210201202101210201021202101
01021202101210201021201210201202101210201021202102
01021202101210201202101201020120212012102120102101
01021202101210201202101201020121012021020121021202
01021202101210201202101201020121012021201210201202
01021202101210201202101201020121021201021012021020
01021202101210201202101201020121021201021012102010
01021202101210201202101201020121021202101210201202
01021202101210201202101201021012102120121012010210
01021202101210201202101201021012102120121012021020
01021202101210201202101201021012102120121020120212
01021202101210201202101201021201210201021012021020
01021202101210201202101201021201210201021202101201
01021202101210201202101201021201210201202102010210
01021202101210201202101201021201210201202102010212
01021202101210201202101201021201210212021012010210
01021202101210201202101201021201210212021020120210
01021202101210201202101201021201210212021020121021
01021202101210201202101201021202101210212010210121
01021202101210201202101201021202101210212012102012
01021202101210201202101201021202102012101202102010
01021202101210201202101201021202102012102120102101
01021202101210201202101201021202102012102120210121
01021202101210201202102010210120102012021020121021
01021202101210201202102010212021012010201210120212
01021202101210212010201202101210201021201210201202
01021202101210212010201202101210201202120102012101
01021202101210212010201202101210201202120102101201
01021202101210212010201202101210201202120121021201
01021202101210212010201202101210201202120121021202
01021202101210212010210120102012021012102120121012
01021202102012021012010210121021201210201202101201
01021202102012021012010212012102012021012102010210
01021202102012021012010212012102012021012102010212
01021202102012021012010212012102012021020102101201
01021202102012021012010212012102012021020102120121
01021202102012021012010212021012102012021012010210
01021202102012021012102010212012102012021012010210
01021202102012021012102120121020120210120102012101
01021202102012021012102120121020120210120102120121
01021202102012021201210201021012010201202102010210
01021202102012021201210201021012010201202102010212
01021202102012021201210201021012010201202102012102
01021202102012021201210201021012021201021012102010
01021202102012021201210201021012102120102101202102
01021202102012021201210201021012102120121012010210
01021202102012021201210201021201210120102101202102
01021202102012021201210201021201210120210201021202
01021202102012021201210201021201210120210201210212
01021202102012021201210201021202102012101201021201
01021202102012021201210212010201202101210201021202
01021202102012021201210212010201202101210201202120
01021202102012021201210212010201202101210212010210
01021202102012021201210212010201202102010210120210
01021202102012021201210212010201210120210201210212
01021202102012021201210212010210120102012021012010
01021202102012021201210212010210120102012021020102
01021202102012021201210212010210120210201210120212
01021202102012021201210212010210120210201210212012
01021202102012021201210212010210120212010201202101
01021202102012021201210212010210120212010201202102
01021202102012021201210212010210120212010201210212
01021202102012021201210212010210120212012101202102
01021202102012021201210212010210121020102120210121
01021202102012021201210212010210121021202102012102
01021202102012021201210212021012010201202102010210
01021202102012021201210212021012010201202102010212
01021202102012021201210212021012010201202102012102
01021202102012021201210212021012010210121021201021
01021202102012021201210212021012010212012101202102
01021202102012021201210212021012102010212021020121
01021202102012021201210212021012102012021012010210
01021202102012021201210212021020102101202102012101
01021202102012021201210212021020102101202102012102
01021202102012021201210212021020102120121012010210
01021202102012021201210212021020121012010210120210
01021202102012101202102010210120102012021020121021
01021202102012101202102010210120102012102120102101
01021202102012101202102010210120102012102120210121
01021202102012101202102010210120102120121020120212
01021202102012101202102010210120212010210121020120
01021202102012101202102010210120212012102120102101
01021202102012101202102010210121021201020121021202
01021202102012101202102010210121021201021012021020
01021202102012101202102010212012101201020120210120
01021202102012101202102010212012101201021012021020
01021202102012101202102010212012101201021012102010
01021202102012101202102010212012101202120102012101
01021202102012101202102010212012101202120102101201
01021202102012101202102010212012102012021012010210
01021202102012101202102010212012102012021012102010
01021202102012101202102010212012102120210201202120
01021202102012101202102010212012102120210201210212
01021202102012101202102010212021012010201210120212
01021202102012101202102010212021012010212012101201
01021202102012101202102010212021012010212012102012
01021202102012101202102010212021012102010210120210
01021202102012101202102010212021012102010210120212
01021202102012101202102010212021012102012021012010
01021202102012101202102010212021012102120102012101
01021202102012101202102010212021012102120102101201
01021202102012102120102101201020120210201210212012
01201021012021020121012021201021012021020120212010
01201021012021020121012021201021012021020120212012
01201021012102010212012101202120102101210201021202
01201021012102120210201210212010210121021202101202
01201021201210120102012021012010212012102010212021
01201021201210120102012021012010212021020121021202
01201021201210120102012021012102012021201210212021
01201021201210120102012021012102120121012010210120
01201021201210120102012021012102120121012010212012
01201021201210120102012021020102101201020121021202
01201021201210120102012021020102101202120102101210
01201021201210120102012021020102101202120121021201
01201021201210120102012021020102120121012010210120
01201021201210120102012021020102120121012010210121
01201021201210120102012021020121021201021012021020
01201021201210120102101202102010210121021201021012
01201021201210120102101202102010212021012010212012
01201021201210120102101202102012021201210212010210
01201021201210120102101202102012101201020121021202
01201021201210120102101202102012101202120102012101
01201021201210120102101202102012101202120102101201
01201021201210120102101202102012101202120121020120
01201021201210120102101202102012101202120121021201
01201021201210120102101202102012102120102012101201
01201021201210120102101202102012102120102012101202
01201021201210120102101202102012102120102101201020
01201021201210120102101202102012102120102101202102
01201021201210120102101202102012102120121012010210
01201021201210120102101202102012102120121012021020
01201021201210120102101202120102012102120102101201
01201021201210120102101202120121021201021012021020
01201021201210120102101210201021201210201202101201
01201021201210120102101210201021202101210212010210
01201021201210120102101210201021202102012101202102
01201021201210120102101210201202101201020121021202
01201021201210120102101210201202101201021202101210
01201021201210120102101210201202120102101202102010
01201021201210120102101210201202120121012010212012
01201021201210120102101210201202120121020102101201
01201021201210120102101210201202120121021202101201
01201021201210120102101210212010201210212021012010
01201021201210120102101210212010201210212021020120
01201021201210120102101210212012101202120102012101
01201021201210120102101210212012102010212021012010
01201021201210120102101210212012102010212021020120
01201021201210120102101210212012102010212021020121
01201021201210120102101210212012102012021012010210
01201021201210120102101210212012102012021012102010
01201021201210120102101210212021012010201202102010
01201021201210120102101210212021012010201202102012
01201021201210120102101210212021020120212012102012
01201021201210120102101210212021020121012021020102
01201021201210120210201021012021201210212021020120
01201021201210120210201021201210212021020120212010
01201021201210120210201021201210212021020120212012
01201021201210120210201021202101201021201210120212
01201021201210120210201021202101201021201210201202
01201021201210120210201021202101210201021012021020
01201021201210120210201021202101210201202101201020
01201021201210120210201021202101210212010201210212
01201021201210120210201021202101210212010210120210
01201021201210120210201021202101210212010210120212
01201021201210120210201202120121021202101201020120
01201021201210120210201202120121021202101201021201
01201021201210120210201202120121021202102010212010
01201021201210120210201210212010201202101201021201
01201021201210120210201210212010201202101201021202
01201021201210120210201210212010201210120102120121
01201021201210120210201210212010201210120210201202
01201021201210120210201210212010210120210201021202
01201021201210120210201210212010210120210201202120
01201021201210120210201210212010210120212012102012
01201021201210120210201210212010210121021202101202
01201021201210120210201210212012101201021012021020
01201021201210120210201210212012101201021012102010
01201021201210120210201210212012101202120102101201
01201021201210120210201210212021012010201210120212
01201021201210120210201210212021012010212012101201
01201021201210120210201210212021012010212012102012
01201021201210120210201210212021012102010210120210
01201021201210120210201210212021012102010210120212
01201021201210120210201210212021012102012021012010
01201021201210120210201210212021020102101201021201
01201021201210120212010201202101201021201210120212
01201021201210120212010201202101201021201210201202
01201021201210120212010201202101201021202102012102
01201021201210120212010201202101210201021012021020
01201021201210120212010201202101210201202120102101
01201021201210120212010201202101210201202120121021
01201021201210120212010201202101210212010210120210
01201021201210120212010201202101210212010210120212
01201021201210120212010201202102010210120102012101
01201021201210120212010201202102010210120102120121
01201021201210120212010201210120102101210212010210
01201021201210120212010201210120102101210212012102
01201021201210120212010201210120102120121020120212
01201021201210120212010201210120102120210201210212
01201021201210120212010201210120210201210212010210
01201021201210120212010201210212010210120212010201
01201021201210120212010210120102012021020102101201
01201021201210120212010210120210201202120121020120
01201021201210120212010210120210201202120121021201
01201021201210120212010210120210201210120102120121
01201021201210120212010210120210201210120212010201
01201021201210120212010210120210201210120212010210
01201021201210120212010210120210201210120212012101
01201021201210120212010210120210201210212010210121
01201021201210120212010210121020102120121020120212
01201021201210120212010210121020102120210201210212
01201021201210201021012010201202101210212012102012
01201021201210201021012010201202102010210121020121
01201021201210201021012010201202102010212012101201
01201021201210201021012010201202102010212012102012
01201021201210201021012010201202102012101201021201
01201021201210201021012010201202102012102120102101
01201021201210201021012010201202102012102120210121
01201021201210201021012010201202120121020120210120
01201021201210201021012021020121021201021012021020
01201021201210201021012021201021012102012021012010
01201021201210201021012021201021012102012021201020
01201021201210201021012021201021012102120121020120
01201021201210201021202101201020120210121020120212
01201021201210201021202101201020120210201210212012
01201021201210201021202101201020120212012102012021
01201021201210201021202101201020121012021020121021
01201021201210201021202101201021012102120121020120
01201021201210201021202101201021201210201202101201
01201021201210201021202101201021201210212021020120
01201021201210201021202101210201021012010201202102
01201021201210201021202101210201021012021020121021
01201021201210201021202101210201021012021201020120
01201021201210201021202101210201021012021201021012
01201021201210201021202101210212010201202101201020
01201021201210201021202101210212010210120212010201
01201021201210201021202102012021012010201210120212
01201021201210201021202102012021012010212012101201
01201021201210201021202102012021012010212012102012
01201021201210201021202102012021201210212010210121
01201021201210201021202102012021201210212021012010
01201021201210201021202102012021201210212021020120
01201021201210201021202102012101201021201210120212
01201021201210201021202102012101201021201210201202
01201021201210201021202102012101201021202101201020
01201021201210201021202102012101202102010210120210
01201021201210201021202102012101202102010212012101
01201021201210201021202102012101202120102101202102
01201021201210201021202102012101202120121020120212
01201021201210201021202102012101202120121021201021
01201021201210201021202102012102120102012021012010
01201021201210201021202102012102120102012101202102
01201021201210201021202102012102120102101202102010
01201021201210201021202102012102120121012010210120
01201021201210201021202102012102120121012010212012
01201021201210201202101201020120212012102012021012
01201021201210201202101201020120212012102012021020
01201021201210201202101201020120212012102120102101
01201021201210201202101201020121012021020121021202
01201021201210201202101201020121012021201210201202
01201021201210201202101201020121021201021012021020
01201021201210201202101201020121021201021012102010
01201021201210201202101201020121021202101210201202
01201021201210201202101201021012102010212021020121
01201021201210201202101201021012102120121012010210
01201021201210201202101201021012102120121012021020
01201021201210201202101201021012102120121020120212
01201021201210201202101201021201210212021012010210
01201021201210201202101201021201210212021012102010
01201021201210201202101201021201210212021020120210
01201021201210201202101201021201210212021020121021
01201021201210201202101201021202101210201202101201
01201021201210201202101201021202101210212010210121
01201021201210201202101201021202101210212012102012
01201021201210201202101201021202102010210120210201
01201021201210201202101201021202102012101202102010
01201021201210201202101201021202102012102120102101
01201021201210201202101201021202102012102120210121
01201021201210201202101210201021012010201202101201
01201021201210201202101210201021012010201202102012
01201021201210201202101210201021012010212012101201
01201021201210201202101210201021012010212012102012
01201021201210201202101210201021012021020121021202
01201021201210201202101210201021012021201210201202
01201021201210201202101210201021201210120102101210
01201021201210201202101210201021201210212021012010
01201021201210201202101210201021201210212021020120
01201021201210201202101210201021202101210212010210
01201021201210201202101210201021202102012021012010
01201021201210201202101210201021202102012101202102
01201021201210201202101210212010201210212021012010
01201021201210201202101210212010201210212021020120
01201021201210201202101210212010210120210201021202
01201021201210201202101210212010210120210201210212
01201021201210201202101210212010210120212012102012
01201021201210201202101210212012101201021012021020
01201021201210201202101210212012101201021012102010
01201021201210201202101210212021012010201210120212
01201021201210201202101210212021012010212012101201
01201021201210201202101210212021012010212012102012
01201021201210201202102010210120102012021020121021
01201021201210201202102010210120102012102120102101
01201021201210201202102010210120102012102120210121
01201021201210201202102010210120102120121020120212
01201021201210201202102010210120102120121021202101
01201021201210201202102010210120102120121021202102
01201021201210201202102010210120212010210121020120
01201021201210201202102010210120212012102120102101
01201021201210201202102010210121021201021012021020
01201021201210201202102010212012101201021012021020
01201021201210201202102010212012101201021012102010
01201021201210201202102010212021012010201210120212
01201021201210201202102010212021012010212012101201
01201021201210201202102010212021012010212012102012
01201021201210201202120102012101201021201210120212
01201021201210201202120102012101201021201210201202
01201021201210201202120102012101201021202101201020
01201021201210201202120102012101201021202102012102
01201021201210201202120102012101202120102101202102
01201021201210201202120102012101202120121020120212
01201021201210201202120102012102120102101202102010
01201021201210201202120102101201020120210201021202
01201021201210201202120102101202102010210121020121
01201021201210201202120102101202102012101201021201
01201021201210201202120102101202102012102120102101
01201021201210201202120102101202102012102120210121
01201021201210201202120102101210201021201210120212
01201021201210201202120102101210201021201210201202
01201021201210201202120102101210201021202102012101
01201021201210201202120102101210201021202102012102
01201021201210201202120121012010201202101201021201
01201021201210201202120121012010201202101201021202
01201021201210201202120121012010210120210201021202
01201021201210201202120121012010210120210201210212
01201021201210201202120121012010210121020120210120
01201021201210201202120121012010210121020120212012
01201021201210201202120121012010212012102010210121
01201021201210201202120121012010212012102010212021
01201021201210201202120121012010212012102120210121
01201021201210201202120121012010212021020120210120
01201021201210201202120121012021020102101201020120
01201021201210201202120121012021020102101201020121
01201021201210201202120121012021020102101201021201
01201021201210212021012010201202101210212012102012
01201021201210212021012010201202102010212012101201
01201021201210212021012010201202102010212012102012
01201021201210212021012010201202102012102120102101
01201021201210212021012010201202102012102120210121
01201021201210212021012010201202120121020120210120
01201021201210212021012010212012102010212021012010
01201021201210212021012010212012102010212021020120
01201021201210212021012010212012102010212021020121
01201021201210212021012010212012102012021012010210
01201021201210212021012010212012102012021012102010
01201021201210212021012102010212012102012021012010
01201021201210212021012102010212012102012021201020
01201021201210212021012102012021012010201210120212
01201021201210212021012102012021012010212012101201
01201021201210212021012102012021012010212012102012
01201021201210212021012102012021201020121012010212
01201021201210212021012102012021201210212021012010
01201021201210212021020102101201020120210201021202
01201021201210212021020102101202102012101201021201
01201021201210212021020102101202102012102120102101
01201021201210212021020102101202102012102120210121
01201021201210212021020120210120102101210212010210
01201021201210212021020120210120102101210212012102
01201021201210212021020120210120102120121012021020
01201021201210212021020120210120102120121020120212
01201021201210212021020120210120102120210121020120
01201021201210212021020120210120102120210201210212
01201021201210212021020120210121020102120121020120
01201021201210212021020120210121021201020121021202
01201021201210212021020120212010201210120102120121
01201021201210212021020120212010201210212010210121
01201021201210212021020120212010210120210201021202
01201021201210212021020120212010210120210201210212
01201021201210212021020120212012102010212012101201
01201021201210212021020120212012102010212012101202
01201021201210212021020120212012102120102012101201
01201021201210212021020120212012102120102012101202
01201021201210212021020120212012102120102101202102
01201021201210212021020121012010201202101201021201
01201021201210212021020121012010201202101201021202
01201021201210212021020121012010210120210201021202
01201021201210212021020121012010210120210201210212
01201021201210212021020121012021020102101201020120
01201021201210212021020121012021020102101201020121
01201021201210212021020121012021020102101201021201
01201021201210212021020121012021020102120121020120
01201021201210212021020121012021201021012021020120
01201021202101201020121012021020121021201020121012
01201021202101201020121012021201020120210121020120
01201021202101201020121012021201021012021020121021
01201021202101201020121012021201210201021012021020
01201021202101201020121012021201210201202101201020
01201021202101201020121012021201210212021020120210
01201021202101201020121012021201210212021020121021
01201021202101201020121021201210120102101210201202
01201021202101201020121021201210120102101210212012
01201021202101210201021012010201202101210201202120
01201021202101210201021012010201202101210212012102
01201021202101210201021201210201202101210201021202
01201021202101210201202101201020120212012102012021
01201021202101210201202101201020121012021020121021
01201021202101210201202101201021012102120121020120
01201021202101210201202101201021201210201021202101
01201021202101210201202101201021201210201021202102
01201021202101210201202101201021201210201202102010
01201021202101210201202101201021201210212021012010
01201021202101210201202101201021201210212021020120
01201021202101210201202101201021202101210212010210
01201021202101210201202101201021202101210212012102
01201021202101210201202102010210120102012021012010
01201021202101210201202102010210120102012021020102
01201021202101210201202102010210120102012021020121
01201021202101210212010201202101201021201210120212
01201021202101210212010201202101201021201210201202
01201021202101210212010201202101201021202102012102
01201021202101210212010201202101210201202120102101
01201021202101210212010201202101210201202120121021
01201021202101210212012102012021012102120102101201
01201021202102010212012102012021020102101201020120
01201021202102010212012102012021020102101201020121
01201021202102010212012102012021020102101201021201
01201021202102012021012010201202120121020120210120
01201021202102012021012010212012102010212021012010
01201021202102012021012010212012102010212021020120
01201021202102012021012010212012102010212021020121
01201021202102012021012010212012102012021012102010
01201021202102012021012010212012102012021012102012
01201021202102012021012102010212012102012021012010
01201021202102012021012102010212012102012021201020
01201021202102012021201021012102120121020120212012
01201021202102012021201210120102120121020120210120
01201021202102012021201210120102120121020120212012
01201021202102012021201210201021012010201202101201
01201021202102012021201210201021012010201202102012
01201021202102012021201210201021012010212012101201
01201021202102012021201210201021012010212012102012
01201021202102012021201210201021012102120102101201
01201021202102012021201210201021012102120102101202
01201021202102012021201210201021201210120102101210
01201021202102012021201210201021202102012021012010
01201021202102012021201210212010201202101201021201
01201021202102012021201210212010201202101201021202
01201021202102012021201210212010201202101210201202
01201021202102012021201210212010210120210201021202
01201021202102012021201210212010210120210201210212
01201021202102012021201210212010210120212012102012
01201021202102012021201210212010210121021202101202
01201021202102012021201210212021012010201202102010
01201021202102012021201210212021012010201202102012
01201021202102012021201210212021012010201210120212
01201021202102012021201210212021012010212012101201
01201021202102012021201210212021012010212012102012
01201021202102012021201210212021012102010210120210
01201021202102012021201210212021012102010210120212
01201021202102012021201210212021012102012021012010
01201021202102012021201210212021020102101201021201
01201021202102012021201210212021020121012010210120
01201021202102012021201210212021020121012021020102
01201021202102012101202102010210120102012021012010
01201021202102012101202102010210120102012021020102
01201021202102012101202102010210120102120121020120
01201021202102012101202102010210120212010210121020
01201021202102012101202102010210120212010210121021
01201021202102012101202102010212012101202120102101
01201021202102012101202102010212012102012021012010
01201021202102012101202102010212012102012021201020
01201021202102012101202102010212021012010212012101
01201021202102012101202102010212021012102120102101
01201021202102012102120102012021020102101201020120
01201021202102012102120102012021020102101201020121
01201021202102012102120102012021020102101201021201
01201021202102012102120102101201020120210201210212
01202101201020120212012102120210120102012021020102
01202101201021012102120210120102120121020120210120
01202101201021201210212021012010212021020120210120
01202101201021202101210201202101201020120212010212
01202101201021202101210201202101201021201210120212
01202101201021202101210201202101201021201210201202
01202101201021202101210201202102010210120102012101
01202101201021202101210201202102010210120102120121
01202101201021202101210212010201202101210201202120
01210120102101202102010210121021201021012021020120
01210120102101202102010210121021201021012021020121
01210120102101202102012101202120102101202102010210
01210120102101202102012101202120102101202102012021
01210120102101202102012102120102101201020120210120
01210120102101202102012102120102101201020121021202
01210120102101202102012102120102101202120102012101
01210120102101202102012102120102101202120121020120
01210120102101202102012102120102101202120121021201
01210120102101202102012102120102101210212021020120
01210120102101202120102012102120102101202102010210
01210120102101202120102012102120102101202102012102
01210120102101202120121021201021012021020121021202
01210120102101210201202120121021201021012102010212
01210120102101210212010201202101210201202120102101
01210120102101210212010201202101210201202120121021
01210120102101210212010201202102010210120102012101
01210120102101210212010201202102010210120102120121
01210120102101210212010201202102010210121021201021
01210120102101210212010201202102012102120102012101
01210120102101210212010201202102012102120102101201
01210120102101210212010201202120121021202102012102
01210120102101210212010201210120102120210201210212
01210120102101210212010201210120210201210212010210
01210120102101210212010201210212021012010201202102
01210120102101210212010201210212021012010212012101
01210120102101210212010201210212021020102101202102
01210120102101210212010201210212021020120212010210
01210120102101210212010201210212021020121012010210
01210120102101210212012101201020120210120102120121
01210120102101210212012101201020120210121020120212
01210120102101210212012101201020121021202102012102
01210120102101210212012101201021012021020121021202
01210120102101210212012101201021012021201020121021
01210120102101210212012101201021012021201210201202
01210120102101210212012101201021202101201020121021
01210120102101210212012101201021202102012021012010
01210120102101210212012101202102010210120102012101
01210120102101210212012101202102010210120102120121
01210120102101210212012101202102010210121021201021
01210120102101210212012101202102010212021012102010
01210120102101210212012101202102012021201210201202
01210120102101210212012101202102012021201210212021
01210120102101210212012101202102012102120102012101
01210120102101210212012101202102012102120102101201
01210120102101210212012101202120102012021012010210
01210120102101210212012101202120102012021012102010
01210120102101210212012101202120102012101201021201
01210120102101210212012101202120102012101201021202
01210120102101210212012101202120102012102120102101
01210120102101210212012101202120102101202102010210
01210120102101210212012101202120102101202102012102
01210120102101210212012101202120102101210201021202
01210120102101210212012102010210120102012021012010
01210120102101210212012102010210120102012021020102
01210120102101210212012102010210120212010210121020
01210120102101210212012102010210120212010210121021
01210120102101210212012102010212021012010212012101
01210120102101210212012102012021012010201210120212
01210120102101210212012102012021012010212012101201
01210120102101210212012102012021012010212012102012
01210120102101210212012102012021012102010210120210
01210120102101210212012102012021012102010210120212
01210120102101210212012102012021012102010212012101
01210120102101210212012102012021012102120102101201
01210120102101210212012102012021020102101201020120
01210120102101210212012102012021020102101201020121
01210120102101210212012102012021020102101201021201
01210120102101210212012102012021201020121012010212
01210120102101210212012102012021201021012021020120
01210120102101210212012102012021201210120102120121
01210120102120121020120210201021012010212012102012
01210120102120210120102012021012102120121012010210
01210120102120210120102012021012102120121020120212
01210120102120210120102012021020102101201020121021
01210120102120210120102012021020102101202120121021
01210120102120210120102012021020102101210212010210
01210120102120210120102012021020102120121012010210
01210120102120210120102012021020102120121020120212
01210120102120210120102012021020102120210121020120
01210120102120210120102012021020121021201020121012
01210120102120210120102012021201210201202101201020
01210120102120210120102012021201210212021020120210
01210120102120210120102012021201210212021020121021
01210120102120210120102012101202102012102120102101
01210120102120210120102012101202102012102120210121
01210120102120210120102012101202120102012021012010
01210120102120210120102012101202120102101202102010
01210120102120210120102012101202120121020102120121
01210120102120210120102012101202120121020120210120
01210120102120210120102012101202120121020120210121
01210120102120210120102012102120102101202102010210
01210120102120210120102012102120102101202102012102
01210120102120210120102012102120102101210201021202
01210120102120210120102012102120121012010210120210
01210120102120210120102012102120121012010210121020
01210120102120210120102012102120121012010210121021
01210120102120210120102012102120210121020102101202
01210120102120210120102012102120210121020120210120
01210120102120210120102012102120210121020120212012
01210120102120210120102012102120210201021012021020
01210120102120210120102012102120210201202101201020
01210120102120210120102012102120210201202120102101
01210120102120210120102012102120210201202120121021
01210120212010201210212010210120212010201202101201
01210120212010201210212010210120212010201202102012
01210120212010201210212010210120212010201210120212
01210120212010210120210201021012102120102101202102
01210120212010210120210201021012102120121012010210
01210120212010210120210201021012102120121020120212
01210120212010210120210201021201210120212010210121
01210120212010210120210201021201210201202101201020
01210120212010210120210201021202101210201202101201
01210120212010210120210201021202101210212010210121
01210120212010210120210201202120102012102120102101
01210120212010210120210201202120102101210212012101
01210120212010210120210201202120102101210212012102
01210120212010210120210201202120121020102101201021
01210120212010210120210201202120121020102120121012
01210120212010210120210201202120121021202101201020
01210120212010210120210201202120121021202102012102
01210120212010210120210201210120102101210212010210
01210120212010210120210201210120102101210212012102
01210120212010210120210201210120102120121020120212
01210120212010210120210201210120212010201202101201
01210120212010210120210201210120212010201202102012
01210120212010210120210201210120212010201210212012
01210120212010210120210201210120212012102010212012
01210120212010210120210201210120212012102120102101
01210120212010210120210201210212010201202101201020
01210120212010210120210201210212010201202102012102
01210120212010210120210201210212010210120102012101
01210120212010210120210201210212010210120212010201
01210120212010210120210201210212010210120212012101
01210120212010210120210201210212012101202102010210
01210120212010210120210201210212012101202102012021
01210120212010210120210201210212021012010212012101
01210120212010210120210201210212021020102101201021
01210120212010210120210201210212021020102101202102
01210120212012102010210120212010210121020120210120
01210120212012102010210120212010210121020120212012
01210201021202101201021201210201021202101210201202
01210201021202101201021201210201021202101210212010
01210201021202101201021201210201021202101210212012
01210201202101201020120212012102012021012010212012
01210212010201210212021012010210121021201210120212
01210212010201210212021012010210121021201210201202
01210212010201210212021012102010210120210201021202
01210212010201210212021012102010210120210201210212
01210212010201210212021012102010210120212010210121
01210212010201210212021012102010210120212012102012
01210212010201210212021012102010212021012010212012
01210212010201210212021012102010212021020121021202
01210212010201210212021012102012021012010212012101
01210212010210121021202101201020120210121020120212
01210212010210121021202101201020120210201210212012
01210212010210121021202101201021201210201202101201
01210212010210121021202102010210120210201210120212
01210212010210121021202102010210120210201210212012
01210212010210121021202102012021012010201210120212
01210212010210121021202102012021012010212012101201
01210212010210121021202102012021012010212012102012
01210212010210121021202102012021201020121021202102
01210212010210121021202102012021201210212010210121
01210212010210121021202102012021201210212021012010
01210212010210121021202102012101201021202101201020
01210212010210121021202102012101202102010210120210
01210212010210121021202102012101202102010212012101
01210212010210121021202102012101202120102101202102
01210212010210121021202102012102120102012021012010
01210212010210121021202102012102120102012101202102
01210212010210121021202102012102120102101202102010
01210212010210121021202102012102120121012010210120
01210212010210121021202102012102120121012010212012
01210212012102010210120102120121020120210121020102
01210212012102010212021012010212012102010210120210
01210212012102012021012010212012102010212021012010
01210212012102012021012010212012102010212021020120
01210212012102012021012010212012102010212021020121
01210212012102012021012102010212012102012021020102
01210212012102012021012102010212012102012021201020
01210212012102012021020102101201021201210201202102
01210212012102012021201210120102120121020120210120
01210212012102012021201210120102120121020120210121